alpha,xi,sigma,beta,primal_lr,dual_lr,lambda_max,dual_momentum,reset_lambda_per_outer,num_seeds,final_total_mean,final_total_std,final_upper_mean,final_upper_std,final_lower_mean,final_lower_std,final_max_constraint_mean,final_max_constraint_std,final_score_mean,final_score_std,tail_mean_total_mean,tail_mean_total_std,tail_mean_upper_mean,tail_mean_upper_std,tail_mean_lower_mean,tail_mean_lower_std,tail_mean_max_constraint_mean,tail_mean_max_constraint_std,tail_score_mean,tail_score_std,best_total_mean,best_total_std,best_upper_mean,best_upper_std,best_lower_mean,best_lower_std,best_max_constraint_mean,best_max_constraint_std,time_mean,time_std,method,status,error
0.001,0.1,0.1,0.1,0.01,0.0001,100.0,0.0,False,1,0.7339571118354797,0.0,0.0006267880671657622,0.0,0.7333303093910217,0.0,1.683445692062378,0.0,2.4174028038978577,0.0,0.7339571118354797,0.0,0.0006267880671657622,0.0,0.7333303093910217,0.0,1.683445692062378,0.0,2.4174028038978577,0.0,0.7339571118354797,0.0,0.0006267880671657622,0.0,0.3714917302131653,0.0,1.683445692062378,0.0,11.03070298396051,0.0,PD,ok,
0.001,0.01,0.1,0.1,0.01,0.0001,100.0,0.0,False,1,0.7340070605278015,0.0,0.0006293515325523913,0.0,0.7333776950836182,0.0,1.6836187839508057,0.0,2.417625844478607,0.0,0.7340070605278015,0.0,0.0006293515325523913,0.0,0.7333776950836182,0.0,1.6836187839508057,0.0,2.417625844478607,0.0,0.7340070605278015,0.0,0.0006293515325523913,0.0,0.3714917302131653,0.0,1.6836187839508057,0.0,10.876543937250972,0.0,PD,ok,
0.001,0.001,0.1,0.1,0.01,0.0001,100.0,0.0,False,1,0.7340124249458313,0.0,0.0006296057254076004,0.0,0.7333828210830688,0.0,1.6836355924606323,0.0,2.4176480174064636,0.0,0.7340124249458313,0.0,0.0006296057254076004,0.0,0.7333828210830688,0.0,1.6836355924606323,0.0,2.4176480174064636,0.0,0.7340124249458313,0.0,0.0006296057254076004,0.0,0.3714917302131653,0.0,1.6836355924606323,0.0,10.796554517000914,0.0,PD,ok,
0.001,0.0001,0.1,0.1,0.01,0.0001,100.0,0.0,False,1,0.7340130805969238,0.0,0.0006296386709436774,0.0,0.7333834171295166,0.0,1.6836371421813965,0.0,2.4176502227783203,0.0,0.7340130805969238,0.0,0.0006296386709436774,0.0,0.7333834171295166,0.0,1.6836371421813965,0.0,2.4176502227783203,0.0,0.7340130805969238,0.0,0.0006296386709436774,0.0,0.3714917302131653,0.0,1.6836371421813965,0.0,10.576787034980953,0.0,PD,ok,
0.001,0.1,0.1,0.01,0.01,0.0001,100.0,0.0,False,1,0.7340006232261658,0.0,0.0006305872811935842,0.0,0.7333700656890869,0.0,1.683591604232788,0.0,2.417592227458954,0.0,0.7340006232261658,0.0,0.0006305872811935842,0.0,0.7333700656890869,0.0,1.683591604232788,0.0,2.417592227458954,0.0,0.7340006232261658,0.0,0.0006305872811935842,0.0,0.3714917302131653,0.0,1.683591604232788,0.0,10.90983019117266,0.0,PD,ok,
0.001,0.1,0.1,0.001,0.01,0.0001,100.0,0.0,False,1,0.7340051531791687,0.0,0.0006309435702860355,0.0,0.7333742380142212,0.0,1.683605670928955,0.0,2.417610824108124,0.0,0.7340051531791687,0.0,0.0006309435702860355,0.0,0.7333742380142212,0.0,1.683605670928955,0.0,2.417610824108124,0.0,0.7340051531791687,0.0,0.0006309435702860355,0.0,0.3714917302131653,0.0,1.683605670928955,0.0,10.888814333826303,0.0,PD,ok,
0.001,0.01,0.1,0.01,0.01,0.0001,100.0,0.0,False,1,0.7340571880340576,0.0,0.0006331073236651719,0.0,0.7334240674972534,0.0,1.6837571859359741,0.0,2.4178143739700317,0.0,0.7340571880340576,0.0,0.0006331073236651719,0.0,0.7334240674972534,0.0,1.6837571859359741,0.0,2.4178143739700317,0.0,0.7340571880340576,0.0,0.0006331073236651719,0.0,0.3714917302131653,0.0,1.6837571859359741,0.0,10.965634329244494,0.0,PD,ok,
0.001,0.001,0.1,0.01,0.01,0.0001,100.0,0.0,False,1,0.7340633273124695,0.0,0.0006333623314276338,0.0,0.7334299683570862,0.0,1.6837732791900635,0.0,2.417836606502533,0.0,0.7340633273124695,0.0,0.0006333623314276338,0.0,0.7334299683570862,0.0,1.6837732791900635,0.0,2.417836606502533,0.0,0.7340633273124695,0.0,0.0006333623314276338,0.0,0.3714917302131653,0.0,1.6837732791900635,0.0,10.73450428340584,0.0,PD,ok,
0.001,0.0001,0.1,0.01,0.01,0.0001,100.0,0.0,False,1,0.7340640425682068,0.0,0.0006334012723527849,0.0,0.7334306240081787,0.0,1.6837750673294067,0.0,2.4178391098976135,0.0,0.7340640425682068,0.0,0.0006334012723527849,0.0,0.7334306240081787,0.0,1.6837750673294067,0.0,2.4178391098976135,0.0,0.7340640425682068,0.0,0.0006334012723527849,0.0,0.3714917302131653,0.0,1.6837750673294067,0.0,10.627598499879241,0.0,PD,ok,
0.001,0.01,0.1,0.001,0.01,0.0001,100.0,0.0,False,1,0.7340629696846008,0.0,0.0006334882928058505,0.0,0.733429491519928,0.0,1.6837708950042725,0.0,2.4178338646888733,0.0,0.7340629696846008,0.0,0.0006334882928058505,0.0,0.733429491519928,0.0,1.6837708950042725,0.0,2.4178338646888733,0.0,0.7340629696846008,0.0,0.0006334882928058505,0.0,0.3714917302131653,0.0,1.6837708950042725,0.0,10.870746194384992,0.0,PD,ok,
0.001,0.001,0.1,0.001,0.01,0.0001,100.0,0.0,False,1,0.7340689301490784,0.0,0.0006337313097901642,0.0,0.7334352135658264,0.0,1.6837866306304932,0.0,2.4178555607795715,0.0,0.7340689301490784,0.0,0.0006337313097901642,0.0,0.7334352135658264,0.0,1.6837866306304932,0.0,2.4178555607795715,0.0,0.7340689301490784,0.0,0.0006337313097901642,0.0,0.3714917302131653,0.0,1.6837866306304932,0.0,10.597229186445475,0.0,PD,ok,
0.001,0.0001,0.1,0.001,0.01,0.0001,100.0,0.0,False,1,0.7340694665908813,0.0,0.0006337585509754717,0.0,0.7334356904029846,0.0,1.6837881803512573,0.0,2.4178576469421387,0.0,0.7340694665908813,0.0,0.0006337585509754717,0.0,0.7334356904029846,0.0,1.6837881803512573,0.0,2.4178576469421387,0.0,0.7340694665908813,0.0,0.0006337585509754717,0.0,0.3714917302131653,0.0,1.6837881803512573,0.0,10.550023324787617,0.0,PD,ok,
0.001,0.1,0.01,0.1,0.01,0.0001,100.0,0.0,False,1,0.7341518402099609,0.0,0.000657208263874054,0.0,0.7334946393966675,0.0,1.6839125156402588,0.0,2.4180643558502197,0.0,0.7341518402099609,0.0,0.000657208263874054,0.0,0.7334946393966675,0.0,1.6839125156402588,0.0,2.4180643558502197,0.0,0.7341518402099609,0.0,0.000657208263874054,0.0,0.3714917302131653,0.0,1.6839125156402588,0.0,10.955879913643003,0.0,PD,ok,
0.001,0.1,0.001,0.1,0.01,0.0001,100.0,0.0,False,1,0.7341558337211609,0.0,0.00065792998066172,0.0,0.7334979176521301,0.0,1.6839195489883423,0.0,2.418075382709503,0.0,0.7341558337211609,0.0,0.00065792998066172,0.0,0.7334979176521301,0.0,1.6839195489883423,0.0,2.418075382709503,0.0,0.7341558337211609,0.0,0.00065792998066172,0.0,0.3714917302131653,0.0,1.6839195489883423,0.0,10.945353460498154,0.0,PD,ok,
0.001,0.01,0.01,0.1,0.01,0.0001,100.0,0.0,False,1,0.7342804670333862,0.0,0.0006655993056483567,0.0,0.7336148619651794,0.0,1.684157371520996,0.0,2.4184378385543823,0.0,0.7342804670333862,0.0,0.0006655993056483567,0.0,0.7336148619651794,0.0,1.684157371520996,0.0,2.4184378385543823,0.0,0.7342804670333862,0.0,0.0006655993056483567,0.0,0.3714917302131653,0.0,1.684157371520996,0.0,10.772891618311405,0.0,PD,ok,
0.001,0.001,0.01,0.1,0.01,0.0001,100.0,0.0,False,1,0.7342947721481323,0.0,0.0006664268439635634,0.0,0.7336283326148987,0.0,1.6841809749603271,0.0,2.4184757471084595,0.0,0.7342947721481323,0.0,0.0006664268439635634,0.0,0.7336283326148987,0.0,1.6841809749603271,0.0,2.4184757471084595,0.0,0.7342947721481323,0.0,0.0006664268439635634,0.0,0.3714917302131653,0.0,1.6841809749603271,0.0,10.697496986016631,0.0,PD,ok,
0.001,0.0001,0.01,0.1,0.01,0.0001,100.0,0.0,False,1,0.7342959642410278,0.0,0.0006665161345154047,0.0,0.7336294651031494,0.0,1.6841833591461182,0.0,2.418479323387146,0.0,0.7342959642410278,0.0,0.0006665161345154047,0.0,0.7336294651031494,0.0,1.6841833591461182,0.0,2.418479323387146,0.0,0.7342959642410278,0.0,0.0006665161345154047,0.0,0.3714917302131653,0.0,1.6841833591461182,0.0,10.640140128321946,0.0,PD,ok,
0.001,0.01,0.001,0.1,0.01,0.0001,100.0,0.0,False,1,0.7342913150787354,0.0,0.0006669597350992262,0.0,0.7336243391036987,0.0,1.6841734647750854,0.0,2.418464779853821,0.0,0.7342913150787354,0.0,0.0006669597350992262,0.0,0.7336243391036987,0.0,1.6841734647750854,0.0,2.418464779853821,0.0,0.7342913150787354,0.0,0.0006669597350992262,0.0,0.3714917302131653,0.0,1.6841734647750854,0.0,10.948717039078474,0.0,PD,ok,
0.001,0.001,0.001,0.1,0.01,0.0001,100.0,0.0,False,1,0.7343064546585083,0.0,0.0006678863428533077,0.0,0.7336385846138,0.0,1.684198260307312,0.0,2.4185047149658203,0.0,0.7343064546585083,0.0,0.0006678863428533077,0.0,0.7336385846138,0.0,1.684198260307312,0.0,2.4185047149658203,0.0,0.7343064546585083,0.0,0.0006678863428533077,0.0,0.3714917302131653,0.0,1.684198260307312,0.0,10.563691171817482,0.0,PD,ok,
0.001,0.0001,0.001,0.1,0.01,0.0001,100.0,0.0,False,1,0.7343077659606934,0.0,0.000667972955852747,0.0,0.7336397767066956,0.0,1.6842005252838135,0.0,2.418508291244507,0.0,0.7343077659606934,0.0,0.000667972955852747,0.0,0.7336397767066956,0.0,1.6842005252838135,0.0,2.418508291244507,0.0,0.7343077659606934,0.0,0.000667972955852747,0.0,0.3714917302131653,0.0,1.6842005252838135,0.0,10.591189870610833,0.0,PD,ok,
0.001,0.1,0.01,0.01,0.01,0.0001,100.0,0.0,False,1,0.7342882752418518,0.0,0.0006688451976515353,0.0,0.7336194515228271,0.0,1.6841635704040527,0.0,2.4184518456459045,0.0,0.7342882752418518,0.0,0.0006688451976515353,0.0,0.7336194515228271,0.0,1.6841635704040527,0.0,2.4184518456459045,0.0,0.7342882752418518,0.0,0.0006688451976515353,0.0,0.3714917302131653,0.0,1.6841635704040527,0.0,10.933112834580243,0.0,PD,ok,
0.001,0.1,0.01,0.001,0.01,0.0001,100.0,0.0,False,1,0.7343035340309143,0.0,0.0006700141821056604,0.0,0.7336335182189941,0.0,1.6841877698898315,0.0,2.418491303920746,0.0,0.7343035340309143,0.0,0.0006700141821056604,0.0,0.7336335182189941,0.0,1.6841877698898315,0.0,2.418491303920746,0.0,0.7343035340309143,0.0,0.0006700141821056604,0.0,0.3714917302131653,0.0,1.6841877698898315,0.0,10.662551671266556,0.0,PD,ok,
0.001,0.1,0.001,0.01,0.01,0.0001,100.0,0.0,False,1,0.7343016862869263,0.0,0.0006704769330099225,0.0,0.7336311936378479,0.0,1.6841835975646973,0.0,2.4184852838516235,0.0,0.7343016862869263,0.0,0.0006704769330099225,0.0,0.7336311936378479,0.0,1.6841835975646973,0.0,2.4184852838516235,0.0,0.7343016862869263,0.0,0.0006704769330099225,0.0,0.3714917302131653,0.0,1.6841835975646973,0.0,10.9297757120803,0.0,PD,ok,
0.001,0.1,0.001,0.001,0.01,0.0001,100.0,0.0,False,1,0.7343181371688843,0.0,0.0006717584910802543,0.0,0.7336463928222656,0.0,1.6842092275619507,0.0,2.418527364730835,0.0,0.7343181371688843,0.0,0.0006717584910802543,0.0,0.7336463928222656,0.0,1.6842092275619507,0.0,2.418527364730835,0.0,0.7343181371688843,0.0,0.0006717584910802543,0.0,0.3714917302131653,0.0,1.6842092275619507,0.0,10.915910271927714,0.0,PD,ok,
0.001,0.01,0.01,0.01,0.01,0.0001,100.0,0.0,False,1,0.7344403266906738,0.0,0.0006773966597393155,0.0,0.7337629199028015,0.0,1.6843929290771484,0.0,2.4188332557678223,0.0,0.7344403266906738,0.0,0.0006773966597393155,0.0,0.7337629199028015,0.0,1.6843929290771484,0.0,2.4188332557678223,0.0,0.7344403266906738,0.0,0.0006773966597393155,0.0,0.3714917302131653,0.0,1.6843929290771484,0.0,10.791803540661931,0.0,PD,ok,
0.001,0.001,0.01,0.01,0.01,0.0001,100.0,0.0,False,1,0.734456479549408,0.0,0.0006782562122680247,0.0,0.7337782382965088,0.0,1.6844151020050049,0.0,2.418871581554413,0.0,0.734456479549408,0.0,0.0006782562122680247,0.0,0.7337782382965088,0.0,1.6844151020050049,0.0,2.418871581554413,0.0,0.734456479549408,0.0,0.0006782562122680247,0.0,0.3714917302131653,0.0,1.6844151020050049,0.0,10.751377721317112,0.0,PD,ok,
0.001,0.0001,0.01,0.01,0.01,0.0001,100.0,0.0,False,1,0.7344584465026855,0.0,0.0006783463759347796,0.0,0.7337800860404968,0.0,1.684417486190796,0.0,2.4188759326934814,0.0,0.7344584465026855,0.0,0.0006783463759347796,0.0,0.7337800860404968,0.0,1.684417486190796,0.0,2.4188759326934814,0.0,0.7344584465026855,0.0,0.0006783463759347796,0.0,0.3714917302131653,0.0,1.684417486190796,0.0,10.573758017271757,0.0,PD,ok,
0.001,0.01,0.01,0.001,0.01,0.0001,100.0,0.0,False,1,0.7344576716423035,0.0,0.0006785918958485126,0.0,0.7337790727615356,0.0,1.684415578842163,0.0,2.4188732504844666,0.0,0.7344576716423035,0.0,0.0006785918958485126,0.0,0.7337790727615356,0.0,1.684415578842163,0.0,2.4188732504844666,0.0,0.7344576716423035,0.0,0.0006785918958485126,0.0,0.3714917302131653,0.0,1.684415578842163,0.0,10.963717981241643,0.0,PD,ok,
0.001,0.001,0.01,0.001,0.01,0.0001,100.0,0.0,False,1,0.7344743609428406,0.0,0.0006794583750888705,0.0,0.7337949275970459,0.0,1.684437870979309,0.0,2.4189122319221497,0.0,0.7344743609428406,0.0,0.0006794583750888705,0.0,0.7337949275970459,0.0,1.684437870979309,0.0,2.4189122319221497,0.0,0.7344743609428406,0.0,0.0006794583750888705,0.0,0.3714917302131653,0.0,1.684437870979309,0.0,10.634239541366696,0.0,PD,ok,
0.001,0.0001,0.01,0.001,0.01,0.0001,100.0,0.0,False,1,0.7344760894775391,0.0,0.0006795547087676823,0.0,0.7337965369224548,0.0,1.6844401359558105,0.0,2.4189162254333496,0.0,0.7344760894775391,0.0,0.0006795547087676823,0.0,0.7337965369224548,0.0,1.6844401359558105,0.0,2.4189162254333496,0.0,0.7344760894775391,0.0,0.0006795547087676823,0.0,0.3714917302131653,0.0,1.6844401359558105,0.0,10.61515629477799,0.0,PD,ok,
0.001,0.01,0.001,0.01,0.01,0.0001,100.0,0.0,False,1,0.7344634532928467,0.0,0.0006797629757784307,0.0,0.7337836623191833,0.0,1.6844217777252197,0.0,2.4188852310180664,0.0,0.7344634532928467,0.0,0.0006797629757784307,0.0,0.7337836623191833,0.0,1.6844217777252197,0.0,2.4188852310180664,0.0,0.7344634532928467,0.0,0.0006797629757784307,0.0,0.3714917302131653,0.0,1.6844217777252197,0.0,10.796239545568824,0.0,PD,ok,
0.001,0.001,0.001,0.01,0.01,0.0001,100.0,0.0,False,1,0.7344806790351868,0.0,0.0006806799792684615,0.0,0.7337999939918518,0.0,1.6844444274902344,0.0,2.418925106525421,0.0,0.7344806790351868,0.0,0.0006806799792684615,0.0,0.7337999939918518,0.0,1.6844444274902344,0.0,2.418925106525421,0.0,0.7344806790351868,0.0,0.0006806799792684615,0.0,0.3714917302131653,0.0,1.6844444274902344,0.0,10.623297732323408,0.0,PD,ok,
0.001,0.0001,0.001,0.01,0.01,0.0001,100.0,0.0,False,1,0.7344827651977539,0.0,0.0006807890022173524,0.0,0.7338019609451294,0.0,1.684446930885315,0.0,2.418929696083069,0.0,0.7344827651977539,0.0,0.0006807890022173524,0.0,0.7338019609451294,0.0,1.684446930885315,0.0,2.418929696083069,0.0,0.7344827651977539,0.0,0.0006807890022173524,0.0,0.3714917302131653,0.0,1.684446930885315,0.0,10.624971670098603,0.0,PD,ok,
0.001,0.01,0.001,0.001,0.01,0.0001,100.0,0.0,False,1,0.7344821691513062,0.0,0.0006810501217842102,0.0,0.7338011264801025,0.0,1.6844456195831299,0.0,2.418927788734436,0.0,0.7344821691513062,0.0,0.0006810501217842102,0.0,0.7338011264801025,0.0,1.6844456195831299,0.0,2.418927788734436,0.0,0.7344821691513062,0.0,0.0006810501217842102,0.0,0.3714917302131653,0.0,1.6844456195831299,0.0,10.74449339415878,0.0,PD,ok,
0.001,0.001,0.001,0.001,0.01,0.0001,100.0,0.0,False,1,0.7345001101493835,0.0,0.0006819994887337089,0.0,0.7338181138038635,0.0,1.6844685077667236,0.0,2.418968617916107,0.0,0.7345001101493835,0.0,0.0006819994887337089,0.0,0.7338181138038635,0.0,1.6844685077667236,0.0,2.418968617916107,0.0,0.7345001101493835,0.0,0.0006819994887337089,0.0,0.3714917302131653,0.0,1.6844685077667236,0.0,10.511255773715675,0.0,PD,ok,
0.001,0.0001,0.001,0.001,0.01,0.0001,100.0,0.0,False,1,0.7345017790794373,0.0,0.0006820835405960679,0.0,0.7338197231292725,0.0,1.6844706535339355,0.0,2.418972432613373,0.0,0.7345017790794373,0.0,0.0006820835405960679,0.0,0.7338197231292725,0.0,1.6844706535339355,0.0,2.418972432613373,0.0,0.7345017790794373,0.0,0.0006820835405960679,0.0,0.3714917302131653,0.0,1.6844706535339355,0.0,10.54075826331973,0.0,PD,ok,
0.001,0.1,0.001,0.001,0.001,0.001,100.0,0.0,False,1,0.4847189486026764,0.0,0.0041727060452103615,0.0,0.480546236038208,0.0,1.7817307710647583,0.0,2.2664497196674347,0.0,0.4847189486026764,0.0,0.0041727060452103615,0.0,0.480546236038208,0.0,1.7817307710647583,0.0,2.2664497196674347,0.0,0.4847189486026764,0.0,0.0041727060452103615,0.0,0.3714917302131653,0.0,1.7817307710647583,0.0,10.831388222053647,0.0,PD,ok,
0.001,0.1,0.001,0.01,0.001,0.001,100.0,0.0,False,1,0.4845309555530548,0.0,0.004178296774625778,0.0,0.4803526699542999,0.0,1.7818171977996826,0.0,2.2663481533527374,0.0,0.4845309555530548,0.0,0.004178296774625778,0.0,0.4803526699542999,0.0,1.7818171977996826,0.0,2.2663481533527374,0.0,0.4845309555530548,0.0,0.004178296774625778,0.0,0.3714917302131653,0.0,1.7818171977996826,0.0,10.930806949734688,0.0,PD,ok,
0.001,0.01,0.001,0.001,0.001,0.001,100.0,0.0,False,1,0.4846779406070709,0.0,0.004178639035671949,0.0,0.4804992973804474,0.0,1.78191077709198,0.0,2.266588717699051,0.0,0.4846779406070709,0.0,0.004178639035671949,0.0,0.4804992973804474,0.0,1.78191077709198,0.0,2.266588717699051,0.0,0.4846779406070709,0.0,0.004178639035671949,0.0,0.3714917302131653,0.0,1.78191077709198,0.0,10.791610955260694,0.0,PD,ok,
0.001,0.001,0.001,0.001,0.001,0.001,100.0,0.0,False,1,0.48467397689819336,0.0,0.004179190844297409,0.0,0.48049479722976685,0.0,1.7819279432296753,0.0,2.2666019201278687,0.0,0.48467397689819336,0.0,0.004179190844297409,0.0,0.48049479722976685,0.0,1.7819279432296753,0.0,2.2666019201278687,0.0,0.48467397689819336,0.0,0.004179190844297409,0.0,0.3714917302131653,0.0,1.7819279432296753,0.0,10.915933543816209,0.0,PD,ok,
0.001,0.0001,0.001,0.001,0.001,0.001,100.0,0.0,False,1,0.4846736192703247,0.0,0.00417924951761961,0.0,0.4804943799972534,0.0,1.7819297313690186,0.0,2.2666033506393433,0.0,0.4846736192703247,0.0,0.00417924951761961,0.0,0.4804943799972534,0.0,1.7819297313690186,0.0,2.2666033506393433,0.0,0.4846736192703247,0.0,0.00417924951761961,0.0,0.3714917302131653,0.0,1.7819297313690186,0.0,10.552694819867611,0.0,PD,ok,
0.001,0.01,0.001,0.01,0.001,0.001,100.0,0.0,False,1,0.48448994755744934,0.0,0.004184273071587086,0.0,0.48030567169189453,0.0,1.781997799873352,0.0,2.2664877474308014,0.0,0.48448994755744934,0.0,0.004184273071587086,0.0,0.48030567169189453,0.0,1.781997799873352,0.0,2.2664877474308014,0.0,0.48448994755744934,0.0,0.004184273071587086,0.0,0.3714917302131653,0.0,1.781997799873352,0.0,10.784448171034455,0.0,PD,ok,
0.001,0.001,0.001,0.01,0.001,0.001,100.0,0.0,False,1,0.4844858646392822,0.0,0.004184823948889971,0.0,0.48030105233192444,0.0,1.782015085220337,0.0,2.266500949859619,0.0,0.4844858646392822,0.0,0.004184823948889971,0.0,0.48030105233192444,0.0,1.782015085220337,0.0,2.266500949859619,0.0,0.4844858646392822,0.0,0.004184823948889971,0.0,0.3714917302131653,0.0,1.782015085220337,0.0,10.708107211627066,0.0,PD,ok,
0.001,0.0001,0.001,0.01,0.001,0.001,100.0,0.0,False,1,0.4844856262207031,0.0,0.004184893798083067,0.0,0.4803007245063782,0.0,1.7820167541503906,0.0,2.2665023803710938,0.0,0.4844856262207031,0.0,0.004184893798083067,0.0,0.4803007245063782,0.0,1.7820167541503906,0.0,2.2665023803710938,0.0,0.4844856262207031,0.0,0.004184893798083067,0.0,0.3714917302131653,0.0,1.7820167541503906,0.0,10.567108640447259,0.0,PD,ok,
0.001,0.1,0.001,0.1,0.001,0.001,100.0,0.0,False,1,0.4826469421386719,0.0,0.004234337247908115,0.0,0.47841259837150574,0.0,1.782678484916687,0.0,2.265325427055359,0.0,0.4826469421386719,0.0,0.004234337247908115,0.0,0.47841259837150574,0.0,1.782678484916687,0.0,2.265325427055359,0.0,0.4826469421386719,0.0,0.004234337247908115,0.0,0.3714917302131653,0.0,1.782678484916687,0.0,10.917313787154853,0.0,PD,ok,
0.001,0.01,0.001,0.1,0.001,0.001,100.0,0.0,False,1,0.4826045632362366,0.0,0.004240836948156357,0.0,0.4783637225627899,0.0,1.782867193222046,0.0,2.2654717564582825,0.0,0.4826045632362366,0.0,0.004240836948156357,0.0,0.4783637225627899,0.0,1.782867193222046,0.0,2.2654717564582825,0.0,0.4826045632362366,0.0,0.004240836948156357,0.0,0.3714917302131653,0.0,1.782867193222046,0.0,10.915405717678368,0.0,PD,ok,
0.001,0.001,0.001,0.1,0.001,0.001,100.0,0.0,False,1,0.48260053992271423,0.0,0.004241445567458868,0.0,0.4783591032028198,0.0,1.782885193824768,0.0,2.2654857337474823,0.0,0.48260053992271423,0.0,0.004241445567458868,0.0,0.4783591032028198,0.0,1.782885193824768,0.0,2.2654857337474823,0.0,0.48260053992271423,0.0,0.004241445567458868,0.0,0.3714917302131653,0.0,1.782885193824768,0.0,10.555052224546671,0.0,PD,ok,
0.001,0.0001,0.001,0.1,0.001,0.001,100.0,0.0,False,1,0.4826001524925232,0.0,0.004241513088345528,0.0,0.4783586263656616,0.0,1.7828868627548218,0.0,2.265487015247345,0.0,0.4826001524925232,0.0,0.004241513088345528,0.0,0.4783586263656616,0.0,1.7828868627548218,0.0,2.265487015247345,0.0,0.4826001524925232,0.0,0.004241513088345528,0.0,0.3714917302131653,0.0,1.7828868627548218,0.0,10.623149143531919,0.0,PD,ok,
0.001,0.1,0.01,0.001,0.001,0.001,100.0,0.0,False,1,0.4837643802165985,0.0,0.004264970310032368,0.0,0.4794993996620178,0.0,1.781929612159729,0.0,2.2656939923763275,0.0,0.4837643802165985,0.0,0.004264970310032368,0.0,0.4794993996620178,0.0,1.781929612159729,0.0,2.2656939923763275,0.0,0.4837643802165985,0.0,0.004264970310032368,0.0,0.3714917302131653,0.0,1.781929612159729,0.0,10.893256747163832,0.0,PD,ok,
0.001,0.1,0.01,0.01,0.001,0.001,100.0,0.0,False,1,0.48358258605003357,0.0,0.00427020899951458,0.0,0.47931239008903503,0.0,1.7820134162902832,0.0,2.2655960023403168,0.0,0.48358258605003357,0.0,0.00427020899951458,0.0,0.47931239008903503,0.0,1.7820134162902832,0.0,2.2655960023403168,0.0,0.48358258605003357,0.0,0.00427020899951458,0.0,0.3714917302131653,0.0,1.7820134162902832,0.0,10.956139585003257,0.0,PD,ok,
0.001,0.01,0.01,0.001,0.001,0.001,100.0,0.0,False,1,0.48372283577919006,0.0,0.0042710560373961926,0.0,0.4794517755508423,0.0,1.7821087837219238,0.0,2.265831619501114,0.0,0.48372283577919006,0.0,0.0042710560373961926,0.0,0.4794517755508423,0.0,1.7821087837219238,0.0,2.265831619501114,0.0,0.48372283577919006,0.0,0.0042710560373961926,0.0,0.3714917302131653,0.0,1.7821087837219238,0.0,10.843755220994353,0.0,PD,ok,
0.001,0.001,0.01,0.001,0.001,0.001,100.0,0.0,False,1,0.48371899127960205,0.0,0.004271626938134432,0.0,0.4794473648071289,0.0,1.7821263074874878,0.0,2.26584529876709,0.0,0.48371899127960205,0.0,0.004271626938134432,0.0,0.4794473648071289,0.0,1.7821263074874878,0.0,2.26584529876709,0.0,0.48371899127960205,0.0,0.004271626938134432,0.0,0.3714917302131653,0.0,1.7821263074874878,0.0,10.606073242612183,0.0,PD,ok,
0.001,0.0001,0.01,0.001,0.001,0.001,100.0,0.0,False,1,0.483718603849411,0.0,0.004271684214472771,0.0,0.4794469177722931,0.0,1.782127857208252,0.0,2.265846461057663,0.0,0.483718603849411,0.0,0.004271684214472771,0.0,0.4794469177722931,0.0,1.782127857208252,0.0,2.265846461057663,0.0,0.483718603849411,0.0,0.004271684214472771,0.0,0.3714917302131653,0.0,1.782127857208252,0.0,10.613972106017172,0.0,PD,ok,
0.001,0.01,0.01,0.01,0.001,0.001,100.0,0.0,False,1,0.4835411310195923,0.0,0.004276336636394262,0.0,0.4792647957801819,0.0,1.7821934223175049,0.0,2.265734553337097,0.0,0.4835411310195923,0.0,0.004276336636394262,0.0,0.4792647957801819,0.0,1.7821934223175049,0.0,2.265734553337097,0.0,0.4835411310195923,0.0,0.004276336636394262,0.0,0.3714917302131653,0.0,1.7821934223175049,0.0,10.841450152918696,0.0,PD,ok,
0.001,0.001,0.01,0.01,0.001,0.001,100.0,0.0,False,1,0.4835372269153595,0.0,0.004276914522051811,0.0,0.47926032543182373,0.0,1.7822108268737793,0.0,2.265748053789139,0.0,0.4835372269153595,0.0,0.004276914522051811,0.0,0.47926032543182373,0.0,1.7822108268737793,0.0,2.265748053789139,0.0,0.4835372269153595,0.0,0.004276914522051811,0.0,0.3714917302131653,0.0,1.7822108268737793,0.0,10.712793207727373,0.0,PD,ok,
0.001,0.0001,0.01,0.01,0.001,0.001,100.0,0.0,False,1,0.48353660106658936,0.0,0.004276973661035299,0.0,0.4792596399784088,0.0,1.782212495803833,0.0,2.2657490968704224,0.0,0.48353660106658936,0.0,0.004276973661035299,0.0,0.4792596399784088,0.0,1.782212495803833,0.0,2.2657490968704224,0.0,0.48353660106658936,0.0,0.004276973661035299,0.0,0.3714917302131653,0.0,1.782212495803833,0.0,10.594400239177048,0.0,PD,ok,
0.001,0.1,0.01,0.1,0.001,0.001,100.0,0.0,False,1,0.481759637594223,0.0,0.004323058295994997,0.0,0.4774365723133087,0.0,1.7828528881072998,0.0,2.264612525701523,0.0,0.481759637594223,0.0,0.004323058295994997,0.0,0.4774365723133087,0.0,1.7828528881072998,0.0,2.264612525701523,0.0,0.481759637594223,0.0,0.004323058295994997,0.0,0.3714917302131653,0.0,1.7828528881072998,0.0,10.966600462794304,0.0,PD,ok,
0.001,0.01,0.01,0.1,0.001,0.001,100.0,0.0,False,1,0.4817168712615967,0.0,0.004329694900661707,0.0,0.4773871898651123,0.0,1.7830406427383423,0.0,2.264757513999939,0.0,0.4817168712615967,0.0,0.004329694900661707,0.0,0.4773871898651123,0.0,1.7830406427383423,0.0,2.264757513999939,0.0,0.4817168712615967,0.0,0.004329694900661707,0.0,0.3714917302131653,0.0,1.7830406427383423,0.0,10.706952860578895,0.0,PD,ok,
0.001,0.001,0.01,0.1,0.001,0.001,100.0,0.0,False,1,0.48171287775039673,0.0,0.004330313764512539,0.0,0.4773825705051422,0.0,1.7830586433410645,0.0,2.264771521091461,0.0,0.48171287775039673,0.0,0.004330313764512539,0.0,0.4773825705051422,0.0,1.7830586433410645,0.0,2.264771521091461,0.0,0.48171287775039673,0.0,0.004330313764512539,0.0,0.3714917302131653,0.0,1.7830586433410645,0.0,10.690935141406953,0.0,PD,ok,
0.001,0.0001,0.01,0.1,0.001,0.001,100.0,0.0,False,1,0.48171257972717285,0.0,0.004330378957092762,0.0,0.47738221287727356,0.0,1.7830605506896973,0.0,2.26477313041687,0.0,0.48171257972717285,0.0,0.004330378957092762,0.0,0.47738221287727356,0.0,1.7830605506896973,0.0,2.26477313041687,0.0,0.48171257972717285,0.0,0.004330378957092762,0.0,0.3714917302131653,0.0,1.7830605506896973,0.0,10.625696066766977,0.0,PD,ok,
0.001,0.1,0.001,0.001,0.001,0.0001,100.0,0.0,False,1,0.4740261137485504,0.0,0.0045321229845285416,0.0,0.4694939851760864,0.0,1.780385971069336,0.0,2.2544120848178864,0.0,0.4740261137485504,0.0,0.0045321229845285416,0.0,0.4694939851760864,0.0,1.780385971069336,0.0,2.2544120848178864,0.0,0.4740261137485504,0.0,0.0045321229845285416,0.0,0.3714917302131653,0.0,1.780385971069336,0.0,10.794038641266525,0.0,PD,ok,
0.001,0.1,0.001,0.01,0.001,0.0001,100.0,0.0,False,1,0.47400614619255066,0.0,0.004532595165073872,0.0,0.46947354078292847,0.0,1.7803900241851807,0.0,2.2543961703777313,0.0,0.47400614619255066,0.0,0.004532595165073872,0.0,0.46947354078292847,0.0,1.7803900241851807,0.0,2.2543961703777313,0.0,0.47400614619255066,0.0,0.004532595165073872,0.0,0.3714917302131653,0.0,1.7803900241851807,0.0,10.956426574848592,0.0,PD,ok,
0.001,0.01,0.001,0.001,0.001,0.0001,100.0,0.0,False,1,0.4740036725997925,0.0,0.004535800311714411,0.0,0.4694678783416748,0.0,1.7805029153823853,0.0,2.2545065879821777,0.0,0.4740036725997925,0.0,0.004535800311714411,0.0,0.4694678783416748,0.0,1.7805029153823853,0.0,2.2545065879821777,0.0,0.4740036725997925,0.0,0.004535800311714411,0.0,0.3714917302131653,0.0,1.7805029153823853,0.0,10.805120991542935,0.0,PD,ok,
0.001,0.001,0.001,0.001,0.001,0.0001,100.0,0.0,False,1,0.47400152683258057,0.0,0.004536159802228212,0.0,0.46946537494659424,0.0,1.7805145978927612,0.0,2.254516124725342,0.0,0.47400152683258057,0.0,0.004536159802228212,0.0,0.46946537494659424,0.0,1.7805145978927612,0.0,2.254516124725342,0.0,0.47400152683258057,0.0,0.004536159802228212,0.0,0.3714917302131653,0.0,1.7805145978927612,0.0,10.897761112079024,0.0,PD,ok,
0.001,0.0001,0.001,0.001,0.001,0.0001,100.0,0.0,False,1,0.47400134801864624,0.0,0.004536198452115059,0.0,0.46946513652801514,0.0,1.7805157899856567,0.0,2.254517138004303,0.0,0.47400134801864624,0.0,0.004536198452115059,0.0,0.46946513652801514,0.0,1.7805157899856567,0.0,2.254517138004303,0.0,0.47400134801864624,0.0,0.004536198452115059,0.0,0.3714917302131653,0.0,1.7805157899856567,0.0,10.505121366120875,0.0,PD,ok,
0.001,0.01,0.001,0.01,0.001,0.0001,100.0,0.0,False,1,0.4739837050437927,0.0,0.004536270629614592,0.0,0.46944743394851685,0.0,1.7805074453353882,0.0,2.254491150379181,0.0,0.4739837050437927,0.0,0.004536270629614592,0.0,0.46944743394851685,0.0,1.7805074453353882,0.0,2.254491150379181,0.0,0.4739837050437927,0.0,0.004536270629614592,0.0,0.3714917302131653,0.0,1.7805074453353882,0.0,10.792713358998299,0.0,PD,ok,
0.001,0.001,0.001,0.01,0.001,0.0001,100.0,0.0,False,1,0.47398141026496887,0.0,0.004536638036370277,0.0,0.46944478154182434,0.0,1.7805190086364746,0.0,2.2545004189014435,0.0,0.47398141026496887,0.0,0.004536638036370277,0.0,0.46944478154182434,0.0,1.7805190086364746,0.0,2.2545004189014435,0.0,0.47398141026496887,0.0,0.004536638036370277,0.0,0.3714917302131653,0.0,1.7805190086364746,0.0,10.657874644733965,0.0,PD,ok,
0.001,0.0001,0.001,0.01,0.001,0.0001,100.0,0.0,False,1,0.4739813506603241,0.0,0.0045366738922894,0.0,0.4694446623325348,0.0,1.7805200815200806,0.0,2.2545014321804047,0.0,0.4739813506603241,0.0,0.0045366738922894,0.0,0.4694446623325348,0.0,1.7805200815200806,0.0,2.2545014321804047,0.0,0.4739813506603241,0.0,0.0045366738922894,0.0,0.3714917302131653,0.0,1.7805200815200806,0.0,10.586169810034335,0.0,PD,ok,
0.001,0.1,0.001,0.1,0.001,0.0001,100.0,0.0,False,1,0.47380635142326355,0.0,0.004537281580269337,0.0,0.4692690670490265,0.0,1.7804323434829712,0.0,2.2542386949062347,0.0,0.47380635142326355,0.0,0.004537281580269337,0.0,0.4692690670490265,0.0,1.7804323434829712,0.0,2.2542386949062347,0.0,0.47380635142326355,0.0,0.004537281580269337,0.0,0.3714917302131653,0.0,1.7804323434829712,0.0,10.898870813660324,0.0,PD,ok,
0.001,0.01,0.001,0.1,0.001,0.0001,100.0,0.0,False,1,0.4737837016582489,0.0,0.004541024100035429,0.0,0.4692426919937134,0.0,1.7805507183074951,0.0,2.254334419965744,0.0,0.4737837016582489,0.0,0.004541024100035429,0.0,0.4692426919937134,0.0,1.7805507183074951,0.0,2.254334419965744,0.0,0.4737837016582489,0.0,0.004541024100035429,0.0,0.3714917302131653,0.0,1.7805507183074951,0.0,10.900323810987175,0.0,PD,ok,
0.001,0.001,0.001,0.1,0.001,0.0001,100.0,0.0,False,1,0.4737814664840698,0.0,0.004541391972452402,0.0,0.46924006938934326,0.0,1.7805626392364502,0.0,2.25434410572052,0.0,0.4737814664840698,0.0,0.004541391972452402,0.0,0.46924006938934326,0.0,1.7805626392364502,0.0,2.25434410572052,0.0,0.4737814664840698,0.0,0.004541391972452402,0.0,0.3714917302131653,0.0,1.7805626392364502,0.0,10.575566213577986,0.0,PD,ok,
0.001,0.0001,0.001,0.1,0.001,0.0001,100.0,0.0,False,1,0.4737812280654907,0.0,0.004541432950645685,0.0,0.4692398011684418,0.0,1.7805635929107666,0.0,2.2543448209762573,0.0,0.4737812280654907,0.0,0.004541432950645685,0.0,0.4692398011684418,0.0,1.7805635929107666,0.0,2.2543448209762573,0.0,0.4737812280654907,0.0,0.004541432950645685,0.0,0.3714917302131653,0.0,1.7805635929107666,0.0,10.597743675112724,0.0,PD,ok,
0.001,0.1,0.01,0.001,0.001,0.0001,100.0,0.0,False,1,0.4738912880420685,0.0,0.004545326344668865,0.0,0.46934595704078674,0.0,1.7804169654846191,0.0,2.2543082535266876,0.0,0.4738912880420685,0.0,0.004545326344668865,0.0,0.46934595704078674,0.0,1.7804169654846191,0.0,2.2543082535266876,0.0,0.4738912880420685,0.0,0.004545326344668865,0.0,0.3714917302131653,0.0,1.7804169654846191,0.0,10.875292118638754,0.0,PD,ok,
0.001,0.1,0.01,0.01,0.001,0.0001,100.0,0.0,False,1,0.4738718867301941,0.0,0.004545755218714476,0.0,0.4693261384963989,0.0,1.7804211378097534,0.0,2.2542930245399475,0.0,0.4738718867301941,0.0,0.004545755218714476,0.0,0.4693261384963989,0.0,1.7804211378097534,0.0,2.2542930245399475,0.0,0.4738718867301941,0.0,0.004545755218714476,0.0,0.3714917302131653,0.0,1.7804211378097534,0.0,10.982315544970334,0.0,PD,ok,
0.001,0.01,0.01,0.001,0.001,0.0001,100.0,0.0,False,1,0.4738689959049225,0.0,0.004549009725451469,0.0,0.46931999921798706,0.0,1.780534267425537,0.0,2.2544032633304596,0.0,0.4738689959049225,0.0,0.004549009725451469,0.0,0.46931999921798706,0.0,1.780534267425537,0.0,2.2544032633304596,0.0,0.4738689959049225,0.0,0.004549009725451469,0.0,0.3714917302131653,0.0,1.780534267425537,0.0,10.856037043966353,0.0,PD,ok,
0.001,0.001,0.01,0.001,0.001,0.0001,100.0,0.0,False,1,0.473866730928421,0.0,0.004549370612949133,0.0,0.46931734681129456,0.0,1.780545711517334,0.0,2.254412442445755,0.0,0.473866730928421,0.0,0.004549370612949133,0.0,0.46931734681129456,0.0,1.780545711517334,0.0,2.254412442445755,0.0,0.473866730928421,0.0,0.004549370612949133,0.0,0.3714917302131653,0.0,1.780545711517334,0.0,10.607949634082615,0.0,PD,ok,
0.001,0.0001,0.01,0.001,0.001,0.0001,100.0,0.0,False,1,0.47386667132377625,0.0,0.004549408331513405,0.0,0.4693172574043274,0.0,1.78054678440094,0.0,2.254413455724716,0.0,0.47386667132377625,0.0,0.004549408331513405,0.0,0.4693172574043274,0.0,1.78054678440094,0.0,2.254413455724716,0.0,0.47386667132377625,0.0,0.004549408331513405,0.0,0.3714917302131653,0.0,1.78054678440094,0.0,10.589839724823833,0.0,PD,ok,
0.001,0.01,0.01,0.01,0.001,0.0001,100.0,0.0,False,1,0.47384944558143616,0.0,0.004549449309706688,0.0,0.4693000018596649,0.0,1.7805383205413818,0.0,2.254387766122818,0.0,0.47384944558143616,0.0,0.004549449309706688,0.0,0.4693000018596649,0.0,1.7805383205413818,0.0,2.254387766122818,0.0,0.47384944558143616,0.0,0.004549449309706688,0.0,0.3714917302131653,0.0,1.7805383205413818,0.0,10.880204191431403,0.0,PD,ok,
0.001,0.001,0.01,0.01,0.001,0.0001,100.0,0.0,False,1,0.47384729981422424,0.0,0.0045498088002204895,0.0,0.46929749846458435,0.0,1.7805498838424683,0.0,2.2543971836566925,0.0,0.47384729981422424,0.0,0.0045498088002204895,0.0,0.46929749846458435,0.0,1.7805498838424683,0.0,2.2543971836566925,0.0,0.47384729981422424,0.0,0.0045498088002204895,0.0,0.3714917302131653,0.0,1.7805498838424683,0.0,10.7336082495749,0.0,PD,ok,
0.001,0.0001,0.01,0.01,0.001,0.0001,100.0,0.0,False,1,0.4738471210002899,0.0,0.004549845587462187,0.0,0.46929728984832764,0.0,1.7805511951446533,0.0,2.2543983161449432,0.0,0.4738471210002899,0.0,0.004549845587462187,0.0,0.46929728984832764,0.0,1.7805511951446533,0.0,2.2543983161449432,0.0,0.4738471210002899,0.0,0.004549845587462187,0.0,0.3714917302131653,0.0,1.7805511951446533,0.0,10.639878187328577,0.0,PD,ok,
0.001,0.1,0.01,0.1,0.001,0.0001,100.0,0.0,False,1,0.4736764132976532,0.0,0.0045500751584768295,0.0,0.4691263437271118,0.0,1.7804622650146484,0.0,2.2541386783123016,0.0,0.4736764132976532,0.0,0.0045500751584768295,0.0,0.4691263437271118,0.0,1.7804622650146484,0.0,2.2541386783123016,0.0,0.4736764132976532,0.0,0.0045500751584768295,0.0,0.3714917302131653,0.0,1.7804622650146484,0.0,10.97765735629946,0.0,PD,ok,
0.001,0.01,0.01,0.1,0.001,0.0001,100.0,0.0,False,1,0.4736537039279938,0.0,0.004553830251097679,0.0,0.46909987926483154,0.0,1.780580759048462,0.0,2.2542344629764557,0.0,0.4736537039279938,0.0,0.004553830251097679,0.0,0.46909987926483154,0.0,1.780580759048462,0.0,2.2542344629764557,0.0,0.4736537039279938,0.0,0.004553830251097679,0.0,0.3714917302131653,0.0,1.780580759048462,0.0,10.766221018508077,0.0,PD,ok,
0.001,0.001,0.01,0.1,0.001,0.0001,100.0,0.0,False,1,0.47365161776542664,0.0,0.004554202780127525,0.0,0.46909740567207336,0.0,1.7805923223495483,0.0,2.254243940114975,0.0,0.47365161776542664,0.0,0.004554202780127525,0.0,0.46909740567207336,0.0,1.7805923223495483,0.0,2.254243940114975,0.0,0.47365161776542664,0.0,0.004554202780127525,0.0,0.3714917302131653,0.0,1.7805923223495483,0.0,10.747226729989052,0.0,PD,ok,
0.001,0.0001,0.01,0.1,0.001,0.0001,100.0,0.0,False,1,0.47365137934684753,0.0,0.004554238170385361,0.0,0.4690971374511719,0.0,1.7805935144424438,0.0,2.2542448937892914,0.0,0.47365137934684753,0.0,0.004554238170385361,0.0,0.4690971374511719,0.0,1.7805935144424438,0.0,2.2542448937892914,0.0,0.47365137934684753,0.0,0.004554238170385361,0.0,0.3714917302131653,0.0,1.7805935144424438,0.0,10.64215896744281,0.0,PD,ok,
0.001,0.1,0.1,0.001,0.001,0.0001,100.0,0.0,False,1,0.4724949300289154,0.0,0.004684032406657934,0.0,0.46781089901924133,0.0,1.7807385921478271,0.0,2.2532335221767426,0.0,0.4724949300289154,0.0,0.004684032406657934,0.0,0.46781089901924133,0.0,1.7807385921478271,0.0,2.2532335221767426,0.0,0.4724949300289154,0.0,0.004684032406657934,0.0,0.3714917302131653,0.0,1.7807385921478271,0.0,10.972956703044474,0.0,PD,ok,
0.001,0.1,0.1,0.01,0.001,0.0001,100.0,0.0,False,1,0.4724797010421753,0.0,0.00468407804146409,0.0,0.46779561042785645,0.0,1.7807414531707764,0.0,2.2532211542129517,0.0,0.4724797010421753,0.0,0.00468407804146409,0.0,0.46779561042785645,0.0,1.7807414531707764,0.0,2.2532211542129517,0.0,0.4724797010421753,0.0,0.00468407804146409,0.0,0.3714917302131653,0.0,1.7807414531707764,0.0,10.7573622148484,0.0,PD,ok,
0.001,0.1,0.1,0.1,0.001,0.0001,100.0,0.0,False,1,0.4723266661167145,0.0,0.004684579558670521,0.0,0.4676420986652374,0.0,1.7807719707489014,0.0,2.253098636865616,0.0,0.4723266661167145,0.0,0.004684579558670521,0.0,0.4676420986652374,0.0,1.7807719707489014,0.0,2.253098636865616,0.0,0.4723266661167145,0.0,0.004684579558670521,0.0,0.3714917302131653,0.0,1.7807719707489014,0.0,11.04747015889734,0.0,PD,ok,
0.001,0.01,0.1,0.001,0.001,0.0001,100.0,0.0,False,1,0.47247228026390076,0.0,0.004687801469117403,0.0,0.46778446435928345,0.0,1.7808551788330078,0.0,2.2533274590969086,0.0,0.47247228026390076,0.0,0.004687801469117403,0.0,0.46778446435928345,0.0,1.7808551788330078,0.0,2.2533274590969086,0.0,0.47247228026390076,0.0,0.004687801469117403,0.0,0.3714917302131653,0.0,1.7808551788330078,0.0,10.940524152480066,0.0,PD,ok,
0.001,0.01,0.1,0.01,0.001,0.0001,100.0,0.0,False,1,0.4724569618701935,0.0,0.004687860142439604,0.0,0.4677691161632538,0.0,1.7808581590652466,0.0,2.25331512093544,0.0,0.4724569618701935,0.0,0.004687860142439604,0.0,0.4677691161632538,0.0,1.7808581590652466,0.0,2.25331512093544,0.0,0.4724569618701935,0.0,0.004687860142439604,0.0,0.3714917302131653,0.0,1.7808581590652466,0.0,10.931113261729479,0.0,PD,ok,
0.001,0.001,0.1,0.001,0.001,0.0001,100.0,0.0,False,1,0.47247007489204407,0.0,0.004688176326453686,0.0,0.4677819013595581,0.0,1.7808666229248047,0.0,2.2533366978168488,0.0,0.47247007489204407,0.0,0.004688176326453686,0.0,0.4677819013595581,0.0,1.7808666229248047,0.0,2.2533366978168488,0.0,0.47247007489204407,0.0,0.004688176326453686,0.0,0.3714917302131653,0.0,1.7808666229248047,0.0,10.692490014247596,0.0,PD,ok,
0.001,0.0001,0.1,0.001,0.001,0.0001,100.0,0.0,False,1,0.47246986627578735,0.0,0.004688209388405085,0.0,0.467781662940979,0.0,1.7808676958084106,0.0,2.253337562084198,0.0,0.47246986627578735,0.0,0.004688209388405085,0.0,0.467781662940979,0.0,1.7808676958084106,0.0,2.253337562084198,0.0,0.47246986627578735,0.0,0.004688209388405085,0.0,0.3714917302131653,0.0,1.7808676958084106,0.0,10.629077582620084,0.0,PD,ok,
0.001,0.001,0.1,0.01,0.001,0.0001,100.0,0.0,False,1,0.4724549651145935,0.0,0.004688226152211428,0.0,0.46776673197746277,0.0,1.7808698415756226,0.0,2.253324806690216,0.0,0.4724549651145935,0.0,0.004688226152211428,0.0,0.46776673197746277,0.0,1.7808698415756226,0.0,2.253324806690216,0.0,0.4724549651145935,0.0,0.004688226152211428,0.0,0.3714917302131653,0.0,1.7808698415756226,0.0,10.835407117381692,0.0,PD,ok,
0.001,0.0001,0.1,0.01,0.001,0.0001,100.0,0.0,False,1,0.47245460748672485,0.0,0.004688264802098274,0.0,0.46776634454727173,0.0,1.780871033668518,0.0,2.253325641155243,0.0,0.47245460748672485,0.0,0.004688264802098274,0.0,0.46776634454727173,0.0,1.780871033668518,0.0,2.253325641155243,0.0,0.47245460748672485,0.0,0.004688264802098274,0.0,0.3714917302131653,0.0,1.780871033668518,0.0,10.63914954289794,0.0,PD,ok,
0.001,0.01,0.1,0.1,0.001,0.0001,100.0,0.0,False,1,0.4723038077354431,0.0,0.004688411485403776,0.0,0.46761539578437805,0.0,1.7808901071548462,0.0,2.2531939148902893,0.0,0.4723038077354431,0.0,0.004688411485403776,0.0,0.46761539578437805,0.0,1.7808901071548462,0.0,2.2531939148902893,0.0,0.4723038077354431,0.0,0.004688411485403776,0.0,0.3714917302131653,0.0,1.7808901071548462,0.0,10.865284128114581,0.0,PD,ok,
0.001,0.001,0.1,0.1,0.001,0.0001,100.0,0.0,False,1,0.4723016023635864,0.0,0.004688792396336794,0.0,0.4676128029823303,0.0,1.7809016704559326,0.0,2.253203272819519,0.0,0.4723016023635864,0.0,0.004688792396336794,0.0,0.4676128029823303,0.0,1.7809016704559326,0.0,2.253203272819519,0.0,0.4723016023635864,0.0,0.004688792396336794,0.0,0.3714917302131653,0.0,1.7809016704559326,0.0,10.803137013688684,0.0,PD,ok,
0.001,0.0001,0.1,0.1,0.001,0.0001,100.0,0.0,False,1,0.4723014533519745,0.0,0.004688828252255917,0.0,0.467612624168396,0.0,1.7809031009674072,0.0,2.2532045543193817,0.0,0.4723014533519745,0.0,0.004688828252255917,0.0,0.467612624168396,0.0,1.7809031009674072,0.0,2.2532045543193817,0.0,0.4723014533519745,0.0,0.004688828252255917,0.0,0.3714917302131653,0.0,1.7809031009674072,0.0,10.571139691397548,0.0,PD,ok,
0.001,0.1,0.1,0.001,0.001,0.001,100.0,0.0,False,1,0.47402113676071167,0.0,0.0053655351512134075,0.0,0.46865561604499817,0.0,1.7836366891860962,0.0,2.257657825946808,0.0,0.47402113676071167,0.0,0.0053655351512134075,0.0,0.46865561604499817,0.0,1.7836366891860962,0.0,2.257657825946808,0.0,0.47402113676071167,0.0,0.0053655351512134075,0.0,0.3714917302131653,0.0,1.7836366891860962,0.0,10.913968496955931,0.0,PD,ok,
0.001,0.1,0.1,0.01,0.001,0.001,100.0,0.0,False,1,0.47387635707855225,0.0,0.005367608740925789,0.0,0.4685087502002716,0.0,1.7837095260620117,0.0,2.257585883140564,0.0,0.47387635707855225,0.0,0.005367608740925789,0.0,0.4685087502002716,0.0,1.7837095260620117,0.0,2.257585883140564,0.0,0.47387635707855225,0.0,0.005367608740925789,0.0,0.3714917302131653,0.0,1.7837095260620117,0.0,10.742471596226096,0.0,PD,ok,
0.001,0.01,0.1,0.001,0.001,0.001,100.0,0.0,False,1,0.47398099303245544,0.0,0.0053728483617305756,0.0,0.46860814094543457,0.0,1.7838083505630493,0.0,2.2577893435955048,0.0,0.47398099303245544,0.0,0.0053728483617305756,0.0,0.46860814094543457,0.0,1.7838083505630493,0.0,2.2577893435955048,0.0,0.47398099303245544,0.0,0.0053728483617305756,0.0,0.3714917302131653,0.0,1.7838083505630493,0.0,10.954801271669567,0.0,PD,ok,
0.001,0.001,0.1,0.001,0.001,0.001,100.0,0.0,False,1,0.4739770293235779,0.0,0.005373535677790642,0.0,0.4686034917831421,0.0,1.7838250398635864,0.0,2.2578020691871643,0.0,0.4739770293235779,0.0,0.005373535677790642,0.0,0.4686034917831421,0.0,1.7838250398635864,0.0,2.2578020691871643,0.0,0.4739770293235779,0.0,0.005373535677790642,0.0,0.3714917302131653,0.0,1.7838250398635864,0.0,10.736542844213545,0.0,PD,ok,
0.001,0.0001,0.1,0.001,0.001,0.001,100.0,0.0,False,1,0.47397658228874207,0.0,0.005373614840209484,0.0,0.4686029553413391,0.0,1.7838265895843506,0.0,2.2578031718730927,0.0,0.47397658228874207,0.0,0.005373614840209484,0.0,0.4686029553413391,0.0,1.7838265895843506,0.0,2.2578031718730927,0.0,0.47397658228874207,0.0,0.005373614840209484,0.0,0.3714917302131653,0.0,1.7838265895843506,0.0,10.526609485968947,0.0,PD,ok,
0.001,0.01,0.1,0.01,0.001,0.001,100.0,0.0,False,1,0.4738360047340393,0.0,0.005374961532652378,0.0,0.4684610366821289,0.0,1.7838822603225708,0.0,2.25771826505661,0.0,0.4738360047340393,0.0,0.005374961532652378,0.0,0.4684610366821289,0.0,1.7838822603225708,0.0,2.25771826505661,0.0,0.4738360047340393,0.0,0.005374961532652378,0.0,0.3714917302131653,0.0,1.7838822603225708,0.0,10.966355280019343,0.0,PD,ok,
0.001,0.001,0.1,0.01,0.001,0.001,100.0,0.0,False,1,0.4738319218158722,0.0,0.005375659093260765,0.0,0.4684562683105469,0.0,1.7838988304138184,0.0,2.2577307522296906,0.0,0.4738319218158722,0.0,0.005375659093260765,0.0,0.4684562683105469,0.0,1.7838988304138184,0.0,2.2577307522296906,0.0,0.4738319218158722,0.0,0.005375659093260765,0.0,0.3714917302131653,0.0,1.7838988304138184,0.0,10.79283210914582,0.0,PD,ok,
0.001,0.0001,0.1,0.01,0.001,0.001,100.0,0.0,False,1,0.4738315939903259,0.0,0.005375724285840988,0.0,0.46845588088035583,0.0,1.7839003801345825,0.0,2.2577319741249084,0.0,0.4738315939903259,0.0,0.005375724285840988,0.0,0.46845588088035583,0.0,1.7839003801345825,0.0,2.2577319741249084,0.0,0.4738315939903259,0.0,0.005375724285840988,0.0,0.3714917302131653,0.0,1.7839003801345825,0.0,10.62591712642461,0.0,PD,ok,
0.001,0.1,0.1,0.1,0.001,0.001,100.0,0.0,False,1,0.47240325808525085,0.0,0.005389181897044182,0.0,0.4670140743255615,0.0,1.784451961517334,0.0,2.256855219602585,0.0,0.47240325808525085,0.0,0.005389181897044182,0.0,0.4670140743255615,0.0,1.784451961517334,0.0,2.256855219602585,0.0,0.47240325808525085,0.0,0.005389181897044182,0.0,0.3714917302131653,0.0,1.784451961517334,0.0,11.045768955722451,0.0,PD,ok,
0.001,0.01,0.1,0.1,0.001,0.001,100.0,0.0,False,1,0.4723617732524872,0.0,0.0053969742730259895,0.0,0.46696481108665466,0.0,1.784632682800293,0.0,2.25699445605278,0.0,0.4723617732524872,0.0,0.0053969742730259895,0.0,0.46696481108665466,0.0,1.784632682800293,0.0,2.25699445605278,0.0,0.4723617732524872,0.0,0.0053969742730259895,0.0,0.3714917302131653,0.0,1.784632682800293,0.0,10.863181532360613,0.0,PD,ok,
0.001,0.001,0.1,0.1,0.001,0.001,100.0,0.0,False,1,0.47235769033432007,0.0,0.005397697910666466,0.0,0.46695998311042786,0.0,1.7846499681472778,0.0,2.257007658481598,0.0,0.47235769033432007,0.0,0.005397697910666466,0.0,0.46695998311042786,0.0,1.7846499681472778,0.0,2.257007658481598,0.0,0.47235769033432007,0.0,0.005397697910666466,0.0,0.3714917302131653,0.0,1.7846499681472778,0.0,10.840562023222446,0.0,PD,ok,
0.001,0.0001,0.1,0.1,0.001,0.001,100.0,0.0,False,1,0.4723573327064514,0.0,0.005397792439907789,0.0,0.46695953607559204,0.0,1.784651517868042,0.0,2.2570088505744934,0.0,0.4723573327064514,0.0,0.005397792439907789,0.0,0.46695953607559204,0.0,1.784651517868042,0.0,2.2570088505744934,0.0,0.4723573327064514,0.0,0.005397792439907789,0.0,0.3714917302131653,0.0,1.784651517868042,0.0,10.552524774335325,0.0,PD,ok,
0.001,0.0001,0.001,0.1,0.0001,0.01,100.0,0.0,False,1,0.4639124274253845,0.0,0.20931120216846466,0.0,0.25460124015808105,0.0,1.699128270149231,0.0,2.1630406975746155,0.0,0.4639124274253845,0.0,0.20931120216846466,0.0,0.25460124015808105,0.0,1.699128270149231,0.0,2.1630406975746155,0.0,0.4639124274253845,0.0,0.20931120216846466,0.0,0.25460124015808105,0.0,1.699128270149231,0.0,10.542982389219105,0.0,PD,ok,
0.001,0.001,0.001,0.1,0.0001,0.01,100.0,0.0,False,1,0.46391260623931885,0.0,0.20931129157543182,0.0,0.25460129976272583,0.0,1.699128270149231,0.0,2.16304087638855,0.0,0.46391260623931885,0.0,0.20931129157543182,0.0,0.25460129976272583,0.0,1.699128270149231,0.0,2.16304087638855,0.0,0.46391260623931885,0.0,0.20931129157543182,0.0,0.25460129976272583,0.0,1.699128270149231,0.0,10.502503928728402,0.0,PD,ok,
0.001,0.01,0.001,0.1,0.0001,0.01,100.0,0.0,False,1,0.46391281485557556,0.0,0.20931142568588257,0.0,0.254601389169693,0.0,1.6991279125213623,0.0,2.163040727376938,0.0,0.46391281485557556,0.0,0.20931142568588257,0.0,0.254601389169693,0.0,1.6991279125213623,0.0,2.163040727376938,0.0,0.46391281485557556,0.0,0.20931142568588257,0.0,0.254601389169693,0.0,1.6991279125213623,0.0,10.808298307470977,0.0,PD,ok,
0.001,0.1,0.001,0.1,0.0001,0.01,100.0,0.0,False,1,0.4639163017272949,0.0,0.20931343734264374,0.0,0.2546028792858124,0.0,1.6991209983825684,0.0,2.1630373001098633,0.0,0.4639163017272949,0.0,0.20931343734264374,0.0,0.2546028792858124,0.0,1.6991209983825684,0.0,2.1630373001098633,0.0,0.4639163017272949,0.0,0.20931343734264374,0.0,0.2546028792858124,0.0,1.6991209983825684,0.0,10.888000604696572,0.0,PD,ok,
0.001,0.0001,0.001,0.01,0.0001,0.01,100.0,0.0,False,1,0.46743708848953247,0.0,0.2095063179731369,0.0,0.25793078541755676,0.0,1.703689694404602,0.0,2.1711267828941345,0.0,0.46743708848953247,0.0,0.2095063179731369,0.0,0.25793078541755676,0.0,1.703689694404602,0.0,2.1711267828941345,0.0,0.46743708848953247,0.0,0.2095063179731369,0.0,0.25793078541755676,0.0,1.703689694404602,0.0,10.575586189515889,0.0,PD,ok,
0.001,0.001,0.001,0.01,0.0001,0.01,100.0,0.0,False,1,0.46743714809417725,0.0,0.20950637757778168,0.0,0.25793078541755676,0.0,1.703689694404602,0.0,2.1711268424987793,0.0,0.46743714809417725,0.0,0.20950637757778168,0.0,0.25793078541755676,0.0,1.703689694404602,0.0,2.1711268424987793,0.0,0.46743714809417725,0.0,0.20950637757778168,0.0,0.25793078541755676,0.0,1.703689694404602,0.0,10.679515599273145,0.0,PD,ok,
0.001,0.01,0.001,0.01,0.0001,0.01,100.0,0.0,False,1,0.4674375653266907,0.0,0.2095065861940384,0.0,0.2579309642314911,0.0,1.7036895751953125,0.0,2.171127140522003,0.0,0.4674375653266907,0.0,0.2095065861940384,0.0,0.2579309642314911,0.0,1.7036895751953125,0.0,2.171127140522003,0.0,0.4674375653266907,0.0,0.2095065861940384,0.0,0.2579309642314911,0.0,1.7036895751953125,0.0,10.80094525590539,0.0,PD,ok,
0.001,0.1,0.001,0.01,0.0001,0.01,100.0,0.0,False,1,0.4674408435821533,0.0,0.20950834453105927,0.0,0.25793248414993286,0.0,1.703683614730835,0.0,2.1711244583129883,0.0,0.4674408435821533,0.0,0.20950834453105927,0.0,0.25793248414993286,0.0,1.703683614730835,0.0,2.1711244583129883,0.0,0.4674408435821533,0.0,0.20950834453105927,0.0,0.25793248414993286,0.0,1.703683614730835,0.0,10.946380447596312,0.0,PD,ok,
0.001,0.0001,0.001,0.001,0.0001,0.01,100.0,0.0,False,1,0.46778595447540283,0.0,0.20952576398849487,0.0,0.25826019048690796,0.0,1.704146146774292,0.0,2.171932101249695,0.0,0.46778595447540283,0.0,0.20952576398849487,0.0,0.25826019048690796,0.0,1.704146146774292,0.0,2.171932101249695,0.0,0.46778595447540283,0.0,0.20952576398849487,0.0,0.25826019048690796,0.0,1.704146146774292,0.0,10.540438941679895,0.0,PD,ok,
0.001,0.001,0.001,0.001,0.0001,0.01,100.0,0.0,False,1,0.4677859842777252,0.0,0.20952579379081726,0.0,0.25826019048690796,0.0,1.704145908355713,0.0,2.171931892633438,0.0,0.4677859842777252,0.0,0.20952579379081726,0.0,0.25826019048690796,0.0,1.704145908355713,0.0,2.171931892633438,0.0,0.4677859842777252,0.0,0.20952579379081726,0.0,0.25826019048690796,0.0,1.704145908355713,0.0,10.908845348283648,0.0,PD,ok,
0.001,0.01,0.001,0.001,0.0001,0.01,100.0,0.0,False,1,0.46778634190559387,0.0,0.2095259726047516,0.0,0.2582603693008423,0.0,1.7041451930999756,0.0,2.1719315350055695,0.0,0.46778634190559387,0.0,0.2095259726047516,0.0,0.2582603693008423,0.0,1.7041451930999756,0.0,2.1719315350055695,0.0,0.46778634190559387,0.0,0.2095259726047516,0.0,0.2582603693008423,0.0,1.7041451930999756,0.0,10.793674097396433,0.0,PD,ok,
0.001,0.1,0.001,0.001,0.0001,0.01,100.0,0.0,False,1,0.4677897095680237,0.0,0.20952771604061127,0.0,0.2582619786262512,0.0,1.704140305519104,0.0,2.1719300150871277,0.0,0.4677897095680237,0.0,0.20952771604061127,0.0,0.2582619786262512,0.0,1.704140305519104,0.0,2.1719300150871277,0.0,0.4677897095680237,0.0,0.20952771604061127,0.0,0.2582619786262512,0.0,1.704140305519104,0.0,10.798446514643729,0.0,PD,ok,
0.001,0.0001,0.01,0.1,0.0001,0.01,100.0,0.0,False,1,0.46492263674736023,0.0,0.21016454696655273,0.0,0.2547580897808075,0.0,1.699418544769287,0.0,2.1643411815166473,0.0,0.46492263674736023,0.0,0.21016454696655273,0.0,0.2547580897808075,0.0,1.699418544769287,0.0,2.1643411815166473,0.0,0.46492263674736023,0.0,0.21016454696655273,0.0,0.2547580897808075,0.0,1.699418544769287,0.0,10.591019847430289,0.0,PD,ok,
0.001,0.001,0.01,0.1,0.0001,0.01,100.0,0.0,False,1,0.46492284536361694,0.0,0.21016459167003632,0.0,0.25475823879241943,0.0,1.699418544769287,0.0,2.164341390132904,0.0,0.46492284536361694,0.0,0.21016459167003632,0.0,0.25475823879241943,0.0,1.699418544769287,0.0,2.164341390132904,0.0,0.46492284536361694,0.0,0.21016459167003632,0.0,0.25475823879241943,0.0,1.699418544769287,0.0,10.820574946701527,0.0,PD,ok,
0.001,0.01,0.01,0.1,0.0001,0.01,100.0,0.0,False,1,0.46492311358451843,0.0,0.21016472578048706,0.0,0.25475838780403137,0.0,1.6994178295135498,0.0,2.1643409430980682,0.0,0.46492311358451843,0.0,0.21016472578048706,0.0,0.25475838780403137,0.0,1.6994178295135498,0.0,2.1643409430980682,0.0,0.46492311358451843,0.0,0.21016472578048706,0.0,0.25475838780403137,0.0,1.6994178295135498,0.0,10.627836825326085,0.0,PD,ok,
0.001,0.1,0.01,0.1,0.0001,0.01,100.0,0.0,False,1,0.4649258255958557,0.0,0.21016579866409302,0.0,0.2547600269317627,0.0,1.6994119882583618,0.0,2.1643378138542175,0.0,0.4649258255958557,0.0,0.21016579866409302,0.0,0.2547600269317627,0.0,1.6994119882583618,0.0,2.1643378138542175,0.0,0.4649258255958557,0.0,0.21016579866409302,0.0,0.2547600269317627,0.0,1.6994119882583618,0.0,10.95758053008467,0.0,PD,ok,
0.001,0.0001,0.01,0.01,0.0001,0.01,100.0,0.0,False,1,0.46842455863952637,0.0,0.21038895845413208,0.0,0.2580356001853943,0.0,1.7039227485656738,0.0,2.1723473072052,0.0,0.46842455863952637,0.0,0.21038895845413208,0.0,0.2580356001853943,0.0,1.7039227485656738,0.0,2.1723473072052,0.0,0.46842455863952637,0.0,0.21038895845413208,0.0,0.2580356001853943,0.0,1.7039227485656738,0.0,10.589772946201265,0.0,PD,ok,
0.001,0.001,0.01,0.01,0.0001,0.01,100.0,0.0,False,1,0.46842455863952637,0.0,0.21038906276226044,0.0,0.2580355107784271,0.0,1.7039227485656738,0.0,2.1723473072052,0.0,0.46842455863952637,0.0,0.21038906276226044,0.0,0.2580355107784271,0.0,1.7039227485656738,0.0,2.1723473072052,0.0,0.46842455863952637,0.0,0.21038906276226044,0.0,0.2580355107784271,0.0,1.7039227485656738,0.0,10.735044912435114,0.0,PD,ok,
0.001,0.01,0.01,0.01,0.0001,0.01,100.0,0.0,False,1,0.46842482686042786,0.0,0.2103891372680664,0.0,0.25803568959236145,0.0,1.7039214372634888,0.0,2.1723462641239166,0.0,0.46842482686042786,0.0,0.2103891372680664,0.0,0.25803568959236145,0.0,1.7039214372634888,0.0,2.1723462641239166,0.0,0.46842482686042786,0.0,0.2103891372680664,0.0,0.25803568959236145,0.0,1.7039214372634888,0.0,10.800289131700993,0.0,PD,ok,
0.001,0.1,0.01,0.01,0.0001,0.01,100.0,0.0,False,1,0.46842753887176514,0.0,0.210390105843544,0.0,0.2580374479293823,0.0,1.7039165496826172,0.0,2.1723440885543823,0.0,0.46842753887176514,0.0,0.210390105843544,0.0,0.2580374479293823,0.0,1.7039165496826172,0.0,2.1723440885543823,0.0,0.46842753887176514,0.0,0.210390105843544,0.0,0.2580374479293823,0.0,1.7039165496826172,0.0,10.975469659082592,0.0,PD,ok,
0.001,0.0001,0.01,0.001,0.0001,0.01,100.0,0.0,False,1,0.46877196431159973,0.0,0.2104114592075348,0.0,0.25836050510406494,0.0,1.7043733596801758,0.0,2.1731453239917755,0.0,0.46877196431159973,0.0,0.2104114592075348,0.0,0.25836050510406494,0.0,1.7043733596801758,0.0,2.1731453239917755,0.0,0.46877196431159973,0.0,0.2104114592075348,0.0,0.25836050510406494,0.0,1.7043733596801758,0.0,10.604352999478579,0.0,PD,ok,
0.001,0.001,0.01,0.001,0.0001,0.01,100.0,0.0,False,1,0.4687720239162445,0.0,0.2104114592075348,0.0,0.2583605647087097,0.0,1.704374074935913,0.0,2.1731460988521576,0.0,0.4687720239162445,0.0,0.2104114592075348,0.0,0.2583605647087097,0.0,1.704374074935913,0.0,2.1731460988521576,0.0,0.4687720239162445,0.0,0.2104114592075348,0.0,0.2583605647087097,0.0,1.704374074935913,0.0,10.586410731077194,0.0,PD,ok,
0.001,0.01,0.01,0.001,0.0001,0.01,100.0,0.0,False,1,0.4687722623348236,0.0,0.21041154861450195,0.0,0.25836071372032166,0.0,1.7043728828430176,0.0,2.173145145177841,0.0,0.4687722623348236,0.0,0.21041154861450195,0.0,0.25836071372032166,0.0,1.7043728828430176,0.0,2.173145145177841,0.0,0.4687722623348236,0.0,0.21041154861450195,0.0,0.25836071372032166,0.0,1.7043728828430176,0.0,10.881433909758925,0.0,PD,ok,
0.001,0.1,0.01,0.001,0.0001,0.01,100.0,0.0,False,1,0.46877479553222656,0.0,0.2104124277830124,0.0,0.25836238265037537,0.0,1.7043675184249878,0.0,2.1731423139572144,0.0,0.46877479553222656,0.0,0.2104124277830124,0.0,0.25836238265037537,0.0,1.7043675184249878,0.0,2.1731423139572144,0.0,0.46877479553222656,0.0,0.2104124277830124,0.0,0.25836238265037537,0.0,1.7043675184249878,0.0,10.876946699805558,0.0,PD,ok,
0.001,0.0001,0.001,0.1,0.0001,0.001,100.0,0.0,False,1,0.4683592915534973,0.0,0.21204321086406708,0.0,0.25631609559059143,0.0,1.7031738758087158,0.0,2.171533167362213,0.0,0.4683592915534973,0.0,0.21204321086406708,0.0,0.25631609559059143,0.0,1.7031738758087158,0.0,2.171533167362213,0.0,0.4683592915534973,0.0,0.21204321086406708,0.0,0.25631609559059143,0.0,1.7031738758087158,0.0,10.633745352737606,0.0,PD,ok,
0.001,0.001,0.001,0.1,0.0001,0.001,100.0,0.0,False,1,0.4683592915534973,0.0,0.21204321086406708,0.0,0.25631606578826904,0.0,1.7031739950180054,0.0,2.1715332865715027,0.0,0.4683592915534973,0.0,0.21204321086406708,0.0,0.25631606578826904,0.0,1.7031739950180054,0.0,2.1715332865715027,0.0,0.4683592915534973,0.0,0.21204321086406708,0.0,0.25631606578826904,0.0,1.7031739950180054,0.0,10.559495454654098,0.0,PD,ok,
0.001,0.01,0.001,0.1,0.0001,0.001,100.0,0.0,False,1,0.4683596193790436,0.0,0.2120433747768402,0.0,0.25631624460220337,0.0,1.7031731605529785,0.0,2.171532779932022,0.0,0.4683596193790436,0.0,0.2120433747768402,0.0,0.25631624460220337,0.0,1.7031731605529785,0.0,2.171532779932022,0.0,0.4683596193790436,0.0,0.2120433747768402,0.0,0.25631624460220337,0.0,1.7031731605529785,0.0,10.789411552250385,0.0,PD,ok,
0.001,0.1,0.001,0.1,0.0001,0.001,100.0,0.0,False,1,0.46836283802986145,0.0,0.21204513311386108,0.0,0.25631770491600037,0.0,1.7031687498092651,0.0,2.1715315878391266,0.0,0.46836283802986145,0.0,0.21204513311386108,0.0,0.25631770491600037,0.0,1.7031687498092651,0.0,2.1715315878391266,0.0,0.46836283802986145,0.0,0.21204513311386108,0.0,0.25631770491600037,0.0,1.7031687498092651,0.0,10.873680716380477,0.0,PD,ok,
0.001,0.0001,0.001,0.01,0.0001,0.001,100.0,0.0,False,1,0.4686815142631531,0.0,0.21206121146678925,0.0,0.25662028789520264,0.0,1.703603744506836,0.0,2.172285258769989,0.0,0.4686815142631531,0.0,0.21206121146678925,0.0,0.25662028789520264,0.0,1.703603744506836,0.0,2.172285258769989,0.0,0.4686815142631531,0.0,0.21206121146678925,0.0,0.25662028789520264,0.0,1.703603744506836,0.0,10.511364246718585,0.0,PD,ok,
0.001,0.001,0.001,0.01,0.0001,0.001,100.0,0.0,False,1,0.4686815142631531,0.0,0.21206121146678925,0.0,0.256620317697525,0.0,1.7036033868789673,0.0,2.1722849011421204,0.0,0.4686815142631531,0.0,0.21206121146678925,0.0,0.256620317697525,0.0,1.7036033868789673,0.0,2.1722849011421204,0.0,0.4686815142631531,0.0,0.21206121146678925,0.0,0.256620317697525,0.0,1.7036033868789673,0.0,10.554862284101546,0.0,PD,ok,
0.001,0.01,0.001,0.01,0.0001,0.001,100.0,0.0,False,1,0.46868181228637695,0.0,0.21206134557724,0.0,0.25662046670913696,0.0,1.70360267162323,0.0,2.172284483909607,0.0,0.46868181228637695,0.0,0.21206134557724,0.0,0.25662046670913696,0.0,1.70360267162323,0.0,2.172284483909607,0.0,0.46868181228637695,0.0,0.21206134557724,0.0,0.25662046670913696,0.0,1.70360267162323,0.0,10.854777922853827,0.0,PD,ok,
0.001,0.0001,0.001,0.001,0.0001,0.001,100.0,0.0,False,1,0.4687137007713318,0.0,0.21206296980381012,0.0,0.25665074586868286,0.0,1.7036454677581787,0.0,2.1723591685295105,0.0,0.4687137007713318,0.0,0.21206296980381012,0.0,0.25665074586868286,0.0,1.7036454677581787,0.0,2.1723591685295105,0.0,0.4687137007713318,0.0,0.21206296980381012,0.0,0.25665074586868286,0.0,1.7036454677581787,0.0,10.5126534961164,0.0,PD,ok,
0.001,0.001,0.001,0.001,0.0001,0.001,100.0,0.0,False,1,0.4687138795852661,0.0,0.21206305921077728,0.0,0.25665080547332764,0.0,1.7036452293395996,0.0,2.1723591089248657,0.0,0.4687138795852661,0.0,0.21206305921077728,0.0,0.25665080547332764,0.0,1.7036452293395996,0.0,2.1723591089248657,0.0,0.4687138795852661,0.0,0.21206305921077728,0.0,0.25665080547332764,0.0,1.7036452293395996,0.0,10.92621188890189,0.0,PD,ok,
0.001,0.1,0.001,0.01,0.0001,0.001,100.0,0.0,False,1,0.4686850309371948,0.0,0.21206310391426086,0.0,0.25662192702293396,0.0,1.7035984992980957,0.0,2.1722835302352905,0.0,0.4686850309371948,0.0,0.21206310391426086,0.0,0.25662192702293396,0.0,1.7035984992980957,0.0,2.1722835302352905,0.0,0.4686850309371948,0.0,0.21206310391426086,0.0,0.25662192702293396,0.0,1.7035984992980957,0.0,10.972222336567938,0.0,PD,ok,
0.001,0.01,0.001,0.001,0.0001,0.001,100.0,0.0,False,1,0.4687140882015228,0.0,0.21206319332122803,0.0,0.2566508948802948,0.0,1.7036447525024414,0.0,2.1723588407039642,0.0,0.4687140882015228,0.0,0.21206319332122803,0.0,0.2566508948802948,0.0,1.7036447525024414,0.0,2.1723588407039642,0.0,0.4687140882015228,0.0,0.21206319332122803,0.0,0.2566508948802948,0.0,1.7036447525024414,0.0,10.773922875523567,0.0,PD,ok,
0.001,0.1,0.001,0.001,0.0001,0.001,100.0,0.0,False,1,0.4687173068523407,0.0,0.2120649516582489,0.0,0.2566523551940918,0.0,1.703641653060913,0.0,2.172358959913254,0.0,0.4687173068523407,0.0,0.2120649516582489,0.0,0.2566523551940918,0.0,1.703641653060913,0.0,2.172358959913254,0.0,0.4687173068523407,0.0,0.2120649516582489,0.0,0.2566523551940918,0.0,1.703641653060913,0.0,10.796599728055298,0.0,PD,ok,
0.001,0.001,0.01,0.1,0.0001,0.001,100.0,0.0,False,1,0.46845895051956177,0.0,0.21213912963867188,0.0,0.2563198208808899,0.0,1.7031898498535156,0.0,2.1716488003730774,0.0,0.46845895051956177,0.0,0.21213912963867188,0.0,0.2563198208808899,0.0,1.7031898498535156,0.0,2.1716488003730774,0.0,0.46845895051956177,0.0,0.21213912963867188,0.0,0.2563198208808899,0.0,1.7031898498535156,0.0,10.803470382466912,0.0,PD,ok,
0.001,0.0001,0.01,0.1,0.0001,0.001,100.0,0.0,False,1,0.46845895051956177,0.0,0.21213918924331665,0.0,0.2563197612762451,0.0,1.7031900882720947,0.0,2.1716490387916565,0.0,0.46845895051956177,0.0,0.21213918924331665,0.0,0.2563197612762451,0.0,1.7031900882720947,0.0,2.1716490387916565,0.0,0.46845895051956177,0.0,0.21213918924331665,0.0,0.2563197612762451,0.0,1.7031900882720947,0.0,10.63705356232822,0.0,PD,ok,
0.001,0.01,0.01,0.1,0.0001,0.001,100.0,0.0,False,1,0.4684593081474304,0.0,0.21213935315608978,0.0,0.25631996989250183,0.0,1.7031898498535156,0.0,2.171649158000946,0.0,0.4684593081474304,0.0,0.21213935315608978,0.0,0.25631996989250183,0.0,1.7031898498535156,0.0,2.171649158000946,0.0,0.4684593081474304,0.0,0.21213935315608978,0.0,0.25631996989250183,0.0,1.7031898498535156,0.0,10.629943276755512,0.0,PD,ok,
0.001,0.1,0.01,0.1,0.0001,0.001,100.0,0.0,False,1,0.46846237778663635,0.0,0.2121409773826599,0.0,0.25632140040397644,0.0,1.7031848430633545,0.0,2.171647220849991,0.0,0.46846237778663635,0.0,0.2121409773826599,0.0,0.25632140040397644,0.0,1.7031848430633545,0.0,2.171647220849991,0.0,0.46846237778663635,0.0,0.2121409773826599,0.0,0.25632140040397644,0.0,1.7031848430633545,0.0,10.956004036590457,0.0,PD,ok,
0.001,0.0001,0.01,0.01,0.0001,0.001,100.0,0.0,False,1,0.4687831997871399,0.0,0.21216022968292236,0.0,0.25662297010421753,0.0,1.703617811203003,0.0,2.172401010990143,0.0,0.4687831997871399,0.0,0.21216022968292236,0.0,0.25662297010421753,0.0,1.703617811203003,0.0,2.172401010990143,0.0,0.4687831997871399,0.0,0.21216022968292236,0.0,0.25662297010421753,0.0,1.703617811203003,0.0,10.56318043358624,0.0,PD,ok,
0.001,0.001,0.01,0.01,0.0001,0.001,100.0,0.0,False,1,0.4687831997871399,0.0,0.21216022968292236,0.0,0.25662297010421753,0.0,1.7036176919937134,0.0,2.1724008917808533,0.0,0.4687831997871399,0.0,0.21216022968292236,0.0,0.25662297010421753,0.0,1.7036176919937134,0.0,2.1724008917808533,0.0,0.4687831997871399,0.0,0.21216022968292236,0.0,0.25662297010421753,0.0,1.7036176919937134,0.0,10.676527540199459,0.0,PD,ok,
0.001,0.01,0.01,0.01,0.0001,0.001,100.0,0.0,False,1,0.4687836170196533,0.0,0.21216043829917908,0.0,0.25662317872047424,0.0,1.7036174535751343,0.0,2.1724010705947876,0.0,0.4687836170196533,0.0,0.21216043829917908,0.0,0.25662317872047424,0.0,1.7036174535751343,0.0,2.1724010705947876,0.0,0.4687836170196533,0.0,0.21216043829917908,0.0,0.25662317872047424,0.0,1.7036174535751343,0.0,10.89012754894793,0.0,PD,ok,
0.001,0.1,0.01,0.01,0.0001,0.001,100.0,0.0,False,1,0.4687865972518921,0.0,0.21216201782226562,0.0,0.25662457942962646,0.0,1.7036139965057373,0.0,2.1724005937576294,0.0,0.4687865972518921,0.0,0.21216201782226562,0.0,0.25662457942962646,0.0,1.7036139965057373,0.0,2.1724005937576294,0.0,0.4687865972518921,0.0,0.21216201782226562,0.0,0.25662457942962646,0.0,1.7036139965057373,0.0,10.832132445648313,0.0,PD,ok,
0.001,0.0001,0.01,0.001,0.0001,0.001,100.0,0.0,False,1,0.46881574392318726,0.0,0.21216236054897308,0.0,0.256653368473053,0.0,1.703661561012268,0.0,2.1724773049354553,0.0,0.46881574392318726,0.0,0.21216236054897308,0.0,0.256653368473053,0.0,1.703661561012268,0.0,2.1724773049354553,0.0,0.46881574392318726,0.0,0.21216236054897308,0.0,0.256653368473053,0.0,1.703661561012268,0.0,10.630147961899638,0.0,PD,ok,
0.001,0.001,0.01,0.001,0.0001,0.001,100.0,0.0,False,1,0.4688156843185425,0.0,0.21216236054897308,0.0,0.2566533088684082,0.0,1.7036609649658203,0.0,2.172476649284363,0.0,0.4688156843185425,0.0,0.21216236054897308,0.0,0.2566533088684082,0.0,1.7036609649658203,0.0,2.172476649284363,0.0,0.4688156843185425,0.0,0.21216236054897308,0.0,0.2566533088684082,0.0,1.7036609649658203,0.0,10.599669990129769,0.0,PD,ok,
0.001,0.01,0.01,0.001,0.0001,0.001,100.0,0.0,False,1,0.46881604194641113,0.0,0.21216249465942383,0.0,0.2566535472869873,0.0,1.703660488128662,0.0,2.1724765300750732,0.0,0.46881604194641113,0.0,0.21216249465942383,0.0,0.2566535472869873,0.0,1.703660488128662,0.0,2.1724765300750732,0.0,0.46881604194641113,0.0,0.21216249465942383,0.0,0.2566535472869873,0.0,1.703660488128662,0.0,10.875487832352519,0.0,PD,ok,
0.001,0.1,0.01,0.001,0.0001,0.001,100.0,0.0,False,1,0.46881920099258423,0.0,0.21216417849063873,0.0,0.2566550076007843,0.0,1.7036561965942383,0.0,2.1724753975868225,0.0,0.46881920099258423,0.0,0.21216417849063873,0.0,0.2566550076007843,0.0,1.7036561965942383,0.0,2.1724753975868225,0.0,0.46881920099258423,0.0,0.21216417849063873,0.0,0.2566550076007843,0.0,1.7036561965942383,0.0,10.888204582035542,0.0,PD,ok,
0.001,0.0001,0.1,0.1,0.0001,0.001,100.0,0.0,False,1,0.4694705307483673,0.0,0.2131214141845703,0.0,0.256349116563797,0.0,1.703343152999878,0.0,2.1728136837482452,0.0,0.4694705307483673,0.0,0.2131214141845703,0.0,0.256349116563797,0.0,1.703343152999878,0.0,2.1728136837482452,0.0,0.4694705307483673,0.0,0.2131214141845703,0.0,0.256349116563797,0.0,1.703343152999878,0.0,10.625948778353631,0.0,PD,ok,
0.001,0.001,0.1,0.1,0.0001,0.001,100.0,0.0,False,1,0.4694705903530121,0.0,0.2131214141845703,0.0,0.2563491761684418,0.0,1.703343391418457,0.0,2.172813981771469,0.0,0.4694705903530121,0.0,0.2131214141845703,0.0,0.2563491761684418,0.0,1.703343391418457,0.0,2.172813981771469,0.0,0.4694705903530121,0.0,0.2131214141845703,0.0,0.2563491761684418,0.0,1.703343391418457,0.0,10.848268954083323,0.0,PD,ok,
0.001,0.01,0.1,0.1,0.0001,0.001,100.0,0.0,False,1,0.4694707989692688,0.0,0.2131214588880539,0.0,0.2563493251800537,0.0,1.703343152999878,0.0,2.1728139519691467,0.0,0.4694707989692688,0.0,0.2131214588880539,0.0,0.2563493251800537,0.0,1.703343152999878,0.0,2.1728139519691467,0.0,0.4694707989692688,0.0,0.2131214588880539,0.0,0.2563493251800537,0.0,1.703343152999878,0.0,10.882792817428708,0.0,PD,ok,
0.001,0.1,0.1,0.1,0.0001,0.001,100.0,0.0,False,1,0.46947336196899414,0.0,0.21312235295772552,0.0,0.2563510239124298,0.0,1.7033392190933228,0.0,2.172812581062317,0.0,0.46947336196899414,0.0,0.21312235295772552,0.0,0.2563510239124298,0.0,1.7033392190933228,0.0,2.172812581062317,0.0,0.46947336196899414,0.0,0.21312235295772552,0.0,0.2563510239124298,0.0,1.7033392190933228,0.0,10.947541032917798,0.0,PD,ok,
0.001,0.0001,0.1,0.01,0.0001,0.001,100.0,0.0,False,1,0.46981513500213623,0.0,0.21317316591739655,0.0,0.2566419541835785,0.0,1.703760027885437,0.0,2.1735751628875732,0.0,0.46981513500213623,0.0,0.21317316591739655,0.0,0.2566419541835785,0.0,1.703760027885437,0.0,2.1735751628875732,0.0,0.46981513500213623,0.0,0.21317316591739655,0.0,0.2566419541835785,0.0,1.703760027885437,0.0,10.605136735364795,0.0,PD,ok,
0.001,0.001,0.1,0.01,0.0001,0.001,100.0,0.0,False,1,0.46981513500213623,0.0,0.21317316591739655,0.0,0.2566419541835785,0.0,1.7037599086761475,0.0,2.1735750436782837,0.0,0.46981513500213623,0.0,0.21317316591739655,0.0,0.2566419541835785,0.0,1.7037599086761475,0.0,2.1735750436782837,0.0,0.46981513500213623,0.0,0.21317316591739655,0.0,0.2566419541835785,0.0,1.7037599086761475,0.0,10.633089476265013,0.0,PD,ok,
0.001,0.01,0.1,0.01,0.0001,0.001,100.0,0.0,False,1,0.4698154330253601,0.0,0.21317319571971893,0.0,0.25664222240448,0.0,1.703760027885437,0.0,2.173575460910797,0.0,0.4698154330253601,0.0,0.21317319571971893,0.0,0.25664222240448,0.0,1.703760027885437,0.0,2.173575460910797,0.0,0.4698154330253601,0.0,0.21317319571971893,0.0,0.25664222240448,0.0,1.703760027885437,0.0,11.002869341522455,0.0,PD,ok,
0.001,0.1,0.1,0.01,0.0001,0.001,100.0,0.0,False,1,0.4698178470134735,0.0,0.21317404508590698,0.0,0.25664380192756653,0.0,1.7037558555603027,0.0,2.1735737025737762,0.0,0.4698178470134735,0.0,0.21317404508590698,0.0,0.25664380192756653,0.0,1.7037558555603027,0.0,2.1735737025737762,0.0,0.4698178470134735,0.0,0.21317404508590698,0.0,0.25664380192756653,0.0,1.7037558555603027,0.0,10.786618519574404,0.0,PD,ok,
0.001,0.0001,0.1,0.001,0.0001,0.001,100.0,0.0,False,1,0.4698495864868164,0.0,0.213178351521492,0.0,0.2566712498664856,0.0,1.7038018703460693,0.0,2.1736514568328857,0.0,0.4698495864868164,0.0,0.213178351521492,0.0,0.2566712498664856,0.0,1.7038018703460693,0.0,2.1736514568328857,0.0,0.4698495864868164,0.0,0.213178351521492,0.0,0.2566712498664856,0.0,1.7038018703460693,0.0,10.576332452706993,0.0,PD,ok,
0.001,0.001,0.1,0.001,0.0001,0.001,100.0,0.0,False,1,0.4698496460914612,0.0,0.213178351521492,0.0,0.25667130947113037,0.0,1.7038016319274902,0.0,2.1736512780189514,0.0,0.4698496460914612,0.0,0.213178351521492,0.0,0.25667130947113037,0.0,1.7038016319274902,0.0,2.1736512780189514,0.0,0.4698496460914612,0.0,0.213178351521492,0.0,0.25667130947113037,0.0,1.7038016319274902,0.0,10.701383847743273,0.0,PD,ok,
0.001,0.01,0.1,0.001,0.0001,0.001,100.0,0.0,False,1,0.46984976530075073,0.0,0.2131783813238144,0.0,0.25667139887809753,0.0,1.7038017511367798,0.0,2.1736515164375305,0.0,0.46984976530075073,0.0,0.2131783813238144,0.0,0.25667139887809753,0.0,1.7038017511367798,0.0,2.1736515164375305,0.0,0.46984976530075073,0.0,0.2131783813238144,0.0,0.25667139887809753,0.0,1.7038017511367798,0.0,10.906344519928098,0.0,PD,ok,
0.001,0.1,0.1,0.001,0.0001,0.001,100.0,0.0,False,1,0.4698522686958313,0.0,0.21317923069000244,0.0,0.25667303800582886,0.0,1.7037978172302246,0.0,2.173650085926056,0.0,0.4698522686958313,0.0,0.21317923069000244,0.0,0.25667303800582886,0.0,1.7037978172302246,0.0,2.173650085926056,0.0,0.4698522686958313,0.0,0.21317923069000244,0.0,0.25667303800582886,0.0,1.7037978172302246,0.0,10.968658924102783,0.0,PD,ok,
0.001,0.0001,0.001,0.1,0.0001,0.0001,100.0,0.0,False,1,0.4704540967941284,0.0,0.21398736536502838,0.0,0.25646671652793884,0.0,1.7031406164169312,0.0,2.1735947132110596,0.0,0.4704540967941284,0.0,0.21398736536502838,0.0,0.25646671652793884,0.0,1.7031406164169312,0.0,2.1735947132110596,0.0,0.4704540967941284,0.0,0.21398736536502838,0.0,0.25646671652793884,0.0,1.7031406164169312,0.0,10.608891834504902,0.0,PD,ok,
0.001,0.001,0.001,0.1,0.0001,0.0001,100.0,0.0,False,1,0.4704540967941284,0.0,0.21398736536502838,0.0,0.25646671652793884,0.0,1.7031404972076416,0.0,2.17359459400177,0.0,0.4704540967941284,0.0,0.21398736536502838,0.0,0.25646671652793884,0.0,1.7031404972076416,0.0,2.17359459400177,0.0,0.4704540967941284,0.0,0.21398736536502838,0.0,0.25646671652793884,0.0,1.7031404972076416,0.0,10.577000476419926,0.0,PD,ok,
0.001,0.01,0.001,0.1,0.0001,0.0001,100.0,0.0,False,1,0.4704543650150299,0.0,0.21398749947547913,0.0,0.2564668655395508,0.0,1.7031407356262207,0.0,2.1735951006412506,0.0,0.4704543650150299,0.0,0.21398749947547913,0.0,0.2564668655395508,0.0,1.7031407356262207,0.0,2.1735951006412506,0.0,0.4704543650150299,0.0,0.21398749947547913,0.0,0.2564668655395508,0.0,1.7031407356262207,0.0,10.770936459302902,0.0,PD,ok,
0.001,0.0001,0.001,0.01,0.0001,0.0001,100.0,0.0,False,1,0.4704847037792206,0.0,0.21398848295211792,0.0,0.25649622082710266,0.0,1.703183650970459,0.0,2.1736683547496796,0.0,0.4704847037792206,0.0,0.21398848295211792,0.0,0.25649622082710266,0.0,1.703183650970459,0.0,2.1736683547496796,0.0,0.4704847037792206,0.0,0.21398848295211792,0.0,0.25649622082710266,0.0,1.703183650970459,0.0,10.500352611765265,0.0,PD,ok,
0.001,0.001,0.001,0.01,0.0001,0.0001,100.0,0.0,False,1,0.4704846739768982,0.0,0.21398848295211792,0.0,0.2564961910247803,0.0,1.703183650970459,0.0,2.173668324947357,0.0,0.4704846739768982,0.0,0.21398848295211792,0.0,0.2564961910247803,0.0,1.703183650970459,0.0,2.173668324947357,0.0,0.4704846739768982,0.0,0.21398848295211792,0.0,0.2564961910247803,0.0,1.703183650970459,0.0,10.54202064871788,0.0,PD,ok,
0.001,0.0001,0.001,0.001,0.0001,0.0001,100.0,0.0,False,1,0.47048768401145935,0.0,0.21398857235908508,0.0,0.25649911165237427,0.0,1.7031885385513306,0.0,2.17367622256279,0.0,0.47048768401145935,0.0,0.21398857235908508,0.0,0.25649911165237427,0.0,1.7031885385513306,0.0,2.17367622256279,0.0,0.47048768401145935,0.0,0.21398857235908508,0.0,0.25649911165237427,0.0,1.7031885385513306,0.0,10.567415043711662,0.0,PD,ok,
0.001,0.001,0.001,0.001,0.0001,0.0001,100.0,0.0,False,1,0.4704877734184265,0.0,0.21398860216140747,0.0,0.25649917125701904,0.0,1.7031888961791992,0.0,2.1736766695976257,0.0,0.4704877734184265,0.0,0.21398860216140747,0.0,0.25649917125701904,0.0,1.7031888961791992,0.0,2.1736766695976257,0.0,0.4704877734184265,0.0,0.21398860216140747,0.0,0.25649917125701904,0.0,1.7031888961791992,0.0,10.903190445154905,0.0,PD,ok,
0.001,0.01,0.001,0.01,0.0001,0.0001,100.0,0.0,False,1,0.47048497200012207,0.0,0.21398860216140747,0.0,0.2564963698387146,0.0,1.703183889389038,0.0,2.17366886138916,0.0,0.47048497200012207,0.0,0.21398860216140747,0.0,0.2564963698387146,0.0,1.703183889389038,0.0,2.17366886138916,0.0,0.47048497200012207,0.0,0.21398860216140747,0.0,0.2564963698387146,0.0,1.703183889389038,0.0,10.840037975460291,0.0,PD,ok,
0.001,0.01,0.001,0.001,0.0001,0.0001,100.0,0.0,False,1,0.470488041639328,0.0,0.2139887809753418,0.0,0.2564992606639862,0.0,1.7031879425048828,0.0,2.173675984144211,0.0,0.470488041639328,0.0,0.2139887809753418,0.0,0.2564992606639862,0.0,1.7031879425048828,0.0,2.173675984144211,0.0,0.470488041639328,0.0,0.2139887809753418,0.0,0.2564992606639862,0.0,1.7031879425048828,0.0,10.805091192945838,0.0,PD,ok,
0.001,0.1,0.001,0.1,0.0001,0.0001,100.0,0.0,False,1,0.4704570770263672,0.0,0.2139890044927597,0.0,0.2564680576324463,0.0,1.703136920928955,0.0,2.1735939979553223,0.0,0.4704570770263672,0.0,0.2139890044927597,0.0,0.2564680576324463,0.0,1.703136920928955,0.0,2.1735939979553223,0.0,0.4704570770263672,0.0,0.2139890044927597,0.0,0.2564680576324463,0.0,1.703136920928955,0.0,10.860311588272452,0.0,PD,ok,
0.001,0.1,0.001,0.01,0.0001,0.0001,100.0,0.0,False,1,0.47048771381378174,0.0,0.21399015188217163,0.0,0.2564975619316101,0.0,1.7031811475753784,0.0,2.17366886138916,0.0,0.47048771381378174,0.0,0.21399015188217163,0.0,0.2564975619316101,0.0,1.7031811475753784,0.0,2.17366886138916,0.0,0.47048771381378174,0.0,0.21399015188217163,0.0,0.2564975619316101,0.0,1.7031811475753784,0.0,10.929232437163591,0.0,PD,ok,
0.001,0.1,0.001,0.001,0.0001,0.0001,100.0,0.0,False,1,0.47049081325531006,0.0,0.21399028599262238,0.0,0.2565005421638489,0.0,1.7031861543655396,0.0,2.1736769676208496,0.0,0.47049081325531006,0.0,0.21399028599262238,0.0,0.2565005421638489,0.0,1.7031861543655396,0.0,2.1736769676208496,0.0,0.47049081325531006,0.0,0.21399028599262238,0.0,0.2565005421638489,0.0,1.7031861543655396,0.0,10.79700515884906,0.0,PD,ok,
0.001,0.0001,0.01,0.1,0.0001,0.0001,100.0,0.0,False,1,0.4704659581184387,0.0,0.21400104463100433,0.0,0.2564649283885956,0.0,1.7031400203704834,0.0,2.173605978488922,0.0,0.4704659581184387,0.0,0.21400104463100433,0.0,0.2564649283885956,0.0,1.7031400203704834,0.0,2.173605978488922,0.0,0.4704659581184387,0.0,0.21400104463100433,0.0,0.2564649283885956,0.0,1.7031400203704834,0.0,10.589291639626026,0.0,PD,ok,
0.001,0.001,0.01,0.1,0.0001,0.0001,100.0,0.0,False,1,0.47046613693237305,0.0,0.2140011340379715,0.0,0.25646498799324036,0.0,1.7031400203704834,0.0,2.1736061573028564,0.0,0.47046613693237305,0.0,0.2140011340379715,0.0,0.25646498799324036,0.0,1.7031400203704834,0.0,2.1736061573028564,0.0,0.47046613693237305,0.0,0.2140011340379715,0.0,0.25646498799324036,0.0,1.7031400203704834,0.0,10.842400627210736,0.0,PD,ok,
0.001,0.01,0.01,0.1,0.0001,0.0001,100.0,0.0,False,1,0.47046634554862976,0.0,0.21400126814842224,0.0,0.2564650774002075,0.0,1.703139305114746,0.0,2.173605650663376,0.0,0.47046634554862976,0.0,0.21400126814842224,0.0,0.2564650774002075,0.0,1.703139305114746,0.0,2.173605650663376,0.0,0.47046634554862976,0.0,0.21400126814842224,0.0,0.2564650774002075,0.0,1.703139305114746,0.0,10.63143721036613,0.0,PD,ok,
0.001,0.0001,0.01,0.01,0.0001,0.0001,100.0,0.0,False,1,0.4704969525337219,0.0,0.2140025496482849,0.0,0.256494402885437,0.0,1.7031835317611694,0.0,2.1736804842948914,0.0,0.4704969525337219,0.0,0.2140025496482849,0.0,0.256494402885437,0.0,1.7031835317611694,0.0,2.1736804842948914,0.0,0.4704969525337219,0.0,0.2140025496482849,0.0,0.256494402885437,0.0,1.7031835317611694,0.0,10.600766632705927,0.0,PD,ok,
0.001,0.001,0.01,0.01,0.0001,0.0001,100.0,0.0,False,1,0.4704970121383667,0.0,0.2140025943517685,0.0,0.256494402885437,0.0,1.703183650970459,0.0,2.1736806631088257,0.0,0.4704970121383667,0.0,0.2140025943517685,0.0,0.256494402885437,0.0,1.703183650970459,0.0,2.1736806631088257,0.0,0.4704970121383667,0.0,0.2140025943517685,0.0,0.256494402885437,0.0,1.703183650970459,0.0,10.65407048817724,0.0,PD,ok,
0.001,0.0001,0.01,0.001,0.0001,0.0001,100.0,0.0,False,1,0.47050005197525024,0.0,0.21400272846221924,0.0,0.256497323513031,0.0,1.703188180923462,0.0,2.173688232898712,0.0,0.47050005197525024,0.0,0.21400272846221924,0.0,0.256497323513031,0.0,1.703188180923462,0.0,2.173688232898712,0.0,0.47050005197525024,0.0,0.21400272846221924,0.0,0.256497323513031,0.0,1.703188180923462,0.0,10.639639962464571,0.0,PD,ok,
0.001,0.001,0.01,0.001,0.0001,0.0001,100.0,0.0,False,1,0.47050005197525024,0.0,0.21400272846221924,0.0,0.256497323513031,0.0,1.7031877040863037,0.0,2.173687756061554,0.0,0.47050005197525024,0.0,0.21400272846221924,0.0,0.256497323513031,0.0,1.7031877040863037,0.0,2.173687756061554,0.0,0.47050005197525024,0.0,0.21400272846221924,0.0,0.256497323513031,0.0,1.7031877040863037,0.0,10.606628058478236,0.0,PD,ok,
0.001,0.01,0.01,0.01,0.0001,0.0001,100.0,0.0,False,1,0.47049716114997864,0.0,0.21400272846221924,0.0,0.2564944326877594,0.0,1.7031843662261963,0.0,2.173681527376175,0.0,0.47049716114997864,0.0,0.21400272846221924,0.0,0.2564944326877594,0.0,1.7031843662261963,0.0,2.173681527376175,0.0,0.47049716114997864,0.0,0.21400272846221924,0.0,0.2564944326877594,0.0,1.7031843662261963,0.0,10.886892691254616,0.0,PD,ok,
0.001,0.1,0.01,0.1,0.0001,0.0001,100.0,0.0,False,1,0.47046905755996704,0.0,0.21400272846221924,0.0,0.2564663290977478,0.0,1.7031371593475342,0.0,2.173606216907501,0.0,0.47046905755996704,0.0,0.21400272846221924,0.0,0.2564663290977478,0.0,1.7031371593475342,0.0,2.173606216907501,0.0,0.47046905755996704,0.0,0.21400272846221924,0.0,0.2564663290977478,0.0,1.7031371593475342,0.0,11.008125701919198,0.0,PD,ok,
0.001,0.01,0.01,0.001,0.0001,0.0001,100.0,0.0,False,1,0.47050023078918457,0.0,0.21400286257266998,0.0,0.2564973831176758,0.0,1.7031877040863037,0.0,2.1736879348754883,0.0,0.47050023078918457,0.0,0.21400286257266998,0.0,0.2564973831176758,0.0,1.7031877040863037,0.0,2.1736879348754883,0.0,0.47050023078918457,0.0,0.21400286257266998,0.0,0.2564973831176758,0.0,1.7031877040863037,0.0,10.912599242292345,0.0,PD,ok,
0.001,0.1,0.01,0.01,0.0001,0.0001,100.0,0.0,False,1,0.47049999237060547,0.0,0.2140042632818222,0.0,0.25649574398994446,0.0,1.7031803131103516,0.0,2.173680305480957,0.0,0.47049999237060547,0.0,0.2140042632818222,0.0,0.25649574398994446,0.0,1.7031803131103516,0.0,2.173680305480957,0.0,0.47049999237060547,0.0,0.2140042632818222,0.0,0.25649574398994446,0.0,1.7031803131103516,0.0,10.83484527375549,0.0,PD,ok,
0.001,0.1,0.01,0.001,0.0001,0.0001,100.0,0.0,False,1,0.470503032207489,0.0,0.21400439739227295,0.0,0.25649863481521606,0.0,1.7031842470169067,0.0,2.1736872792243958,0.0,0.470503032207489,0.0,0.21400439739227295,0.0,0.25649863481521606,0.0,1.7031842470169067,0.0,2.1736872792243958,0.0,0.470503032207489,0.0,0.21400439739227295,0.0,0.25649863481521606,0.0,1.7031842470169067,0.0,10.88908133842051,0.0,PD,ok,
0.001,0.001,0.1,0.1,0.0001,0.0001,100.0,0.0,False,1,0.47058701515197754,0.0,0.21414022147655487,0.0,0.25644680857658386,0.0,1.7031314373016357,0.0,2.1737184524536133,0.0,0.47058701515197754,0.0,0.21414022147655487,0.0,0.25644680857658386,0.0,1.7031314373016357,0.0,2.1737184524536133,0.0,0.47058701515197754,0.0,0.21414022147655487,0.0,0.25644680857658386,0.0,1.7031314373016357,0.0,10.851695072837174,0.0,PD,ok,
0.001,0.0001,0.1,0.1,0.0001,0.0001,100.0,0.0,False,1,0.4705870747566223,0.0,0.21414026618003845,0.0,0.25644680857658386,0.0,1.7031311988830566,0.0,2.173718273639679,0.0,0.4705870747566223,0.0,0.21414026618003845,0.0,0.25644680857658386,0.0,1.7031311988830566,0.0,2.173718273639679,0.0,0.4705870747566223,0.0,0.21414026618003845,0.0,0.25644680857658386,0.0,1.7031311988830566,0.0,10.597581064328551,0.0,PD,ok,
0.001,0.01,0.1,0.1,0.0001,0.0001,100.0,0.0,False,1,0.4705873727798462,0.0,0.21414043009281158,0.0,0.2564469277858734,0.0,1.703131079673767,0.0,2.1737184524536133,0.0,0.4705873727798462,0.0,0.21414043009281158,0.0,0.2564469277858734,0.0,1.703131079673767,0.0,2.1737184524536133,0.0,0.4705873727798462,0.0,0.21414043009281158,0.0,0.2564469277858734,0.0,1.703131079673767,0.0,10.877962730824947,0.0,PD,ok,
0.001,0.1,0.1,0.1,0.0001,0.0001,100.0,0.0,False,1,0.4705900549888611,0.0,0.21414189040660858,0.0,0.2564481794834137,0.0,1.7031266689300537,0.0,2.173716723918915,0.0,0.4705900549888611,0.0,0.21414189040660858,0.0,0.2564481794834137,0.0,1.7031266689300537,0.0,2.173716723918915,0.0,0.4705900549888611,0.0,0.21414189040660858,0.0,0.2564481794834137,0.0,1.7031266689300537,0.0,10.840622595511377,0.0,PD,ok,
0.001,0.0001,0.1,0.01,0.0001,0.0001,100.0,0.0,False,1,0.47062039375305176,0.0,0.21414484083652496,0.0,0.2564755380153656,0.0,1.7031753063201904,0.0,2.173795700073242,0.0,0.47062039375305176,0.0,0.21414484083652496,0.0,0.2564755380153656,0.0,1.7031753063201904,0.0,2.173795700073242,0.0,0.47062039375305176,0.0,0.21414484083652496,0.0,0.2564755380153656,0.0,1.7031753063201904,0.0,10.616191681474447,0.0,PD,ok,
0.001,0.001,0.1,0.01,0.0001,0.0001,100.0,0.0,False,1,0.4706205129623413,0.0,0.21414490044116974,0.0,0.2564755976200104,0.0,1.7031755447387695,0.0,2.173796057701111,0.0,0.4706205129623413,0.0,0.21414490044116974,0.0,0.2564755976200104,0.0,1.7031755447387695,0.0,2.173796057701111,0.0,0.4706205129623413,0.0,0.21414490044116974,0.0,0.2564755976200104,0.0,1.7031755447387695,0.0,10.622998733073473,0.0,PD,ok,
0.001,0.01,0.1,0.01,0.0001,0.0001,100.0,0.0,False,1,0.470620721578598,0.0,0.21414503455162048,0.0,0.25647568702697754,0.0,1.7031747102737427,0.0,2.1737954318523407,0.0,0.470620721578598,0.0,0.21414503455162048,0.0,0.25647568702697754,0.0,1.7031747102737427,0.0,2.1737954318523407,0.0,0.470620721578598,0.0,0.21414503455162048,0.0,0.25647568702697754,0.0,1.7031747102737427,0.0,10.998573645949364,0.0,PD,ok,
0.001,0.0001,0.1,0.001,0.0001,0.0001,100.0,0.0,False,1,0.47062376141548157,0.0,0.21414533257484436,0.0,0.2564784288406372,0.0,1.703178882598877,0.0,2.1738026440143585,0.0,0.47062376141548157,0.0,0.21414533257484436,0.0,0.2564784288406372,0.0,1.703178882598877,0.0,2.1738026440143585,0.0,0.47062376141548157,0.0,0.21414533257484436,0.0,0.2564784288406372,0.0,1.703178882598877,0.0,10.56276483554393,0.0,PD,ok,
0.001,0.001,0.1,0.001,0.0001,0.0001,100.0,0.0,False,1,0.4706237316131592,0.0,0.21414533257484436,0.0,0.2564783990383148,0.0,1.7031787633895874,0.0,2.1738024950027466,0.0,0.4706237316131592,0.0,0.21414533257484436,0.0,0.2564783990383148,0.0,1.7031787633895874,0.0,2.1738024950027466,0.0,0.4706237316131592,0.0,0.21414533257484436,0.0,0.2564783990383148,0.0,1.7031787633895874,0.0,10.69361720699817,0.0,PD,ok,
0.001,0.01,0.1,0.001,0.0001,0.0001,100.0,0.0,False,1,0.47062408924102783,0.0,0.2141454666852951,0.0,0.25647860765457153,0.0,1.7031790018081665,0.0,2.1738030910491943,0.0,0.47062408924102783,0.0,0.2141454666852951,0.0,0.25647860765457153,0.0,1.7031790018081665,0.0,2.1738030910491943,0.0,0.47062408924102783,0.0,0.2141454666852951,0.0,0.25647860765457153,0.0,1.7031790018081665,0.0,10.941489797085524,0.0,PD,ok,
0.001,0.1,0.1,0.01,0.0001,0.0001,100.0,0.0,False,1,0.4706234037876129,0.0,0.2141464352607727,0.0,0.2564769685268402,0.0,1.7031712532043457,0.0,2.1737946569919586,0.0,0.4706234037876129,0.0,0.2141464352607727,0.0,0.2564769685268402,0.0,1.7031712532043457,0.0,2.1737946569919586,0.0,0.4706234037876129,0.0,0.2141464352607727,0.0,0.2564769685268402,0.0,1.7031712532043457,0.0,10.812347128987312,0.0,PD,ok,
0.001,0.1,0.1,0.001,0.0001,0.0001,100.0,0.0,False,1,0.47062674164772034,0.0,0.21414688229560852,0.0,0.2564798593521118,0.0,1.7031760215759277,0.0,2.173802763223648,0.0,0.47062674164772034,0.0,0.21414688229560852,0.0,0.2564798593521118,0.0,1.7031760215759277,0.0,2.173802763223648,0.0,0.47062674164772034,0.0,0.21414688229560852,0.0,0.2564798593521118,0.0,1.7031760215759277,0.0,10.931266085244715,0.0,PD,ok,
0.001,0.1,0.1,0.1,0.0001,0.01,100.0,0.0,False,1,0.47462278604507446,0.0,0.2185961753129959,0.0,0.25602659583091736,0.0,1.7020319700241089,0.0,2.1766547560691833,0.0,0.47462278604507446,0.0,0.2185961753129959,0.0,0.25602659583091736,0.0,1.7020319700241089,0.0,2.1766547560691833,0.0,0.47462278604507446,0.0,0.2185961753129959,0.0,0.25602659583091736,0.0,1.7020319700241089,0.0,10.897959646768868,0.0,PD,ok,
0.001,0.01,0.1,0.1,0.0001,0.01,100.0,0.0,False,1,0.4746255576610565,0.0,0.2186025083065033,0.0,0.2560230493545532,0.0,1.7020357847213745,0.0,2.176661342382431,0.0,0.4746255576610565,0.0,0.2186025083065033,0.0,0.2560230493545532,0.0,1.7020357847213745,0.0,2.176661342382431,0.0,0.4746255576610565,0.0,0.2186025083065033,0.0,0.2560230493545532,0.0,1.7020357847213745,0.0,10.843351686373353,0.0,PD,ok,
0.001,0.001,0.1,0.1,0.0001,0.01,100.0,0.0,False,1,0.4746258854866028,0.0,0.21860317885875702,0.0,0.25602269172668457,0.0,1.7020361423492432,0.0,2.176662027835846,0.0,0.4746258854866028,0.0,0.21860317885875702,0.0,0.25602269172668457,0.0,1.7020361423492432,0.0,2.176662027835846,0.0,0.4746258854866028,0.0,0.21860317885875702,0.0,0.25602269172668457,0.0,1.7020361423492432,0.0,10.833588799461722,0.0,PD,ok,
0.001,0.0001,0.1,0.1,0.0001,0.01,100.0,0.0,False,1,0.474625825881958,0.0,0.2186032086610794,0.0,0.2560226321220398,0.0,1.702035903930664,0.0,2.176661729812622,0.0,0.474625825881958,0.0,0.2186032086610794,0.0,0.2560226321220398,0.0,1.702035903930664,0.0,2.176661729812622,0.0,0.474625825881958,0.0,0.2186032086610794,0.0,0.2560226321220398,0.0,1.702035903930664,0.0,10.606788081116974,0.0,PD,ok,
0.001,0.1,0.1,0.01,0.0001,0.01,100.0,0.0,False,1,0.4779338538646698,0.0,0.21908098459243774,0.0,0.25885286927223206,0.0,1.7059959173202515,0.0,2.1839297711849213,0.0,0.4779338538646698,0.0,0.21908098459243774,0.0,0.25885286927223206,0.0,1.7059959173202515,0.0,2.1839297711849213,0.0,0.4779338538646698,0.0,0.21908098459243774,0.0,0.25885286927223206,0.0,1.7059959173202515,0.0,10.737628625705838,0.0,PD,ok,
0.001,0.01,0.1,0.01,0.0001,0.01,100.0,0.0,False,1,0.47793662548065186,0.0,0.21908751130104065,0.0,0.2588491141796112,0.0,1.7059996128082275,0.0,2.1839362382888794,0.0,0.47793662548065186,0.0,0.21908751130104065,0.0,0.2588491141796112,0.0,1.7059996128082275,0.0,2.1839362382888794,0.0,0.47793662548065186,0.0,0.21908751130104065,0.0,0.2588491141796112,0.0,1.7059996128082275,0.0,10.941038883291185,0.0,PD,ok,
0.001,0.001,0.1,0.01,0.0001,0.01,100.0,0.0,False,1,0.4779369831085205,0.0,0.2190881222486496,0.0,0.2588488459587097,0.0,1.706000566482544,0.0,2.1839375495910645,0.0,0.4779369831085205,0.0,0.2190881222486496,0.0,0.2588488459587097,0.0,1.706000566482544,0.0,2.1839375495910645,0.0,0.4779369831085205,0.0,0.2190881222486496,0.0,0.2588488459587097,0.0,1.706000566482544,0.0,10.795746192336082,0.0,PD,ok,
0.001,0.0001,0.1,0.01,0.0001,0.01,100.0,0.0,False,1,0.4779369831085205,0.0,0.21908821165561676,0.0,0.25884878635406494,0.0,1.7060004472732544,0.0,2.183937430381775,0.0,0.4779369831085205,0.0,0.21908821165561676,0.0,0.25884878635406494,0.0,1.7060004472732544,0.0,2.183937430381775,0.0,0.4779369831085205,0.0,0.21908821165561676,0.0,0.25884878635406494,0.0,1.7060004472732544,0.0,10.594671277329326,0.0,PD,ok,
0.001,0.1,0.1,0.001,0.0001,0.01,100.0,0.0,False,1,0.4782654643058777,0.0,0.219129741191864,0.0,0.25913572311401367,0.0,1.7063902616500854,0.0,2.184655725955963,0.0,0.4782654643058777,0.0,0.219129741191864,0.0,0.25913572311401367,0.0,1.7063902616500854,0.0,2.184655725955963,0.0,0.4782654643058777,0.0,0.219129741191864,0.0,0.25913572311401367,0.0,1.7063902616500854,0.0,10.928722640499473,0.0,PD,ok,
0.001,0.01,0.1,0.001,0.0001,0.01,100.0,0.0,False,1,0.47826844453811646,0.0,0.2191362977027893,0.0,0.25913214683532715,0.0,1.7063932418823242,0.0,2.1846616864204407,0.0,0.47826844453811646,0.0,0.2191362977027893,0.0,0.25913214683532715,0.0,1.7063932418823242,0.0,2.1846616864204407,0.0,0.47826844453811646,0.0,0.2191362977027893,0.0,0.25913214683532715,0.0,1.7063932418823242,0.0,10.964909231290221,0.0,PD,ok,
0.001,0.001,0.1,0.001,0.0001,0.01,100.0,0.0,False,1,0.47826868295669556,0.0,0.21913696825504303,0.0,0.2591317296028137,0.0,1.7063933610916138,0.0,2.1846620440483093,0.0,0.47826868295669556,0.0,0.21913696825504303,0.0,0.2591317296028137,0.0,1.7063933610916138,0.0,2.1846620440483093,0.0,0.47826868295669556,0.0,0.21913696825504303,0.0,0.2591317296028137,0.0,1.7063933610916138,0.0,10.685328119434416,0.0,PD,ok,
0.001,0.0001,0.1,0.001,0.0001,0.01,100.0,0.0,False,1,0.47826868295669556,0.0,0.21913699805736542,0.0,0.25913169980049133,0.0,1.7063933610916138,0.0,2.1846620440483093,0.0,0.47826868295669556,0.0,0.21913699805736542,0.0,0.25913169980049133,0.0,1.7063933610916138,0.0,2.1846620440483093,0.0,0.47826868295669556,0.0,0.21913699805736542,0.0,0.25913169980049133,0.0,1.7063933610916138,0.0,10.593381368555129,0.0,PD,ok,
0.001,0.0001,0.001,0.1,0.01,0.001,100.0,0.0,False,1,0.24947187304496765,0.0,0.24911443889141083,0.0,0.00035742801264859736,0.0,3.5741803646087646,0.0,3.8236522376537323,0.0,0.24947187304496765,0.0,0.24911443889141083,0.0,0.00035742801264859736,0.0,3.5741803646087646,0.0,3.8236522376537323,0.0,0.24947187304496765,0.0,0.24911443889141083,0.0,0.00035742801264859736,0.0,3.5741803646087646,0.0,10.599215130321681,0.0,PD,ok,
0.001,0.0001,0.1,0.001,0.01,0.001,100.0,0.0,False,1,0.24947187304496765,0.0,0.24911443889141083,0.0,0.0003574308648239821,0.0,3.5742087364196777,0.0,3.8236806094646454,0.0,0.24947187304496765,0.0,0.24911443889141083,0.0,0.0003574308648239821,0.0,3.5742087364196777,0.0,3.8236806094646454,0.0,0.24947187304496765,0.0,0.24911443889141083,0.0,0.0003574308648239821,0.0,3.5742087364196777,0.0,10.625264720059931,0.0,PD,ok,
0.001,0.0001,0.1,0.01,0.01,0.001,100.0,0.0,False,1,0.24947187304496765,0.0,0.24911443889141083,0.0,0.0003574324073269963,0.0,3.5742242336273193,0.0,3.823696106672287,0.0,0.24947187304496765,0.0,0.24911443889141083,0.0,0.0003574324073269963,0.0,3.5742242336273193,0.0,3.823696106672287,0.0,0.24947187304496765,0.0,0.24911443889141083,0.0,0.0003574324073269963,0.0,3.5742242336273193,0.0,10.640111651271582,0.0,PD,ok,
0.001,0.0001,0.1,0.1,0.01,0.001,100.0,0.0,False,1,0.24947187304496765,0.0,0.24911443889141083,0.0,0.00035743138869293034,0.0,3.5742146968841553,0.0,3.823686569929123,0.0,0.24947187304496765,0.0,0.24911443889141083,0.0,0.00035743138869293034,0.0,3.5742146968841553,0.0,3.823686569929123,0.0,0.24947187304496765,0.0,0.24911443889141083,0.0,0.00035743138869293034,0.0,3.5742146968841553,0.0,10.58176037017256,0.0,PD,ok,
0.001,0.001,0.1,0.01,0.01,0.001,100.0,0.0,False,1,0.24947187304496765,0.0,0.24911443889141083,0.0,0.00035743057378567755,0.0,3.5733065605163574,0.0,3.822778433561325,0.0,0.24947187304496765,0.0,0.24911443889141083,0.0,0.00035743057378567755,0.0,3.5733065605163574,0.0,3.822778433561325,0.0,0.24947187304496765,0.0,0.24911443889141083,0.0,0.00035743057378567755,0.0,3.5733065605163574,0.0,10.736418437212706,0.0,PD,ok,
0.001,0.001,0.1,0.1,0.01,0.001,100.0,0.0,False,1,0.24947187304496765,0.0,0.24911443889141083,0.0,0.000357431941665709,0.0,3.5733206272125244,0.0,3.822792500257492,0.0,0.24947187304496765,0.0,0.24911443889141083,0.0,0.000357431941665709,0.0,3.5733206272125244,0.0,3.822792500257492,0.0,0.24947187304496765,0.0,0.24911443889141083,0.0,0.000357431941665709,0.0,3.5733206272125244,0.0,10.778997696004808,0.0,PD,ok,
0.001,0.01,0.1,0.1,0.01,0.001,100.0,0.0,False,1,0.24947187304496765,0.0,0.24911443889141083,0.0,0.000357431941665709,0.0,3.5643205642700195,0.0,3.813792437314987,0.0,0.24947187304496765,0.0,0.24911443889141083,0.0,0.000357431941665709,0.0,3.5643205642700195,0.0,3.813792437314987,0.0,0.24947187304496765,0.0,0.24911443889141083,0.0,0.000357431941665709,0.0,3.5643205642700195,0.0,10.885213513858616,0.0,PD,ok,
0.001,0.1,0.001,0.01,0.01,0.001,100.0,0.0,False,1,0.24947187304496765,0.0,0.24911443889141083,0.0,0.00035742801264859736,0.0,3.474280834197998,0.0,3.7237527072429657,0.0,0.24947187304496765,0.0,0.24911443889141083,0.0,0.00035742801264859736,0.0,3.474280834197998,0.0,3.7237527072429657,0.0,0.24947187304496765,0.0,0.24911443889141083,0.0,0.00035742801264859736,0.0,3.474280834197998,0.0,10.880269143730402,0.0,PD,ok,
0.001,0.1,0.001,0.1,0.01,0.001,100.0,0.0,False,1,0.24947187304496765,0.0,0.24911443889141083,0.0,0.0003574277216102928,0.0,3.4742777347564697,0.0,3.7237496078014374,0.0,0.24947187304496765,0.0,0.24911443889141083,0.0,0.0003574277216102928,0.0,3.4742777347564697,0.0,3.7237496078014374,0.0,0.24947187304496765,0.0,0.24911443889141083,0.0,0.0003574277216102928,0.0,3.4742777347564697,0.0,10.957265952602029,0.0,PD,ok,
0.001,0.1,0.01,0.1,0.01,0.001,100.0,0.0,False,1,0.24947187304496765,0.0,0.24911443889141083,0.0,0.00035742882755585015,0.0,3.474287748336792,0.0,3.7237596213817596,0.0,0.24947187304496765,0.0,0.24911443889141083,0.0,0.00035742882755585015,0.0,3.474287748336792,0.0,3.7237596213817596,0.0,0.24947187304496765,0.0,0.24911443889141083,0.0,0.00035742882755585015,0.0,3.474287748336792,0.0,10.965718561783433,0.0,PD,ok,
0.001,0.1,0.1,0.01,0.01,0.001,100.0,0.0,False,1,0.24947187304496765,0.0,0.24911443889141083,0.0,0.00035743057378567755,0.0,3.474306106567383,0.0,3.7237779796123505,0.0,0.24947187304496765,0.0,0.24911443889141083,0.0,0.00035743057378567755,0.0,3.474306106567383,0.0,3.7237779796123505,0.0,0.24947187304496765,0.0,0.24911443889141083,0.0,0.00035743057378567755,0.0,3.474306106567383,0.0,10.862850772216916,0.0,PD,ok,
0.001,0.1,0.1,0.1,0.01,0.001,100.0,0.0,False,1,0.24947187304496765,0.0,0.24911443889141083,0.0,0.00035743150510825217,0.0,3.474316120147705,0.0,3.7237879931926727,0.0,0.24947187304496765,0.0,0.24911443889141083,0.0,0.00035743150510825217,0.0,3.474316120147705,0.0,3.7237879931926727,0.0,0.24947187304496765,0.0,0.24911443889141083,0.0,0.00035743150510825217,0.0,3.474316120147705,0.0,11.05336204636842,0.0,PD,ok,
0.001,0.0001,0.001,0.001,0.01,0.001,100.0,0.0,False,1,0.24947193264961243,0.0,0.2491144984960556,0.0,0.0003574283327907324,0.0,3.5741844177246094,0.0,3.823656350374222,0.0,0.24947193264961243,0.0,0.2491144984960556,0.0,0.0003574283327907324,0.0,3.5741844177246094,0.0,3.823656350374222,0.0,0.24947193264961243,0.0,0.2491144984960556,0.0,0.0003574283327907324,0.0,3.5741844177246094,0.0,10.595651225186884,0.0,PD,ok,
0.001,0.0001,0.001,0.01,0.01,0.001,100.0,0.0,False,1,0.24947193264961243,0.0,0.2491144984960556,0.0,0.0003574284492060542,0.0,3.574185371398926,0.0,3.823657304048538,0.0,0.24947193264961243,0.0,0.2491144984960556,0.0,0.0003574284492060542,0.0,3.574185371398926,0.0,3.823657304048538,0.0,0.24947193264961243,0.0,0.2491144984960556,0.0,0.0003574284492060542,0.0,3.574185371398926,0.0,10.637763231992722,0.0,PD,ok,
0.001,0.0001,0.01,0.01,0.01,0.001,100.0,0.0,False,1,0.24947193264961243,0.0,0.2491144984960556,0.0,0.00035742975887842476,0.0,3.5741970539093018,0.0,3.823668986558914,0.0,0.24947193264961243,0.0,0.2491144984960556,0.0,0.00035742975887842476,0.0,3.5741970539093018,0.0,3.823668986558914,0.0,0.24947193264961243,0.0,0.2491144984960556,0.0,0.00035742975887842476,0.0,3.5741970539093018,0.0,10.625012242235243,0.0,PD,ok,
0.001,0.0001,0.01,0.1,0.01,0.001,100.0,0.0,False,1,0.24947193264961243,0.0,0.2491144984960556,0.0,0.00035742815816774964,0.0,3.5741822719573975,0.0,3.82365420460701,0.0,0.24947193264961243,0.0,0.2491144984960556,0.0,0.00035742815816774964,0.0,3.5741822719573975,0.0,3.82365420460701,0.0,0.24947193264961243,0.0,0.2491144984960556,0.0,0.00035742815816774964,0.0,3.5741822719573975,0.0,10.589116411283612,0.0,PD,ok,
0.001,0.001,0.001,0.1,0.01,0.001,100.0,0.0,False,1,0.24947193264961243,0.0,0.2491144984960556,0.0,0.0003574283327907324,0.0,3.573284387588501,0.0,3.8227563202381134,0.0,0.24947193264961243,0.0,0.2491144984960556,0.0,0.0003574283327907324,0.0,3.573284387588501,0.0,3.8227563202381134,0.0,0.24947193264961243,0.0,0.2491144984960556,0.0,0.0003574283327907324,0.0,3.573284387588501,0.0,10.582193366251886,0.0,PD,ok,
0.001,0.001,0.01,0.001,0.01,0.001,100.0,0.0,False,1,0.24947193264961243,0.0,0.2491144984960556,0.0,0.0003574303409550339,0.0,3.573303461074829,0.0,3.8227753937244415,0.0,0.24947193264961243,0.0,0.2491144984960556,0.0,0.0003574303409550339,0.0,3.573303461074829,0.0,3.8227753937244415,0.0,0.24947193264961243,0.0,0.2491144984960556,0.0,0.0003574303409550339,0.0,3.573303461074829,0.0,10.60278648789972,0.0,PD,ok,
0.001,0.001,0.01,0.01,0.01,0.001,100.0,0.0,False,1,0.24947193264961243,0.0,0.2491144984960556,0.0,0.0003574298752937466,0.0,3.573298454284668,0.0,3.8227703869342804,0.0,0.24947193264961243,0.0,0.2491144984960556,0.0,0.0003574298752937466,0.0,3.573298454284668,0.0,3.8227703869342804,0.0,0.24947193264961243,0.0,0.2491144984960556,0.0,0.0003574298752937466,0.0,3.573298454284668,0.0,10.773909771814942,0.0,PD,ok,
0.001,0.001,0.01,0.1,0.01,0.001,100.0,0.0,False,1,0.24947193264961243,0.0,0.2491144984960556,0.0,0.0003574303409550339,0.0,3.573303461074829,0.0,3.8227753937244415,0.0,0.24947193264961243,0.0,0.2491144984960556,0.0,0.0003574303409550339,0.0,3.573303461074829,0.0,3.8227753937244415,0.0,0.24947193264961243,0.0,0.2491144984960556,0.0,0.0003574303409550339,0.0,3.573303461074829,0.0,10.728780566714704,0.0,PD,ok,
0.001,0.01,0.001,0.001,0.01,0.001,100.0,0.0,False,1,0.24947193264961243,0.0,0.2491144984960556,0.0,0.0003574283327907324,0.0,3.564284324645996,0.0,3.8137562572956085,0.0,0.24947193264961243,0.0,0.2491144984960556,0.0,0.0003574283327907324,0.0,3.564284324645996,0.0,3.8137562572956085,0.0,0.24947193264961243,0.0,0.2491144984960556,0.0,0.0003574283327907324,0.0,3.564284324645996,0.0,10.752243763767183,0.0,PD,ok,
0.001,0.01,0.001,0.01,0.01,0.001,100.0,0.0,False,1,0.24947193264961243,0.0,0.2491144984960556,0.0,0.0003574283327907324,0.0,3.564284324645996,0.0,3.8137562572956085,0.0,0.24947193264961243,0.0,0.2491144984960556,0.0,0.0003574283327907324,0.0,3.564284324645996,0.0,3.8137562572956085,0.0,0.24947193264961243,0.0,0.2491144984960556,0.0,0.0003574283327907324,0.0,3.564284324645996,0.0,10.768436611630023,0.0,PD,ok,
0.001,0.01,0.01,0.01,0.01,0.001,100.0,0.0,False,1,0.24947193264961243,0.0,0.2491144984960556,0.0,0.0003574299917090684,0.0,3.5642988681793213,0.0,3.8137708008289337,0.0,0.24947193264961243,0.0,0.2491144984960556,0.0,0.0003574299917090684,0.0,3.5642988681793213,0.0,3.8137708008289337,0.0,0.24947193264961243,0.0,0.2491144984960556,0.0,0.0003574299917090684,0.0,3.5642988681793213,0.0,10.79732799809426,0.0,PD,ok,
0.001,0.01,0.01,0.1,0.01,0.001,100.0,0.0,False,1,0.24947193264961243,0.0,0.2491144984960556,0.0,0.0003574280417524278,0.0,3.5642812252044678,0.0,3.81375315785408,0.0,0.24947193264961243,0.0,0.2491144984960556,0.0,0.0003574280417524278,0.0,3.5642812252044678,0.0,3.81375315785408,0.0,0.24947193264961243,0.0,0.2491144984960556,0.0,0.0003574280417524278,0.0,3.5642812252044678,0.0,10.785621395334601,0.0,PD,ok,
0.001,0.01,0.1,0.001,0.01,0.001,100.0,0.0,False,1,0.24947193264961243,0.0,0.2491144984960556,0.0,0.0003574312722776085,0.0,3.5643131732940674,0.0,3.81378510594368,0.0,0.24947193264961243,0.0,0.2491144984960556,0.0,0.0003574312722776085,0.0,3.5643131732940674,0.0,3.81378510594368,0.0,0.24947193264961243,0.0,0.2491144984960556,0.0,0.0003574312722776085,0.0,3.5643131732940674,0.0,10.85142685379833,0.0,PD,ok,
0.001,0.01,0.1,0.01,0.01,0.001,100.0,0.0,False,1,0.24947193264961243,0.0,0.2491144984960556,0.0,0.0003574287984520197,0.0,3.5642871856689453,0.0,3.8137591183185577,0.0,0.24947193264961243,0.0,0.2491144984960556,0.0,0.0003574287984520197,0.0,3.5642871856689453,0.0,3.8137591183185577,0.0,0.24947193264961243,0.0,0.2491144984960556,0.0,0.0003574287984520197,0.0,3.5642871856689453,0.0,10.95101338159293,0.0,PD,ok,
0.001,0.1,0.001,0.001,0.01,0.001,100.0,0.0,False,1,0.24947193264961243,0.0,0.2491144984960556,0.0,0.0003574280417524278,0.0,3.4742813110351562,0.0,3.7237532436847687,0.0,0.24947193264961243,0.0,0.2491144984960556,0.0,0.0003574280417524278,0.0,3.4742813110351562,0.0,3.7237532436847687,0.0,0.24947193264961243,0.0,0.2491144984960556,0.0,0.0003574280417524278,0.0,3.4742813110351562,0.0,10.899180222302675,0.0,PD,ok,
0.001,0.1,0.01,0.01,0.01,0.001,100.0,0.0,False,1,0.24947193264961243,0.0,0.2491144984960556,0.0,0.0003574297879822552,0.0,3.4742980003356934,0.0,3.723769932985306,0.0,0.24947193264961243,0.0,0.2491144984960556,0.0,0.0003574297879822552,0.0,3.4742980003356934,0.0,3.723769932985306,0.0,0.24947193264961243,0.0,0.2491144984960556,0.0,0.0003574297879822552,0.0,3.4742980003356934,0.0,10.93090958148241,0.0,PD,ok,
0.001,0.1,0.1,0.001,0.01,0.001,100.0,0.0,False,1,0.24947193264961243,0.0,0.2491144984960556,0.0,0.0003574287984520197,0.0,3.474287271499634,0.0,3.723759204149246,0.0,0.24947193264961243,0.0,0.2491144984960556,0.0,0.0003574287984520197,0.0,3.474287271499634,0.0,3.723759204149246,0.0,0.24947193264961243,0.0,0.2491144984960556,0.0,0.0003574287984520197,0.0,3.474287271499634,0.0,10.919067655690014,0.0,PD,ok,
0.001,0.0001,0.01,0.001,0.01,0.001,100.0,0.0,False,1,0.24947196245193481,0.0,0.249114528298378,0.0,0.0003574291185941547,0.0,3.574190855026245,0.0,3.82366281747818,0.0,0.24947196245193481,0.0,0.249114528298378,0.0,0.0003574291185941547,0.0,3.574190855026245,0.0,3.82366281747818,0.0,0.24947196245193481,0.0,0.249114528298378,0.0,0.0003574291185941547,0.0,3.574190855026245,0.0,10.6041498510167,0.0,PD,ok,
0.001,0.001,0.001,0.001,0.01,0.001,100.0,0.0,False,1,0.24947196245193481,0.0,0.249114528298378,0.0,0.00035742821637541056,0.0,3.5732827186584473,0.0,3.822754681110382,0.0,0.24947196245193481,0.0,0.249114528298378,0.0,0.00035742821637541056,0.0,3.5732827186584473,0.0,3.822754681110382,0.0,0.24947196245193481,0.0,0.249114528298378,0.0,0.00035742821637541056,0.0,3.5732827186584473,0.0,10.538112711161375,0.0,PD,ok,
0.001,0.001,0.001,0.01,0.01,0.001,100.0,0.0,False,1,0.24947196245193481,0.0,0.249114528298378,0.0,0.00035742801264859736,0.0,3.5732808113098145,0.0,3.8227527737617493,0.0,0.24947196245193481,0.0,0.249114528298378,0.0,0.00035742801264859736,0.0,3.5732808113098145,0.0,3.8227527737617493,0.0,0.24947196245193481,0.0,0.249114528298378,0.0,0.00035742801264859736,0.0,3.5732808113098145,0.0,10.567163052037358,0.0,PD,ok,
0.001,0.001,0.1,0.001,0.01,0.001,100.0,0.0,False,1,0.24947196245193481,0.0,0.249114528298378,0.0,0.00035743386251851916,0.0,3.573338508605957,0.0,3.822810471057892,0.0,0.24947196245193481,0.0,0.249114528298378,0.0,0.00035743386251851916,0.0,3.573338508605957,0.0,3.822810471057892,0.0,0.24947196245193481,0.0,0.249114528298378,0.0,0.00035743386251851916,0.0,3.573338508605957,0.0,10.610675071366131,0.0,PD,ok,
0.001,0.01,0.001,0.1,0.01,0.001,100.0,0.0,False,1,0.24947196245193481,0.0,0.249114528298378,0.0,0.00035742827458307147,0.0,3.564283609390259,0.0,3.8137555718421936,0.0,0.24947196245193481,0.0,0.249114528298378,0.0,0.00035742827458307147,0.0,3.564283609390259,0.0,3.8137555718421936,0.0,0.24947196245193481,0.0,0.249114528298378,0.0,0.00035742827458307147,0.0,3.564283609390259,0.0,10.950042037293315,0.0,PD,ok,
0.001,0.01,0.01,0.001,0.01,0.001,100.0,0.0,False,1,0.24947196245193481,0.0,0.249114528298378,0.0,0.0003574291185941547,0.0,3.56429123878479,0.0,3.813763201236725,0.0,0.24947196245193481,0.0,0.249114528298378,0.0,0.0003574291185941547,0.0,3.56429123878479,0.0,3.813763201236725,0.0,0.24947196245193481,0.0,0.249114528298378,0.0,0.0003574291185941547,0.0,3.56429123878479,0.0,10.991760481148958,0.0,PD,ok,
0.001,0.1,0.01,0.001,0.01,0.001,100.0,0.0,False,1,0.24947196245193481,0.0,0.249114528298378,0.0,0.00035742908949032426,0.0,3.474289894104004,0.0,3.7237618565559387,0.0,0.24947196245193481,0.0,0.249114528298378,0.0,0.00035742908949032426,0.0,3.474289894104004,0.0,3.7237618565559387,0.0,0.24947196245193481,0.0,0.249114528298378,0.0,0.00035742908949032426,0.0,3.474289894104004,0.0,10.621938819997013,0.0,PD,ok,
0.001,0.01,0.1,0.01,0.001,0.01,100.0,0.0,False,1,0.24937769770622253,0.0,0.2491210550069809,0.0,0.00025663626729510725,0.0,164.5084686279297,0.0,164.7578463256359,0.0,0.24937769770622253,0.0,0.2491210550069809,0.0,0.00025663626729510725,0.0,164.5084686279297,0.0,164.7578463256359,0.0,0.24937769770622253,0.0,0.2491210550069809,0.0,0.00025663626729510725,0.0,164.5084686279297,0.0,10.935838423669338,0.0,PD,ok,
0.001,0.1,0.1,0.001,0.001,0.01,100.0,0.0,False,1,0.24937769770622253,0.0,0.2491210550069809,0.0,0.00025663626729510725,0.0,164.50851440429688,0.0,164.7578921020031,0.0,0.24937769770622253,0.0,0.2491210550069809,0.0,0.00025663626729510725,0.0,164.50851440429688,0.0,164.7578921020031,0.0,0.24937769770622253,0.0,0.2491210550069809,0.0,0.00025663626729510725,0.0,164.50851440429688,0.0,10.87837552279234,0.0,PD,ok,
0.001,0.1,0.1,0.01,0.001,0.01,100.0,0.0,False,1,0.24937769770622253,0.0,0.2491210550069809,0.0,0.00025663626729510725,0.0,164.50851440429688,0.0,164.7578921020031,0.0,0.24937769770622253,0.0,0.2491210550069809,0.0,0.00025663626729510725,0.0,164.50851440429688,0.0,164.7578921020031,0.0,0.24937769770622253,0.0,0.2491210550069809,0.0,0.00025663626729510725,0.0,164.50851440429688,0.0,10.758405286818743,0.0,PD,ok,
0.001,0.1,0.1,0.1,0.001,0.01,100.0,0.0,False,1,0.24937769770622253,0.0,0.2491210550069809,0.0,0.00025663626729510725,0.0,164.50856018066406,0.0,164.75793787837029,0.0,0.24937769770622253,0.0,0.2491210550069809,0.0,0.00025663626729510725,0.0,164.50856018066406,0.0,164.75793787837029,0.0,0.24937769770622253,0.0,0.2491210550069809,0.0,0.00025663626729510725,0.0,164.50856018066406,0.0,11.065521623007953,0.0,PD,ok,
0.001,0.0001,0.001,0.001,0.01,0.01,100.0,0.0,False,1,0.24949488043785095,0.0,0.2491360455751419,0.0,0.0003588392573874444,0.0,194.14486694335938,0.0,194.39436182379723,0.0,0.24949488043785095,0.0,0.2491360455751419,0.0,0.0003588392573874444,0.0,194.14486694335938,0.0,194.39436182379723,0.0,0.24949488043785095,0.0,0.2491360455751419,0.0,0.0003588392573874444,0.0,194.14486694335938,0.0,10.559976951219141,0.0,PD,ok,
0.001,0.0001,0.001,0.001,0.01,0.1,100.0,0.0,False,1,0.24949488043785095,0.0,0.2491360455751419,0.0,0.0003588392573874444,0.0,194.14486694335938,0.0,194.39436182379723,0.0,0.24949488043785095,0.0,0.2491360455751419,0.0,0.0003588392573874444,0.0,194.14486694335938,0.0,194.39436182379723,0.0,0.24949488043785095,0.0,0.2491360455751419,0.0,0.0003588392573874444,0.0,194.14486694335938,0.0,10.579374075867236,0.0,PD,ok,
0.001,0.0001,0.001,0.001,0.1,0.01,100.0,0.0,False,1,0.24949488043785095,0.0,0.2491360455751419,0.0,0.0003588392573874444,0.0,194.14486694335938,0.0,194.39436182379723,0.0,0.24949488043785095,0.0,0.2491360455751419,0.0,0.0003588392573874444,0.0,194.14486694335938,0.0,194.39436182379723,0.0,0.24949488043785095,0.0,0.2491360455751419,0.0,0.0003588392573874444,0.0,194.14486694335938,0.0,10.540767791680992,0.0,PD,ok,
0.001,0.0001,0.001,0.001,0.1,0.001,100.0,0.0,False,1,0.24949488043785095,0.0,0.2491360455751419,0.0,0.0003588392573874444,0.0,3.5882933139801025,0.0,3.8377881944179535,0.0,0.24949488043785095,0.0,0.2491360455751419,0.0,0.0003588392573874444,0.0,3.5882933139801025,0.0,3.8377881944179535,0.0,0.24949488043785095,0.0,0.2491360455751419,0.0,0.0003588392573874444,0.0,3.5882933139801025,0.0,10.542418551631272,0.0,PD,ok,
0.001,0.0001,0.001,0.001,0.1,0.1,100.0,0.0,False,1,0.24949488043785095,0.0,0.2491360455751419,0.0,0.0003588392573874444,0.0,194.14486694335938,0.0,194.39436182379723,0.0,0.24949488043785095,0.0,0.2491360455751419,0.0,0.0003588392573874444,0.0,194.14486694335938,0.0,194.39436182379723,0.0,0.24949488043785095,0.0,0.2491360455751419,0.0,0.0003588392573874444,0.0,194.14486694335938,0.0,10.542966295965016,0.0,PD,ok,
0.001,0.0001,0.001,0.01,0.01,0.01,100.0,0.0,False,1,0.24949488043785095,0.0,0.2491360455751419,0.0,0.0003588392573874444,0.0,194.14486694335938,0.0,194.39436182379723,0.0,0.24949488043785095,0.0,0.2491360455751419,0.0,0.0003588392573874444,0.0,194.14486694335938,0.0,194.39436182379723,0.0,0.24949488043785095,0.0,0.2491360455751419,0.0,0.0003588392573874444,0.0,194.14486694335938,0.0,10.600099066272378,0.0,PD,ok,
0.001,0.0001,0.001,0.01,0.01,0.1,100.0,0.0,False,1,0.24949488043785095,0.0,0.2491360455751419,0.0,0.0003588392573874444,0.0,194.14486694335938,0.0,194.39436182379723,0.0,0.24949488043785095,0.0,0.2491360455751419,0.0,0.0003588392573874444,0.0,194.14486694335938,0.0,194.39436182379723,0.0,0.24949488043785095,0.0,0.2491360455751419,0.0,0.0003588392573874444,0.0,194.14486694335938,0.0,10.607955074869096,0.0,PD,ok,
0.001,0.0001,0.001,0.01,0.1,0.001,100.0,0.0,False,1,0.24949488043785095,0.0,0.2491360455751419,0.0,0.0003588392573874444,0.0,3.5882933139801025,0.0,3.8377881944179535,0.0,0.24949488043785095,0.0,0.2491360455751419,0.0,0.0003588392573874444,0.0,3.5882933139801025,0.0,3.8377881944179535,0.0,0.24949488043785095,0.0,0.2491360455751419,0.0,0.0003588392573874444,0.0,3.5882933139801025,0.0,10.6599239744246,0.0,PD,ok,
0.001,0.0001,0.001,0.01,0.1,0.01,100.0,0.0,False,1,0.24949488043785095,0.0,0.2491360455751419,0.0,0.0003588392573874444,0.0,194.14486694335938,0.0,194.39436182379723,0.0,0.24949488043785095,0.0,0.2491360455751419,0.0,0.0003588392573874444,0.0,194.14486694335938,0.0,194.39436182379723,0.0,0.24949488043785095,0.0,0.2491360455751419,0.0,0.0003588392573874444,0.0,194.14486694335938,0.0,10.581376787275076,0.0,PD,ok,
0.001,0.0001,0.001,0.01,0.1,0.1,100.0,0.0,False,1,0.24949488043785095,0.0,0.2491360455751419,0.0,0.0003588392573874444,0.0,194.14486694335938,0.0,194.39436182379723,0.0,0.24949488043785095,0.0,0.2491360455751419,0.0,0.0003588392573874444,0.0,194.14486694335938,0.0,194.39436182379723,0.0,0.24949488043785095,0.0,0.2491360455751419,0.0,0.0003588392573874444,0.0,194.14486694335938,0.0,10.592935512773693,0.0,PD,ok,
0.001,0.0001,0.001,0.1,0.01,0.01,100.0,0.0,False,1,0.24949488043785095,0.0,0.2491360455751419,0.0,0.0003588392573874444,0.0,194.14486694335938,0.0,194.39436182379723,0.0,0.24949488043785095,0.0,0.2491360455751419,0.0,0.0003588392573874444,0.0,194.14486694335938,0.0,194.39436182379723,0.0,0.24949488043785095,0.0,0.2491360455751419,0.0,0.0003588392573874444,0.0,194.14486694335938,0.0,10.537227521650493,0.0,PD,ok,
0.001,0.0001,0.001,0.1,0.1,0.01,100.0,0.0,False,1,0.24949488043785095,0.0,0.2491360455751419,0.0,0.0003588392573874444,0.0,194.14486694335938,0.0,194.39436182379723,0.0,0.24949488043785095,0.0,0.2491360455751419,0.0,0.0003588392573874444,0.0,194.14486694335938,0.0,194.39436182379723,0.0,0.24949488043785095,0.0,0.2491360455751419,0.0,0.0003588392573874444,0.0,194.14486694335938,0.0,10.563903664238751,0.0,PD,ok,
0.001,0.0001,0.001,0.1,0.01,0.1,100.0,0.0,False,1,0.24949488043785095,0.0,0.2491360455751419,0.0,0.0003588392573874444,0.0,194.14486694335938,0.0,194.39436182379723,0.0,0.24949488043785095,0.0,0.2491360455751419,0.0,0.0003588392573874444,0.0,194.14486694335938,0.0,194.39436182379723,0.0,0.24949488043785095,0.0,0.2491360455751419,0.0,0.0003588392573874444,0.0,194.14486694335938,0.0,10.586661158129573,0.0,PD,ok,
0.001,0.0001,0.001,0.1,0.1,0.1,100.0,0.0,False,1,0.24949488043785095,0.0,0.2491360455751419,0.0,0.0003588392573874444,0.0,194.14486694335938,0.0,194.39436182379723,0.0,0.24949488043785095,0.0,0.2491360455751419,0.0,0.0003588392573874444,0.0,194.14486694335938,0.0,194.39436182379723,0.0,0.24949488043785095,0.0,0.2491360455751419,0.0,0.0003588392573874444,0.0,194.14486694335938,0.0,10.560883267782629,0.0,PD,ok,
0.001,0.0001,0.001,0.1,0.1,0.001,100.0,0.0,False,1,0.24949488043785095,0.0,0.2491360455751419,0.0,0.0003588392573874444,0.0,3.5882933139801025,0.0,3.8377881944179535,0.0,0.24949488043785095,0.0,0.2491360455751419,0.0,0.0003588392573874444,0.0,3.5882933139801025,0.0,3.8377881944179535,0.0,0.24949488043785095,0.0,0.2491360455751419,0.0,0.0003588392573874444,0.0,3.5882933139801025,0.0,10.566081389784813,0.0,PD,ok,
0.001,0.0001,0.01,0.001,0.01,0.01,100.0,0.0,False,1,0.24949488043785095,0.0,0.2491360455751419,0.0,0.0003588392573874444,0.0,194.14486694335938,0.0,194.39436182379723,0.0,0.24949488043785095,0.0,0.2491360455751419,0.0,0.0003588392573874444,0.0,194.14486694335938,0.0,194.39436182379723,0.0,0.24949488043785095,0.0,0.2491360455751419,0.0,0.0003588392573874444,0.0,194.14486694335938,0.0,10.614402011036873,0.0,PD,ok,
0.001,0.0001,0.01,0.001,0.01,0.1,100.0,0.0,False,1,0.24949488043785095,0.0,0.2491360455751419,0.0,0.0003588392573874444,0.0,194.14486694335938,0.0,194.39436182379723,0.0,0.24949488043785095,0.0,0.2491360455751419,0.0,0.0003588392573874444,0.0,194.14486694335938,0.0,194.39436182379723,0.0,0.24949488043785095,0.0,0.2491360455751419,0.0,0.0003588392573874444,0.0,194.14486694335938,0.0,10.600010301917791,0.0,PD,ok,
0.001,0.0001,0.01,0.001,0.1,0.1,100.0,0.0,False,1,0.24949488043785095,0.0,0.2491360455751419,0.0,0.0003588392573874444,0.0,194.14486694335938,0.0,194.39436182379723,0.0,0.24949488043785095,0.0,0.2491360455751419,0.0,0.0003588392573874444,0.0,194.14486694335938,0.0,194.39436182379723,0.0,0.24949488043785095,0.0,0.2491360455751419,0.0,0.0003588392573874444,0.0,194.14486694335938,0.0,10.568858320824802,0.0,PD,ok,
0.001,0.0001,0.01,0.001,0.1,0.001,100.0,0.0,False,1,0.24949488043785095,0.0,0.2491360455751419,0.0,0.0003588392573874444,0.0,3.5882933139801025,0.0,3.8377881944179535,0.0,0.24949488043785095,0.0,0.2491360455751419,0.0,0.0003588392573874444,0.0,3.5882933139801025,0.0,3.8377881944179535,0.0,0.24949488043785095,0.0,0.2491360455751419,0.0,0.0003588392573874444,0.0,3.5882933139801025,0.0,10.563960869796574,0.0,PD,ok,
0.001,0.0001,0.01,0.001,0.1,0.01,100.0,0.0,False,1,0.24949488043785095,0.0,0.2491360455751419,0.0,0.0003588392573874444,0.0,194.14486694335938,0.0,194.39436182379723,0.0,0.24949488043785095,0.0,0.2491360455751419,0.0,0.0003588392573874444,0.0,194.14486694335938,0.0,194.39436182379723,0.0,0.24949488043785095,0.0,0.2491360455751419,0.0,0.0003588392573874444,0.0,194.14486694335938,0.0,10.582547060213983,0.0,PD,ok,
0.001,0.0001,0.01,0.01,0.01,0.1,100.0,0.0,False,1,0.24949488043785095,0.0,0.2491360455751419,0.0,0.0003588392573874444,0.0,194.14486694335938,0.0,194.39436182379723,0.0,0.24949488043785095,0.0,0.2491360455751419,0.0,0.0003588392573874444,0.0,194.14486694335938,0.0,194.39436182379723,0.0,0.24949488043785095,0.0,0.2491360455751419,0.0,0.0003588392573874444,0.0,194.14486694335938,0.0,10.569235655479133,0.0,PD,ok,
0.001,0.0001,0.01,0.01,0.01,0.01,100.0,0.0,False,1,0.24949488043785095,0.0,0.2491360455751419,0.0,0.0003588392573874444,0.0,194.14486694335938,0.0,194.39436182379723,0.0,0.24949488043785095,0.0,0.2491360455751419,0.0,0.0003588392573874444,0.0,194.14486694335938,0.0,194.39436182379723,0.0,0.24949488043785095,0.0,0.2491360455751419,0.0,0.0003588392573874444,0.0,194.14486694335938,0.0,10.616508763283491,0.0,PD,ok,
0.001,0.0001,0.01,0.01,0.1,0.001,100.0,0.0,False,1,0.24949488043785095,0.0,0.2491360455751419,0.0,0.0003588392573874444,0.0,3.5882933139801025,0.0,3.8377881944179535,0.0,0.24949488043785095,0.0,0.2491360455751419,0.0,0.0003588392573874444,0.0,3.5882933139801025,0.0,3.8377881944179535,0.0,0.24949488043785095,0.0,0.2491360455751419,0.0,0.0003588392573874444,0.0,3.5882933139801025,0.0,10.560996853746474,0.0,PD,ok,
0.001,0.0001,0.01,0.01,0.1,0.01,100.0,0.0,False,1,0.24949488043785095,0.0,0.2491360455751419,0.0,0.0003588392573874444,0.0,194.14486694335938,0.0,194.39436182379723,0.0,0.24949488043785095,0.0,0.2491360455751419,0.0,0.0003588392573874444,0.0,194.14486694335938,0.0,194.39436182379723,0.0,0.24949488043785095,0.0,0.2491360455751419,0.0,0.0003588392573874444,0.0,194.14486694335938,0.0,10.641510779038072,0.0,PD,ok,
0.001,0.0001,0.01,0.01,0.1,0.1,100.0,0.0,False,1,0.24949488043785095,0.0,0.2491360455751419,0.0,0.0003588392573874444,0.0,194.14486694335938,0.0,194.39436182379723,0.0,0.24949488043785095,0.0,0.2491360455751419,0.0,0.0003588392573874444,0.0,194.14486694335938,0.0,194.39436182379723,0.0,0.24949488043785095,0.0,0.2491360455751419,0.0,0.0003588392573874444,0.0,194.14486694335938,0.0,10.608047489076853,0.0,PD,ok,
0.001,0.0001,0.01,0.1,0.01,0.01,100.0,0.0,False,1,0.24949488043785095,0.0,0.2491360455751419,0.0,0.0003588392573874444,0.0,194.14486694335938,0.0,194.39436182379723,0.0,0.24949488043785095,0.0,0.2491360455751419,0.0,0.0003588392573874444,0.0,194.14486694335938,0.0,194.39436182379723,0.0,0.24949488043785095,0.0,0.2491360455751419,0.0,0.0003588392573874444,0.0,194.14486694335938,0.0,10.55160943698138,0.0,PD,ok,
0.001,0.0001,0.01,0.1,0.01,0.1,100.0,0.0,False,1,0.24949488043785095,0.0,0.2491360455751419,0.0,0.0003588392573874444,0.0,194.14486694335938,0.0,194.39436182379723,0.0,0.24949488043785095,0.0,0.2491360455751419,0.0,0.0003588392573874444,0.0,194.14486694335938,0.0,194.39436182379723,0.0,0.24949488043785095,0.0,0.2491360455751419,0.0,0.0003588392573874444,0.0,194.14486694335938,0.0,10.561061821877956,0.0,PD,ok,
0.001,0.0001,0.01,0.1,0.1,0.01,100.0,0.0,False,1,0.24949488043785095,0.0,0.2491360455751419,0.0,0.0003588392573874444,0.0,194.14486694335938,0.0,194.39436182379723,0.0,0.24949488043785095,0.0,0.2491360455751419,0.0,0.0003588392573874444,0.0,194.14486694335938,0.0,194.39436182379723,0.0,0.24949488043785095,0.0,0.2491360455751419,0.0,0.0003588392573874444,0.0,194.14486694335938,0.0,10.55862447526306,0.0,PD,ok,
0.001,0.0001,0.01,0.1,0.1,0.001,100.0,0.0,False,1,0.24949488043785095,0.0,0.2491360455751419,0.0,0.0003588392573874444,0.0,3.5882933139801025,0.0,3.8377881944179535,0.0,0.24949488043785095,0.0,0.2491360455751419,0.0,0.0003588392573874444,0.0,3.5882933139801025,0.0,3.8377881944179535,0.0,0.24949488043785095,0.0,0.2491360455751419,0.0,0.0003588392573874444,0.0,3.5882933139801025,0.0,10.56264531519264,0.0,PD,ok,
0.001,0.0001,0.01,0.1,0.1,0.1,100.0,0.0,False,1,0.24949488043785095,0.0,0.2491360455751419,0.0,0.0003588392573874444,0.0,194.14486694335938,0.0,194.39436182379723,0.0,0.24949488043785095,0.0,0.2491360455751419,0.0,0.0003588392573874444,0.0,194.14486694335938,0.0,194.39436182379723,0.0,0.24949488043785095,0.0,0.2491360455751419,0.0,0.0003588392573874444,0.0,194.14486694335938,0.0,10.510560763068497,0.0,PD,ok,
0.001,0.0001,0.1,0.001,0.01,0.1,100.0,0.0,False,1,0.24949488043785095,0.0,0.2491360455751419,0.0,0.0003588392573874444,0.0,194.14486694335938,0.0,194.39436182379723,0.0,0.24949488043785095,0.0,0.2491360455751419,0.0,0.0003588392573874444,0.0,194.14486694335938,0.0,194.39436182379723,0.0,0.24949488043785095,0.0,0.2491360455751419,0.0,0.0003588392573874444,0.0,194.14486694335938,0.0,10.586283834651113,0.0,PD,ok,
0.001,0.0001,0.1,0.001,0.01,0.01,100.0,0.0,False,1,0.24949488043785095,0.0,0.2491360455751419,0.0,0.0003588392573874444,0.0,194.14486694335938,0.0,194.39436182379723,0.0,0.24949488043785095,0.0,0.2491360455751419,0.0,0.0003588392573874444,0.0,194.14486694335938,0.0,194.39436182379723,0.0,0.24949488043785095,0.0,0.2491360455751419,0.0,0.0003588392573874444,0.0,194.14486694335938,0.0,10.627099093981087,0.0,PD,ok,
0.001,0.0001,0.1,0.001,0.1,0.001,100.0,0.0,False,1,0.24949488043785095,0.0,0.2491360455751419,0.0,0.0003588392573874444,0.0,3.5882933139801025,0.0,3.8377881944179535,0.0,0.24949488043785095,0.0,0.2491360455751419,0.0,0.0003588392573874444,0.0,3.5882933139801025,0.0,3.8377881944179535,0.0,0.24949488043785095,0.0,0.2491360455751419,0.0,0.0003588392573874444,0.0,3.5882933139801025,0.0,10.59497896488756,0.0,PD,ok,
0.001,0.0001,0.1,0.001,0.1,0.01,100.0,0.0,False,1,0.24949488043785095,0.0,0.2491360455751419,0.0,0.0003588392573874444,0.0,194.14486694335938,0.0,194.39436182379723,0.0,0.24949488043785095,0.0,0.2491360455751419,0.0,0.0003588392573874444,0.0,194.14486694335938,0.0,194.39436182379723,0.0,0.24949488043785095,0.0,0.2491360455751419,0.0,0.0003588392573874444,0.0,194.14486694335938,0.0,10.584666106849909,0.0,PD,ok,
0.001,0.0001,0.1,0.001,0.1,0.1,100.0,0.0,False,1,0.24949488043785095,0.0,0.2491360455751419,0.0,0.0003588392573874444,0.0,194.14486694335938,0.0,194.39436182379723,0.0,0.24949488043785095,0.0,0.2491360455751419,0.0,0.0003588392573874444,0.0,194.14486694335938,0.0,194.39436182379723,0.0,0.24949488043785095,0.0,0.2491360455751419,0.0,0.0003588392573874444,0.0,194.14486694335938,0.0,10.590121885761619,0.0,PD,ok,
0.001,0.0001,0.1,0.01,0.01,0.01,100.0,0.0,False,1,0.24949488043785095,0.0,0.2491360455751419,0.0,0.0003588392573874444,0.0,194.14486694335938,0.0,194.39436182379723,0.0,0.24949488043785095,0.0,0.2491360455751419,0.0,0.0003588392573874444,0.0,194.14486694335938,0.0,194.39436182379723,0.0,0.24949488043785095,0.0,0.2491360455751419,0.0,0.0003588392573874444,0.0,194.14486694335938,0.0,10.640427574515343,0.0,PD,ok,
0.001,0.0001,0.1,0.01,0.01,0.1,100.0,0.0,False,1,0.24949488043785095,0.0,0.2491360455751419,0.0,0.0003588392573874444,0.0,194.14486694335938,0.0,194.39436182379723,0.0,0.24949488043785095,0.0,0.2491360455751419,0.0,0.0003588392573874444,0.0,194.14486694335938,0.0,194.39436182379723,0.0,0.24949488043785095,0.0,0.2491360455751419,0.0,0.0003588392573874444,0.0,194.14486694335938,0.0,10.651019556447864,0.0,PD,ok,
0.001,0.0001,0.1,0.01,0.1,0.001,100.0,0.0,False,1,0.24949488043785095,0.0,0.2491360455751419,0.0,0.0003588392573874444,0.0,3.5882933139801025,0.0,3.8377881944179535,0.0,0.24949488043785095,0.0,0.2491360455751419,0.0,0.0003588392573874444,0.0,3.5882933139801025,0.0,3.8377881944179535,0.0,0.24949488043785095,0.0,0.2491360455751419,0.0,0.0003588392573874444,0.0,3.5882933139801025,0.0,10.65831194166094,0.0,PD,ok,
0.001,0.0001,0.1,0.01,0.1,0.01,100.0,0.0,False,1,0.24949488043785095,0.0,0.2491360455751419,0.0,0.0003588392573874444,0.0,194.14486694335938,0.0,194.39436182379723,0.0,0.24949488043785095,0.0,0.2491360455751419,0.0,0.0003588392573874444,0.0,194.14486694335938,0.0,194.39436182379723,0.0,0.24949488043785095,0.0,0.2491360455751419,0.0,0.0003588392573874444,0.0,194.14486694335938,0.0,10.607455684803426,0.0,PD,ok,
0.001,0.0001,0.1,0.01,0.1,0.1,100.0,0.0,False,1,0.24949488043785095,0.0,0.2491360455751419,0.0,0.0003588392573874444,0.0,194.14486694335938,0.0,194.39436182379723,0.0,0.24949488043785095,0.0,0.2491360455751419,0.0,0.0003588392573874444,0.0,194.14486694335938,0.0,194.39436182379723,0.0,0.24949488043785095,0.0,0.2491360455751419,0.0,0.0003588392573874444,0.0,194.14486694335938,0.0,10.568707881495357,0.0,PD,ok,
0.001,0.0001,0.1,0.1,0.01,0.01,100.0,0.0,False,1,0.24949488043785095,0.0,0.2491360455751419,0.0,0.0003588392573874444,0.0,194.14486694335938,0.0,194.39436182379723,0.0,0.24949488043785095,0.0,0.2491360455751419,0.0,0.0003588392573874444,0.0,194.14486694335938,0.0,194.39436182379723,0.0,0.24949488043785095,0.0,0.2491360455751419,0.0,0.0003588392573874444,0.0,194.14486694335938,0.0,10.598374100401998,0.0,PD,ok,
0.001,0.0001,0.1,0.1,0.01,0.1,100.0,0.0,False,1,0.24949488043785095,0.0,0.2491360455751419,0.0,0.0003588392573874444,0.0,194.14486694335938,0.0,194.39436182379723,0.0,0.24949488043785095,0.0,0.2491360455751419,0.0,0.0003588392573874444,0.0,194.14486694335938,0.0,194.39436182379723,0.0,0.24949488043785095,0.0,0.2491360455751419,0.0,0.0003588392573874444,0.0,194.14486694335938,0.0,10.607083870097995,0.0,PD,ok,
0.001,0.0001,0.1,0.1,0.1,0.001,100.0,0.0,False,1,0.24949488043785095,0.0,0.2491360455751419,0.0,0.0003588392573874444,0.0,3.5882933139801025,0.0,3.8377881944179535,0.0,0.24949488043785095,0.0,0.2491360455751419,0.0,0.0003588392573874444,0.0,3.5882933139801025,0.0,3.8377881944179535,0.0,0.24949488043785095,0.0,0.2491360455751419,0.0,0.0003588392573874444,0.0,3.5882933139801025,0.0,10.629050477407873,0.0,PD,ok,
0.001,0.0001,0.1,0.1,0.1,0.1,100.0,0.0,False,1,0.24949488043785095,0.0,0.2491360455751419,0.0,0.0003588392573874444,0.0,194.14486694335938,0.0,194.39436182379723,0.0,0.24949488043785095,0.0,0.2491360455751419,0.0,0.0003588392573874444,0.0,194.14486694335938,0.0,194.39436182379723,0.0,0.24949488043785095,0.0,0.2491360455751419,0.0,0.0003588392573874444,0.0,194.14486694335938,0.0,10.615371445193887,0.0,PD,ok,
0.001,0.0001,0.1,0.1,0.1,0.01,100.0,0.0,False,1,0.24949488043785095,0.0,0.2491360455751419,0.0,0.0003588392573874444,0.0,194.14486694335938,0.0,194.39436182379723,0.0,0.24949488043785095,0.0,0.2491360455751419,0.0,0.0003588392573874444,0.0,194.14486694335938,0.0,194.39436182379723,0.0,0.24949488043785095,0.0,0.2491360455751419,0.0,0.0003588392573874444,0.0,194.14486694335938,0.0,10.680048700422049,0.0,PD,ok,
0.001,0.001,0.001,0.001,0.01,0.01,100.0,0.0,False,1,0.24949488043785095,0.0,0.2491360455751419,0.0,0.0003588392573874444,0.0,194.14486694335938,0.0,194.39436182379723,0.0,0.24949488043785095,0.0,0.2491360455751419,0.0,0.0003588392573874444,0.0,194.14486694335938,0.0,194.39436182379723,0.0,0.24949488043785095,0.0,0.2491360455751419,0.0,0.0003588392573874444,0.0,194.14486694335938,0.0,10.546449744142592,0.0,PD,ok,
0.001,0.001,0.001,0.001,0.01,0.1,100.0,0.0,False,1,0.24949488043785095,0.0,0.2491360455751419,0.0,0.0003588392573874444,0.0,194.14486694335938,0.0,194.39436182379723,0.0,0.24949488043785095,0.0,0.2491360455751419,0.0,0.0003588392573874444,0.0,194.14486694335938,0.0,194.39436182379723,0.0,0.24949488043785095,0.0,0.2491360455751419,0.0,0.0003588392573874444,0.0,194.14486694335938,0.0,10.50752126518637,0.0,PD,ok,
0.001,0.001,0.001,0.001,0.1,0.001,100.0,0.0,False,1,0.24949488043785095,0.0,0.2491360455751419,0.0,0.0003588392573874444,0.0,3.587393283843994,0.0,3.836888164281845,0.0,0.24949488043785095,0.0,0.2491360455751419,0.0,0.0003588392573874444,0.0,3.587393283843994,0.0,3.836888164281845,0.0,0.24949488043785095,0.0,0.2491360455751419,0.0,0.0003588392573874444,0.0,3.587393283843994,0.0,10.52270809840411,0.0,PD,ok,
0.001,0.001,0.001,0.001,0.1,0.01,100.0,0.0,False,1,0.24949488043785095,0.0,0.2491360455751419,0.0,0.0003588392573874444,0.0,194.14486694335938,0.0,194.39436182379723,0.0,0.24949488043785095,0.0,0.2491360455751419,0.0,0.0003588392573874444,0.0,194.14486694335938,0.0,194.39436182379723,0.0,0.24949488043785095,0.0,0.2491360455751419,0.0,0.0003588392573874444,0.0,194.14486694335938,0.0,10.563487022183836,0.0,PD,ok,
0.001,0.001,0.001,0.001,0.1,0.1,100.0,0.0,False,1,0.24949488043785095,0.0,0.2491360455751419,0.0,0.0003588392573874444,0.0,194.14486694335938,0.0,194.39436182379723,0.0,0.24949488043785095,0.0,0.2491360455751419,0.0,0.0003588392573874444,0.0,194.14486694335938,0.0,194.39436182379723,0.0,0.24949488043785095,0.0,0.2491360455751419,0.0,0.0003588392573874444,0.0,194.14486694335938,0.0,10.531913976185024,0.0,PD,ok,
0.001,0.001,0.001,0.01,0.01,0.01,100.0,0.0,False,1,0.24949488043785095,0.0,0.2491360455751419,0.0,0.0003588392573874444,0.0,194.14486694335938,0.0,194.39436182379723,0.0,0.24949488043785095,0.0,0.2491360455751419,0.0,0.0003588392573874444,0.0,194.14486694335938,0.0,194.39436182379723,0.0,0.24949488043785095,0.0,0.2491360455751419,0.0,0.0003588392573874444,0.0,194.14486694335938,0.0,10.622457175515592,0.0,PD,ok,
0.001,0.001,0.001,0.01,0.01,0.1,100.0,0.0,False,1,0.24949488043785095,0.0,0.2491360455751419,0.0,0.0003588392573874444,0.0,194.14486694335938,0.0,194.39436182379723,0.0,0.24949488043785095,0.0,0.2491360455751419,0.0,0.0003588392573874444,0.0,194.14486694335938,0.0,194.39436182379723,0.0,0.24949488043785095,0.0,0.2491360455751419,0.0,0.0003588392573874444,0.0,194.14486694335938,0.0,10.555301932618022,0.0,PD,ok,
0.001,0.001,0.001,0.01,0.1,0.001,100.0,0.0,False,1,0.24949488043785095,0.0,0.2491360455751419,0.0,0.0003588392573874444,0.0,3.587393283843994,0.0,3.836888164281845,0.0,0.24949488043785095,0.0,0.2491360455751419,0.0,0.0003588392573874444,0.0,3.587393283843994,0.0,3.836888164281845,0.0,0.24949488043785095,0.0,0.2491360455751419,0.0,0.0003588392573874444,0.0,3.587393283843994,0.0,10.551886963658035,0.0,PD,ok,
0.001,0.001,0.001,0.01,0.1,0.01,100.0,0.0,False,1,0.24949488043785095,0.0,0.2491360455751419,0.0,0.0003588392573874444,0.0,194.14486694335938,0.0,194.39436182379723,0.0,0.24949488043785095,0.0,0.2491360455751419,0.0,0.0003588392573874444,0.0,194.14486694335938,0.0,194.39436182379723,0.0,0.24949488043785095,0.0,0.2491360455751419,0.0,0.0003588392573874444,0.0,194.14486694335938,0.0,10.535491274669766,0.0,PD,ok,
0.001,0.001,0.001,0.01,0.1,0.1,100.0,0.0,False,1,0.24949488043785095,0.0,0.2491360455751419,0.0,0.0003588392573874444,0.0,194.14486694335938,0.0,194.39436182379723,0.0,0.24949488043785095,0.0,0.2491360455751419,0.0,0.0003588392573874444,0.0,194.14486694335938,0.0,194.39436182379723,0.0,0.24949488043785095,0.0,0.2491360455751419,0.0,0.0003588392573874444,0.0,194.14486694335938,0.0,10.55415090918541,0.0,PD,ok,
0.001,0.001,0.001,0.1,0.01,0.01,100.0,0.0,False,1,0.24949488043785095,0.0,0.2491360455751419,0.0,0.0003588392573874444,0.0,194.14486694335938,0.0,194.39436182379723,0.0,0.24949488043785095,0.0,0.2491360455751419,0.0,0.0003588392573874444,0.0,194.14486694335938,0.0,194.39436182379723,0.0,0.24949488043785095,0.0,0.2491360455751419,0.0,0.0003588392573874444,0.0,194.14486694335938,0.0,10.594764948822558,0.0,PD,ok,
0.001,0.001,0.001,0.1,0.01,0.1,100.0,0.0,False,1,0.24949488043785095,0.0,0.2491360455751419,0.0,0.0003588392573874444,0.0,194.14486694335938,0.0,194.39436182379723,0.0,0.24949488043785095,0.0,0.2491360455751419,0.0,0.0003588392573874444,0.0,194.14486694335938,0.0,194.39436182379723,0.0,0.24949488043785095,0.0,0.2491360455751419,0.0,0.0003588392573874444,0.0,194.14486694335938,0.0,10.597043441608548,0.0,PD,ok,
0.001,0.001,0.001,0.1,0.1,0.001,100.0,0.0,False,1,0.24949488043785095,0.0,0.2491360455751419,0.0,0.0003588392573874444,0.0,3.587393283843994,0.0,3.836888164281845,0.0,0.24949488043785095,0.0,0.2491360455751419,0.0,0.0003588392573874444,0.0,3.587393283843994,0.0,3.836888164281845,0.0,0.24949488043785095,0.0,0.2491360455751419,0.0,0.0003588392573874444,0.0,3.587393283843994,0.0,10.579957338050008,0.0,PD,ok,
0.001,0.001,0.001,0.1,0.1,0.01,100.0,0.0,False,1,0.24949488043785095,0.0,0.2491360455751419,0.0,0.0003588392573874444,0.0,194.14486694335938,0.0,194.39436182379723,0.0,0.24949488043785095,0.0,0.2491360455751419,0.0,0.0003588392573874444,0.0,194.14486694335938,0.0,194.39436182379723,0.0,0.24949488043785095,0.0,0.2491360455751419,0.0,0.0003588392573874444,0.0,194.14486694335938,0.0,10.618341658264399,0.0,PD,ok,
0.001,0.001,0.001,0.1,0.1,0.1,100.0,0.0,False,1,0.24949488043785095,0.0,0.2491360455751419,0.0,0.0003588392573874444,0.0,194.14486694335938,0.0,194.39436182379723,0.0,0.24949488043785095,0.0,0.2491360455751419,0.0,0.0003588392573874444,0.0,194.14486694335938,0.0,194.39436182379723,0.0,0.24949488043785095,0.0,0.2491360455751419,0.0,0.0003588392573874444,0.0,194.14486694335938,0.0,10.578158165328205,0.0,PD,ok,
0.001,0.001,0.01,0.001,0.01,0.01,100.0,0.0,False,1,0.24949488043785095,0.0,0.2491360455751419,0.0,0.0003588392573874444,0.0,194.14486694335938,0.0,194.39436182379723,0.0,0.24949488043785095,0.0,0.2491360455751419,0.0,0.0003588392573874444,0.0,194.14486694335938,0.0,194.39436182379723,0.0,0.24949488043785095,0.0,0.2491360455751419,0.0,0.0003588392573874444,0.0,194.14486694335938,0.0,10.600367871113122,0.0,PD,ok,
0.001,0.001,0.01,0.001,0.01,0.1,100.0,0.0,False,1,0.24949488043785095,0.0,0.2491360455751419,0.0,0.0003588392573874444,0.0,194.14486694335938,0.0,194.39436182379723,0.0,0.24949488043785095,0.0,0.2491360455751419,0.0,0.0003588392573874444,0.0,194.14486694335938,0.0,194.39436182379723,0.0,0.24949488043785095,0.0,0.2491360455751419,0.0,0.0003588392573874444,0.0,194.14486694335938,0.0,10.597166273742914,0.0,PD,ok,
0.001,0.001,0.01,0.001,0.1,0.001,100.0,0.0,False,1,0.24949488043785095,0.0,0.2491360455751419,0.0,0.0003588392573874444,0.0,3.587393283843994,0.0,3.836888164281845,0.0,0.24949488043785095,0.0,0.2491360455751419,0.0,0.0003588392573874444,0.0,3.587393283843994,0.0,3.836888164281845,0.0,0.24949488043785095,0.0,0.2491360455751419,0.0,0.0003588392573874444,0.0,3.587393283843994,0.0,10.666188517585397,0.0,PD,ok,
0.001,0.001,0.01,0.001,0.1,0.01,100.0,0.0,False,1,0.24949488043785095,0.0,0.2491360455751419,0.0,0.0003588392573874444,0.0,194.14486694335938,0.0,194.39436182379723,0.0,0.24949488043785095,0.0,0.2491360455751419,0.0,0.0003588392573874444,0.0,194.14486694335938,0.0,194.39436182379723,0.0,0.24949488043785095,0.0,0.2491360455751419,0.0,0.0003588392573874444,0.0,194.14486694335938,0.0,10.699302221648395,0.0,PD,ok,
0.001,0.001,0.01,0.001,0.1,0.1,100.0,0.0,False,1,0.24949488043785095,0.0,0.2491360455751419,0.0,0.0003588392573874444,0.0,194.14486694335938,0.0,194.39436182379723,0.0,0.24949488043785095,0.0,0.2491360455751419,0.0,0.0003588392573874444,0.0,194.14486694335938,0.0,194.39436182379723,0.0,0.24949488043785095,0.0,0.2491360455751419,0.0,0.0003588392573874444,0.0,194.14486694335938,0.0,10.673633309081197,0.0,PD,ok,
0.001,0.001,0.01,0.01,0.01,0.01,100.0,0.0,False,1,0.24949488043785095,0.0,0.2491360455751419,0.0,0.0003588392573874444,0.0,194.14486694335938,0.0,194.39436182379723,0.0,0.24949488043785095,0.0,0.2491360455751419,0.0,0.0003588392573874444,0.0,194.14486694335938,0.0,194.39436182379723,0.0,0.24949488043785095,0.0,0.2491360455751419,0.0,0.0003588392573874444,0.0,194.14486694335938,0.0,10.78099603857845,0.0,PD,ok,
0.001,0.001,0.01,0.01,0.01,0.1,100.0,0.0,False,1,0.24949488043785095,0.0,0.2491360455751419,0.0,0.0003588392573874444,0.0,194.14486694335938,0.0,194.39436182379723,0.0,0.24949488043785095,0.0,0.2491360455751419,0.0,0.0003588392573874444,0.0,194.14486694335938,0.0,194.39436182379723,0.0,0.24949488043785095,0.0,0.2491360455751419,0.0,0.0003588392573874444,0.0,194.14486694335938,0.0,10.77504219673574,0.0,PD,ok,
0.001,0.001,0.01,0.01,0.1,0.001,100.0,0.0,False,1,0.24949488043785095,0.0,0.2491360455751419,0.0,0.0003588392573874444,0.0,3.587393283843994,0.0,3.836888164281845,0.0,0.24949488043785095,0.0,0.2491360455751419,0.0,0.0003588392573874444,0.0,3.587393283843994,0.0,3.836888164281845,0.0,0.24949488043785095,0.0,0.2491360455751419,0.0,0.0003588392573874444,0.0,3.587393283843994,0.0,10.789755295962095,0.0,PD,ok,
0.001,0.001,0.01,0.01,0.1,0.01,100.0,0.0,False,1,0.24949488043785095,0.0,0.2491360455751419,0.0,0.0003588392573874444,0.0,194.14486694335938,0.0,194.39436182379723,0.0,0.24949488043785095,0.0,0.2491360455751419,0.0,0.0003588392573874444,0.0,194.14486694335938,0.0,194.39436182379723,0.0,0.24949488043785095,0.0,0.2491360455751419,0.0,0.0003588392573874444,0.0,194.14486694335938,0.0,10.838041928596795,0.0,PD,ok,
0.001,0.001,0.01,0.01,0.1,0.1,100.0,0.0,False,1,0.24949488043785095,0.0,0.2491360455751419,0.0,0.0003588392573874444,0.0,194.14486694335938,0.0,194.39436182379723,0.0,0.24949488043785095,0.0,0.2491360455751419,0.0,0.0003588392573874444,0.0,194.14486694335938,0.0,194.39436182379723,0.0,0.24949488043785095,0.0,0.2491360455751419,0.0,0.0003588392573874444,0.0,194.14486694335938,0.0,10.80113823339343,0.0,PD,ok,
0.001,0.001,0.01,0.1,0.01,0.01,100.0,0.0,False,1,0.24949488043785095,0.0,0.2491360455751419,0.0,0.0003588392573874444,0.0,194.14486694335938,0.0,194.39436182379723,0.0,0.24949488043785095,0.0,0.2491360455751419,0.0,0.0003588392573874444,0.0,194.14486694335938,0.0,194.39436182379723,0.0,0.24949488043785095,0.0,0.2491360455751419,0.0,0.0003588392573874444,0.0,194.14486694335938,0.0,10.67846504598856,0.0,PD,ok,
0.001,0.001,0.01,0.1,0.01,0.1,100.0,0.0,False,1,0.24949488043785095,0.0,0.2491360455751419,0.0,0.0003588392573874444,0.0,194.14486694335938,0.0,194.39436182379723,0.0,0.24949488043785095,0.0,0.2491360455751419,0.0,0.0003588392573874444,0.0,194.14486694335938,0.0,194.39436182379723,0.0,0.24949488043785095,0.0,0.2491360455751419,0.0,0.0003588392573874444,0.0,194.14486694335938,0.0,10.706301587633789,0.0,PD,ok,
0.001,0.001,0.01,0.1,0.1,0.01,100.0,0.0,False,1,0.24949488043785095,0.0,0.2491360455751419,0.0,0.0003588392573874444,0.0,194.14486694335938,0.0,194.39436182379723,0.0,0.24949488043785095,0.0,0.2491360455751419,0.0,0.0003588392573874444,0.0,194.14486694335938,0.0,194.39436182379723,0.0,0.24949488043785095,0.0,0.2491360455751419,0.0,0.0003588392573874444,0.0,194.14486694335938,0.0,10.74210072029382,0.0,PD,ok,
0.001,0.001,0.01,0.1,0.1,0.001,100.0,0.0,False,1,0.24949488043785095,0.0,0.2491360455751419,0.0,0.0003588392573874444,0.0,3.587393283843994,0.0,3.836888164281845,0.0,0.24949488043785095,0.0,0.2491360455751419,0.0,0.0003588392573874444,0.0,3.587393283843994,0.0,3.836888164281845,0.0,0.24949488043785095,0.0,0.2491360455751419,0.0,0.0003588392573874444,0.0,3.587393283843994,0.0,10.713559661991894,0.0,PD,ok,
0.001,0.001,0.01,0.1,0.1,0.1,100.0,0.0,False,1,0.24949488043785095,0.0,0.2491360455751419,0.0,0.0003588392573874444,0.0,194.14486694335938,0.0,194.39436182379723,0.0,0.24949488043785095,0.0,0.2491360455751419,0.0,0.0003588392573874444,0.0,194.14486694335938,0.0,194.39436182379723,0.0,0.24949488043785095,0.0,0.2491360455751419,0.0,0.0003588392573874444,0.0,194.14486694335938,0.0,10.72646501287818,0.0,PD,ok,
0.001,0.001,0.1,0.001,0.01,0.01,100.0,0.0,False,1,0.24949488043785095,0.0,0.2491360455751419,0.0,0.0003588392573874444,0.0,194.14486694335938,0.0,194.39436182379723,0.0,0.24949488043785095,0.0,0.2491360455751419,0.0,0.0003588392573874444,0.0,194.14486694335938,0.0,194.39436182379723,0.0,0.24949488043785095,0.0,0.2491360455751419,0.0,0.0003588392573874444,0.0,194.14486694335938,0.0,10.595600966364145,0.0,PD,ok,
0.001,0.001,0.1,0.001,0.01,0.1,100.0,0.0,False,1,0.24949488043785095,0.0,0.2491360455751419,0.0,0.0003588392573874444,0.0,194.14486694335938,0.0,194.39436182379723,0.0,0.24949488043785095,0.0,0.2491360455751419,0.0,0.0003588392573874444,0.0,194.14486694335938,0.0,194.39436182379723,0.0,0.24949488043785095,0.0,0.2491360455751419,0.0,0.0003588392573874444,0.0,194.14486694335938,0.0,10.622279624454677,0.0,PD,ok,
0.001,0.001,0.1,0.001,0.1,0.001,100.0,0.0,False,1,0.24949488043785095,0.0,0.2491360455751419,0.0,0.0003588392573874444,0.0,3.587393283843994,0.0,3.836888164281845,0.0,0.24949488043785095,0.0,0.2491360455751419,0.0,0.0003588392573874444,0.0,3.587393283843994,0.0,3.836888164281845,0.0,0.24949488043785095,0.0,0.2491360455751419,0.0,0.0003588392573874444,0.0,3.587393283843994,0.0,10.591563141904771,0.0,PD,ok,
0.001,0.001,0.1,0.001,0.1,0.01,100.0,0.0,False,1,0.24949488043785095,0.0,0.2491360455751419,0.0,0.0003588392573874444,0.0,194.14486694335938,0.0,194.39436182379723,0.0,0.24949488043785095,0.0,0.2491360455751419,0.0,0.0003588392573874444,0.0,194.14486694335938,0.0,194.39436182379723,0.0,0.24949488043785095,0.0,0.2491360455751419,0.0,0.0003588392573874444,0.0,194.14486694335938,0.0,10.627767416648567,0.0,PD,ok,
0.001,0.001,0.1,0.001,0.1,0.1,100.0,0.0,False,1,0.24949488043785095,0.0,0.2491360455751419,0.0,0.0003588392573874444,0.0,194.14486694335938,0.0,194.39436182379723,0.0,0.24949488043785095,0.0,0.2491360455751419,0.0,0.0003588392573874444,0.0,194.14486694335938,0.0,194.39436182379723,0.0,0.24949488043785095,0.0,0.2491360455751419,0.0,0.0003588392573874444,0.0,194.14486694335938,0.0,10.62825472932309,0.0,PD,ok,
0.001,0.001,0.1,0.01,0.01,0.01,100.0,0.0,False,1,0.24949488043785095,0.0,0.2491360455751419,0.0,0.0003588392573874444,0.0,194.14486694335938,0.0,194.39436182379723,0.0,0.24949488043785095,0.0,0.2491360455751419,0.0,0.0003588392573874444,0.0,194.14486694335938,0.0,194.39436182379723,0.0,0.24949488043785095,0.0,0.2491360455751419,0.0,0.0003588392573874444,0.0,194.14486694335938,0.0,10.73156924545765,0.0,PD,ok,
0.001,0.001,0.1,0.01,0.01,0.1,100.0,0.0,False,1,0.24949488043785095,0.0,0.2491360455751419,0.0,0.0003588392573874444,0.0,194.14486694335938,0.0,194.39436182379723,0.0,0.24949488043785095,0.0,0.2491360455751419,0.0,0.0003588392573874444,0.0,194.14486694335938,0.0,194.39436182379723,0.0,0.24949488043785095,0.0,0.2491360455751419,0.0,0.0003588392573874444,0.0,194.14486694335938,0.0,10.765787722542882,0.0,PD,ok,
0.001,0.001,0.1,0.01,0.1,0.001,100.0,0.0,False,1,0.24949488043785095,0.0,0.2491360455751419,0.0,0.0003588392573874444,0.0,3.587393283843994,0.0,3.836888164281845,0.0,0.24949488043785095,0.0,0.2491360455751419,0.0,0.0003588392573874444,0.0,3.587393283843994,0.0,3.836888164281845,0.0,0.24949488043785095,0.0,0.2491360455751419,0.0,0.0003588392573874444,0.0,3.587393283843994,0.0,10.762254811823368,0.0,PD,ok,
0.001,0.001,0.1,0.01,0.1,0.01,100.0,0.0,False,1,0.24949488043785095,0.0,0.2491360455751419,0.0,0.0003588392573874444,0.0,194.14486694335938,0.0,194.39436182379723,0.0,0.24949488043785095,0.0,0.2491360455751419,0.0,0.0003588392573874444,0.0,194.14486694335938,0.0,194.39436182379723,0.0,0.24949488043785095,0.0,0.2491360455751419,0.0,0.0003588392573874444,0.0,194.14486694335938,0.0,10.824907350353897,0.0,PD,ok,
0.001,0.001,0.1,0.01,0.1,0.1,100.0,0.0,False,1,0.24949488043785095,0.0,0.2491360455751419,0.0,0.0003588392573874444,0.0,194.14486694335938,0.0,194.39436182379723,0.0,0.24949488043785095,0.0,0.2491360455751419,0.0,0.0003588392573874444,0.0,194.14486694335938,0.0,194.39436182379723,0.0,0.24949488043785095,0.0,0.2491360455751419,0.0,0.0003588392573874444,0.0,194.14486694335938,0.0,10.829383410513401,0.0,PD,ok,
0.001,0.001,0.1,0.1,0.01,0.01,100.0,0.0,False,1,0.24949488043785095,0.0,0.2491360455751419,0.0,0.0003588392573874444,0.0,194.14486694335938,0.0,194.39436182379723,0.0,0.24949488043785095,0.0,0.2491360455751419,0.0,0.0003588392573874444,0.0,194.14486694335938,0.0,194.39436182379723,0.0,0.24949488043785095,0.0,0.2491360455751419,0.0,0.0003588392573874444,0.0,194.14486694335938,0.0,10.765347393229604,0.0,PD,ok,
0.001,0.001,0.1,0.1,0.01,0.1,100.0,0.0,False,1,0.24949488043785095,0.0,0.2491360455751419,0.0,0.0003588392573874444,0.0,194.14486694335938,0.0,194.39436182379723,0.0,0.24949488043785095,0.0,0.2491360455751419,0.0,0.0003588392573874444,0.0,194.14486694335938,0.0,194.39436182379723,0.0,0.24949488043785095,0.0,0.2491360455751419,0.0,0.0003588392573874444,0.0,194.14486694335938,0.0,10.798760688863695,0.0,PD,ok,
0.001,0.001,0.1,0.1,0.1,0.001,100.0,0.0,False,1,0.24949488043785095,0.0,0.2491360455751419,0.0,0.0003588392573874444,0.0,3.587393283843994,0.0,3.836888164281845,0.0,0.24949488043785095,0.0,0.2491360455751419,0.0,0.0003588392573874444,0.0,3.587393283843994,0.0,3.836888164281845,0.0,0.24949488043785095,0.0,0.2491360455751419,0.0,0.0003588392573874444,0.0,3.587393283843994,0.0,10.788009725511074,0.0,PD,ok,
0.001,0.001,0.1,0.1,0.1,0.01,100.0,0.0,False,1,0.24949488043785095,0.0,0.2491360455751419,0.0,0.0003588392573874444,0.0,194.14486694335938,0.0,194.39436182379723,0.0,0.24949488043785095,0.0,0.2491360455751419,0.0,0.0003588392573874444,0.0,194.14486694335938,0.0,194.39436182379723,0.0,0.24949488043785095,0.0,0.2491360455751419,0.0,0.0003588392573874444,0.0,194.14486694335938,0.0,10.801982401870191,0.0,PD,ok,
0.001,0.001,0.1,0.1,0.1,0.1,100.0,0.0,False,1,0.24949488043785095,0.0,0.2491360455751419,0.0,0.0003588392573874444,0.0,194.14486694335938,0.0,194.39436182379723,0.0,0.24949488043785095,0.0,0.2491360455751419,0.0,0.0003588392573874444,0.0,194.14486694335938,0.0,194.39436182379723,0.0,0.24949488043785095,0.0,0.2491360455751419,0.0,0.0003588392573874444,0.0,194.14486694335938,0.0,10.798572562634945,0.0,PD,ok,
0.001,0.01,0.001,0.001,0.01,0.01,100.0,0.0,False,1,0.24949488043785095,0.0,0.2491360455751419,0.0,0.0003588392573874444,0.0,194.14486694335938,0.0,194.39436182379723,0.0,0.24949488043785095,0.0,0.2491360455751419,0.0,0.0003588392573874444,0.0,194.14486694335938,0.0,194.39436182379723,0.0,0.24949488043785095,0.0,0.2491360455751419,0.0,0.0003588392573874444,0.0,194.14486694335938,0.0,10.747957535088062,0.0,PD,ok,
0.001,0.01,0.001,0.001,0.01,0.1,100.0,0.0,False,1,0.24949488043785095,0.0,0.2491360455751419,0.0,0.0003588392573874444,0.0,194.14486694335938,0.0,194.39436182379723,0.0,0.24949488043785095,0.0,0.2491360455751419,0.0,0.0003588392573874444,0.0,194.14486694335938,0.0,194.39436182379723,0.0,0.24949488043785095,0.0,0.2491360455751419,0.0,0.0003588392573874444,0.0,194.14486694335938,0.0,10.74796561524272,0.0,PD,ok,
0.001,0.01,0.001,0.001,0.1,0.001,100.0,0.0,False,1,0.24949488043785095,0.0,0.2491360455751419,0.0,0.0003588392573874444,0.0,3.5783932209014893,0.0,3.82788810133934,0.0,0.24949488043785095,0.0,0.2491360455751419,0.0,0.0003588392573874444,0.0,3.5783932209014893,0.0,3.82788810133934,0.0,0.24949488043785095,0.0,0.2491360455751419,0.0,0.0003588392573874444,0.0,3.5783932209014893,0.0,10.783070691861212,0.0,PD,ok,
0.001,0.01,0.001,0.001,0.1,0.01,100.0,0.0,False,1,0.24949488043785095,0.0,0.2491360455751419,0.0,0.0003588392573874444,0.0,194.14486694335938,0.0,194.39436182379723,0.0,0.24949488043785095,0.0,0.2491360455751419,0.0,0.0003588392573874444,0.0,194.14486694335938,0.0,194.39436182379723,0.0,0.24949488043785095,0.0,0.2491360455751419,0.0,0.0003588392573874444,0.0,194.14486694335938,0.0,10.87602925579995,0.0,PD,ok,
0.001,0.01,0.001,0.001,0.1,0.1,100.0,0.0,False,1,0.24949488043785095,0.0,0.2491360455751419,0.0,0.0003588392573874444,0.0,194.14486694335938,0.0,194.39436182379723,0.0,0.24949488043785095,0.0,0.2491360455751419,0.0,0.0003588392573874444,0.0,194.14486694335938,0.0,194.39436182379723,0.0,0.24949488043785095,0.0,0.2491360455751419,0.0,0.0003588392573874444,0.0,194.14486694335938,0.0,10.840954813174903,0.0,PD,ok,
0.001,0.01,0.001,0.01,0.01,0.01,100.0,0.0,False,1,0.24949488043785095,0.0,0.2491360455751419,0.0,0.0003588392573874444,0.0,194.14486694335938,0.0,194.39436182379723,0.0,0.24949488043785095,0.0,0.2491360455751419,0.0,0.0003588392573874444,0.0,194.14486694335938,0.0,194.39436182379723,0.0,0.24949488043785095,0.0,0.2491360455751419,0.0,0.0003588392573874444,0.0,194.14486694335938,0.0,10.825762750580907,0.0,PD,ok,
0.001,0.01,0.001,0.01,0.01,0.1,100.0,0.0,False,1,0.24949488043785095,0.0,0.2491360455751419,0.0,0.0003588392573874444,0.0,194.14486694335938,0.0,194.39436182379723,0.0,0.24949488043785095,0.0,0.2491360455751419,0.0,0.0003588392573874444,0.0,194.14486694335938,0.0,194.39436182379723,0.0,0.24949488043785095,0.0,0.2491360455751419,0.0,0.0003588392573874444,0.0,194.14486694335938,0.0,10.78362891357392,0.0,PD,ok,
0.001,0.01,0.001,0.01,0.1,0.001,100.0,0.0,False,1,0.24949488043785095,0.0,0.2491360455751419,0.0,0.0003588392573874444,0.0,3.5783932209014893,0.0,3.82788810133934,0.0,0.24949488043785095,0.0,0.2491360455751419,0.0,0.0003588392573874444,0.0,3.5783932209014893,0.0,3.82788810133934,0.0,0.24949488043785095,0.0,0.2491360455751419,0.0,0.0003588392573874444,0.0,3.5783932209014893,0.0,10.78351290896535,0.0,PD,ok,
0.001,0.01,0.001,0.01,0.1,0.01,100.0,0.0,False,1,0.24949488043785095,0.0,0.2491360455751419,0.0,0.0003588392573874444,0.0,194.14486694335938,0.0,194.39436182379723,0.0,0.24949488043785095,0.0,0.2491360455751419,0.0,0.0003588392573874444,0.0,194.14486694335938,0.0,194.39436182379723,0.0,0.24949488043785095,0.0,0.2491360455751419,0.0,0.0003588392573874444,0.0,194.14486694335938,0.0,10.78728350251913,0.0,PD,ok,
0.001,0.01,0.001,0.01,0.1,0.1,100.0,0.0,False,1,0.24949488043785095,0.0,0.2491360455751419,0.0,0.0003588392573874444,0.0,194.14486694335938,0.0,194.39436182379723,0.0,0.24949488043785095,0.0,0.2491360455751419,0.0,0.0003588392573874444,0.0,194.14486694335938,0.0,194.39436182379723,0.0,0.24949488043785095,0.0,0.2491360455751419,0.0,0.0003588392573874444,0.0,194.14486694335938,0.0,10.78018093854189,0.0,PD,ok,
0.001,0.01,0.001,0.1,0.01,0.01,100.0,0.0,False,1,0.24949488043785095,0.0,0.2491360455751419,0.0,0.0003588392573874444,0.0,194.14486694335938,0.0,194.39436182379723,0.0,0.24949488043785095,0.0,0.2491360455751419,0.0,0.0003588392573874444,0.0,194.14486694335938,0.0,194.39436182379723,0.0,0.24949488043785095,0.0,0.2491360455751419,0.0,0.0003588392573874444,0.0,194.14486694335938,0.0,10.82144558057189,0.0,PD,ok,
0.001,0.01,0.001,0.1,0.01,0.1,100.0,0.0,False,1,0.24949488043785095,0.0,0.2491360455751419,0.0,0.0003588392573874444,0.0,194.14486694335938,0.0,194.39436182379723,0.0,0.24949488043785095,0.0,0.2491360455751419,0.0,0.0003588392573874444,0.0,194.14486694335938,0.0,194.39436182379723,0.0,0.24949488043785095,0.0,0.2491360455751419,0.0,0.0003588392573874444,0.0,194.14486694335938,0.0,10.869728622026742,0.0,PD,ok,
0.001,0.01,0.001,0.1,0.1,0.001,100.0,0.0,False,1,0.24949488043785095,0.0,0.2491360455751419,0.0,0.0003588392573874444,0.0,3.5783932209014893,0.0,3.82788810133934,0.0,0.24949488043785095,0.0,0.2491360455751419,0.0,0.0003588392573874444,0.0,3.5783932209014893,0.0,3.82788810133934,0.0,0.24949488043785095,0.0,0.2491360455751419,0.0,0.0003588392573874444,0.0,3.5783932209014893,0.0,10.886371277272701,0.0,PD,ok,
0.001,0.01,0.001,0.1,0.1,0.01,100.0,0.0,False,1,0.24949488043785095,0.0,0.2491360455751419,0.0,0.0003588392573874444,0.0,194.14486694335938,0.0,194.39436182379723,0.0,0.24949488043785095,0.0,0.2491360455751419,0.0,0.0003588392573874444,0.0,194.14486694335938,0.0,194.39436182379723,0.0,0.24949488043785095,0.0,0.2491360455751419,0.0,0.0003588392573874444,0.0,194.14486694335938,0.0,10.87049541901797,0.0,PD,ok,
0.001,0.01,0.001,0.1,0.1,0.1,100.0,0.0,False,1,0.24949488043785095,0.0,0.2491360455751419,0.0,0.0003588392573874444,0.0,194.14486694335938,0.0,194.39436182379723,0.0,0.24949488043785095,0.0,0.2491360455751419,0.0,0.0003588392573874444,0.0,194.14486694335938,0.0,194.39436182379723,0.0,0.24949488043785095,0.0,0.2491360455751419,0.0,0.0003588392573874444,0.0,194.14486694335938,0.0,10.86921024043113,0.0,PD,ok,
0.001,0.01,0.01,0.001,0.01,0.01,100.0,0.0,False,1,0.24949488043785095,0.0,0.2491360455751419,0.0,0.0003588392573874444,0.0,194.14486694335938,0.0,194.39436182379723,0.0,0.24949488043785095,0.0,0.2491360455751419,0.0,0.0003588392573874444,0.0,194.14486694335938,0.0,194.39436182379723,0.0,0.24949488043785095,0.0,0.2491360455751419,0.0,0.0003588392573874444,0.0,194.14486694335938,0.0,10.998062748461962,0.0,PD,ok,
0.001,0.01,0.01,0.001,0.01,0.1,100.0,0.0,False,1,0.24949488043785095,0.0,0.2491360455751419,0.0,0.0003588392573874444,0.0,194.14486694335938,0.0,194.39436182379723,0.0,0.24949488043785095,0.0,0.2491360455751419,0.0,0.0003588392573874444,0.0,194.14486694335938,0.0,194.39436182379723,0.0,0.24949488043785095,0.0,0.2491360455751419,0.0,0.0003588392573874444,0.0,194.14486694335938,0.0,11.01423564273864,0.0,PD,ok,
0.001,0.01,0.01,0.001,0.1,0.001,100.0,0.0,False,1,0.24949488043785095,0.0,0.2491360455751419,0.0,0.0003588392573874444,0.0,3.5783932209014893,0.0,3.82788810133934,0.0,0.24949488043785095,0.0,0.2491360455751419,0.0,0.0003588392573874444,0.0,3.5783932209014893,0.0,3.82788810133934,0.0,0.24949488043785095,0.0,0.2491360455751419,0.0,0.0003588392573874444,0.0,3.5783932209014893,0.0,10.908014316111803,0.0,PD,ok,
0.001,0.01,0.01,0.001,0.1,0.01,100.0,0.0,False,1,0.24949488043785095,0.0,0.2491360455751419,0.0,0.0003588392573874444,0.0,194.14486694335938,0.0,194.39436182379723,0.0,0.24949488043785095,0.0,0.2491360455751419,0.0,0.0003588392573874444,0.0,194.14486694335938,0.0,194.39436182379723,0.0,0.24949488043785095,0.0,0.2491360455751419,0.0,0.0003588392573874444,0.0,194.14486694335938,0.0,10.89857979491353,0.0,PD,ok,
0.001,0.01,0.01,0.001,0.1,0.1,100.0,0.0,False,1,0.24949488043785095,0.0,0.2491360455751419,0.0,0.0003588392573874444,0.0,194.14486694335938,0.0,194.39436182379723,0.0,0.24949488043785095,0.0,0.2491360455751419,0.0,0.0003588392573874444,0.0,194.14486694335938,0.0,194.39436182379723,0.0,0.24949488043785095,0.0,0.2491360455751419,0.0,0.0003588392573874444,0.0,194.14486694335938,0.0,10.881883311085403,0.0,PD,ok,
0.001,0.01,0.01,0.01,0.01,0.01,100.0,0.0,False,1,0.24949488043785095,0.0,0.2491360455751419,0.0,0.0003588392573874444,0.0,194.14486694335938,0.0,194.39436182379723,0.0,0.24949488043785095,0.0,0.2491360455751419,0.0,0.0003588392573874444,0.0,194.14486694335938,0.0,194.39436182379723,0.0,0.24949488043785095,0.0,0.2491360455751419,0.0,0.0003588392573874444,0.0,194.14486694335938,0.0,10.792471715249121,0.0,PD,ok,
0.001,0.01,0.01,0.01,0.01,0.1,100.0,0.0,False,1,0.24949488043785095,0.0,0.2491360455751419,0.0,0.0003588392573874444,0.0,194.14486694335938,0.0,194.39436182379723,0.0,0.24949488043785095,0.0,0.2491360455751419,0.0,0.0003588392573874444,0.0,194.14486694335938,0.0,194.39436182379723,0.0,0.24949488043785095,0.0,0.2491360455751419,0.0,0.0003588392573874444,0.0,194.14486694335938,0.0,10.781858060508966,0.0,PD,ok,
0.001,0.01,0.01,0.01,0.1,0.001,100.0,0.0,False,1,0.24949488043785095,0.0,0.2491360455751419,0.0,0.0003588392573874444,0.0,3.5783932209014893,0.0,3.82788810133934,0.0,0.24949488043785095,0.0,0.2491360455751419,0.0,0.0003588392573874444,0.0,3.5783932209014893,0.0,3.82788810133934,0.0,0.24949488043785095,0.0,0.2491360455751419,0.0,0.0003588392573874444,0.0,3.5783932209014893,0.0,10.815460770390928,0.0,PD,ok,
0.001,0.01,0.01,0.01,0.1,0.01,100.0,0.0,False,1,0.24949488043785095,0.0,0.2491360455751419,0.0,0.0003588392573874444,0.0,194.14486694335938,0.0,194.39436182379723,0.0,0.24949488043785095,0.0,0.2491360455751419,0.0,0.0003588392573874444,0.0,194.14486694335938,0.0,194.39436182379723,0.0,0.24949488043785095,0.0,0.2491360455751419,0.0,0.0003588392573874444,0.0,194.14486694335938,0.0,10.636999182403088,0.0,PD,ok,
0.001,0.01,0.01,0.01,0.1,0.1,100.0,0.0,False,1,0.24949488043785095,0.0,0.2491360455751419,0.0,0.0003588392573874444,0.0,194.14486694335938,0.0,194.39436182379723,0.0,0.24949488043785095,0.0,0.2491360455751419,0.0,0.0003588392573874444,0.0,194.14486694335938,0.0,194.39436182379723,0.0,0.24949488043785095,0.0,0.2491360455751419,0.0,0.0003588392573874444,0.0,194.14486694335938,0.0,10.637402217835188,0.0,PD,ok,
0.001,0.01,0.01,0.1,0.01,0.01,100.0,0.0,False,1,0.24949488043785095,0.0,0.2491360455751419,0.0,0.0003588392573874444,0.0,194.14486694335938,0.0,194.39436182379723,0.0,0.24949488043785095,0.0,0.2491360455751419,0.0,0.0003588392573874444,0.0,194.14486694335938,0.0,194.39436182379723,0.0,0.24949488043785095,0.0,0.2491360455751419,0.0,0.0003588392573874444,0.0,194.14486694335938,0.0,10.826883167028427,0.0,PD,ok,
0.001,0.01,0.01,0.1,0.01,0.1,100.0,0.0,False,1,0.24949488043785095,0.0,0.2491360455751419,0.0,0.0003588392573874444,0.0,194.14486694335938,0.0,194.39436182379723,0.0,0.24949488043785095,0.0,0.2491360455751419,0.0,0.0003588392573874444,0.0,194.14486694335938,0.0,194.39436182379723,0.0,0.24949488043785095,0.0,0.2491360455751419,0.0,0.0003588392573874444,0.0,194.14486694335938,0.0,10.842961280606687,0.0,PD,ok,
0.001,0.01,0.01,0.1,0.1,0.001,100.0,0.0,False,1,0.24949488043785095,0.0,0.2491360455751419,0.0,0.0003588392573874444,0.0,3.5783932209014893,0.0,3.82788810133934,0.0,0.24949488043785095,0.0,0.2491360455751419,0.0,0.0003588392573874444,0.0,3.5783932209014893,0.0,3.82788810133934,0.0,0.24949488043785095,0.0,0.2491360455751419,0.0,0.0003588392573874444,0.0,3.5783932209014893,0.0,10.830878090113401,0.0,PD,ok,
0.001,0.01,0.01,0.1,0.1,0.01,100.0,0.0,False,1,0.24949488043785095,0.0,0.2491360455751419,0.0,0.0003588392573874444,0.0,194.14486694335938,0.0,194.39436182379723,0.0,0.24949488043785095,0.0,0.2491360455751419,0.0,0.0003588392573874444,0.0,194.14486694335938,0.0,194.39436182379723,0.0,0.24949488043785095,0.0,0.2491360455751419,0.0,0.0003588392573874444,0.0,194.14486694335938,0.0,10.80717927403748,0.0,PD,ok,
0.001,0.01,0.01,0.1,0.1,0.1,100.0,0.0,False,1,0.24949488043785095,0.0,0.2491360455751419,0.0,0.0003588392573874444,0.0,194.14486694335938,0.0,194.39436182379723,0.0,0.24949488043785095,0.0,0.2491360455751419,0.0,0.0003588392573874444,0.0,194.14486694335938,0.0,194.39436182379723,0.0,0.24949488043785095,0.0,0.2491360455751419,0.0,0.0003588392573874444,0.0,194.14486694335938,0.0,10.853228493593633,0.0,PD,ok,
0.001,0.01,0.1,0.001,0.01,0.01,100.0,0.0,False,1,0.24949488043785095,0.0,0.2491360455751419,0.0,0.0003588392573874444,0.0,194.14486694335938,0.0,194.39436182379723,0.0,0.24949488043785095,0.0,0.2491360455751419,0.0,0.0003588392573874444,0.0,194.14486694335938,0.0,194.39436182379723,0.0,0.24949488043785095,0.0,0.2491360455751419,0.0,0.0003588392573874444,0.0,194.14486694335938,0.0,10.870888286270201,0.0,PD,ok,
0.001,0.01,0.1,0.001,0.01,0.1,100.0,0.0,False,1,0.24949488043785095,0.0,0.2491360455751419,0.0,0.0003588392573874444,0.0,194.14486694335938,0.0,194.39436182379723,0.0,0.24949488043785095,0.0,0.2491360455751419,0.0,0.0003588392573874444,0.0,194.14486694335938,0.0,194.39436182379723,0.0,0.24949488043785095,0.0,0.2491360455751419,0.0,0.0003588392573874444,0.0,194.14486694335938,0.0,10.842140984721482,0.0,PD,ok,
0.001,0.01,0.1,0.001,0.1,0.001,100.0,0.0,False,1,0.24949488043785095,0.0,0.2491360455751419,0.0,0.0003588392573874444,0.0,3.5783932209014893,0.0,3.82788810133934,0.0,0.24949488043785095,0.0,0.2491360455751419,0.0,0.0003588392573874444,0.0,3.5783932209014893,0.0,3.82788810133934,0.0,0.24949488043785095,0.0,0.2491360455751419,0.0,0.0003588392573874444,0.0,3.5783932209014893,0.0,11.004582456313074,0.0,PD,ok,
0.001,0.01,0.1,0.001,0.1,0.01,100.0,0.0,False,1,0.24949488043785095,0.0,0.2491360455751419,0.0,0.0003588392573874444,0.0,194.14486694335938,0.0,194.39436182379723,0.0,0.24949488043785095,0.0,0.2491360455751419,0.0,0.0003588392573874444,0.0,194.14486694335938,0.0,194.39436182379723,0.0,0.24949488043785095,0.0,0.2491360455751419,0.0,0.0003588392573874444,0.0,194.14486694335938,0.0,11.037317364476621,0.0,PD,ok,
0.001,0.01,0.1,0.001,0.1,0.1,100.0,0.0,False,1,0.24949488043785095,0.0,0.2491360455751419,0.0,0.0003588392573874444,0.0,194.14486694335938,0.0,194.39436182379723,0.0,0.24949488043785095,0.0,0.2491360455751419,0.0,0.0003588392573874444,0.0,194.14486694335938,0.0,194.39436182379723,0.0,0.24949488043785095,0.0,0.2491360455751419,0.0,0.0003588392573874444,0.0,194.14486694335938,0.0,11.0056273015216,0.0,PD,ok,
0.001,0.01,0.1,0.01,0.01,0.1,100.0,0.0,False,1,0.24949488043785095,0.0,0.2491360455751419,0.0,0.0003588392573874444,0.0,194.14486694335938,0.0,194.39436182379723,0.0,0.24949488043785095,0.0,0.2491360455751419,0.0,0.0003588392573874444,0.0,194.14486694335938,0.0,194.39436182379723,0.0,0.24949488043785095,0.0,0.2491360455751419,0.0,0.0003588392573874444,0.0,194.14486694335938,0.0,10.947152249515057,0.0,PD,ok,
0.001,0.01,0.1,0.01,0.01,0.01,100.0,0.0,False,1,0.24949488043785095,0.0,0.2491360455751419,0.0,0.0003588392573874444,0.0,194.14486694335938,0.0,194.39436182379723,0.0,0.24949488043785095,0.0,0.2491360455751419,0.0,0.0003588392573874444,0.0,194.14486694335938,0.0,194.39436182379723,0.0,0.24949488043785095,0.0,0.2491360455751419,0.0,0.0003588392573874444,0.0,194.14486694335938,0.0,10.969998072832823,0.0,PD,ok,
0.001,0.01,0.1,0.01,0.1,0.001,100.0,0.0,False,1,0.24949488043785095,0.0,0.2491360455751419,0.0,0.0003588392573874444,0.0,3.5783932209014893,0.0,3.82788810133934,0.0,0.24949488043785095,0.0,0.2491360455751419,0.0,0.0003588392573874444,0.0,3.5783932209014893,0.0,3.82788810133934,0.0,0.24949488043785095,0.0,0.2491360455751419,0.0,0.0003588392573874444,0.0,3.5783932209014893,0.0,10.968675531446934,0.0,PD,ok,
0.001,0.01,0.1,0.01,0.1,0.1,100.0,0.0,False,1,0.24949488043785095,0.0,0.2491360455751419,0.0,0.0003588392573874444,0.0,194.14486694335938,0.0,194.39436182379723,0.0,0.24949488043785095,0.0,0.2491360455751419,0.0,0.0003588392573874444,0.0,194.14486694335938,0.0,194.39436182379723,0.0,0.24949488043785095,0.0,0.2491360455751419,0.0,0.0003588392573874444,0.0,194.14486694335938,0.0,10.853160563856363,0.0,PD,ok,
0.001,0.01,0.1,0.01,0.1,0.01,100.0,0.0,False,1,0.24949488043785095,0.0,0.2491360455751419,0.0,0.0003588392573874444,0.0,194.14486694335938,0.0,194.39436182379723,0.0,0.24949488043785095,0.0,0.2491360455751419,0.0,0.0003588392573874444,0.0,194.14486694335938,0.0,194.39436182379723,0.0,0.24949488043785095,0.0,0.2491360455751419,0.0,0.0003588392573874444,0.0,194.14486694335938,0.0,10.888504962436855,0.0,PD,ok,
0.001,0.01,0.1,0.1,0.01,0.1,100.0,0.0,False,1,0.24949488043785095,0.0,0.2491360455751419,0.0,0.0003588392573874444,0.0,194.14486694335938,0.0,194.39436182379723,0.0,0.24949488043785095,0.0,0.2491360455751419,0.0,0.0003588392573874444,0.0,194.14486694335938,0.0,194.39436182379723,0.0,0.24949488043785095,0.0,0.2491360455751419,0.0,0.0003588392573874444,0.0,194.14486694335938,0.0,10.851663461886346,0.0,PD,ok,
0.001,0.01,0.1,0.1,0.01,0.01,100.0,0.0,False,1,0.24949488043785095,0.0,0.2491360455751419,0.0,0.0003588392573874444,0.0,194.14486694335938,0.0,194.39436182379723,0.0,0.24949488043785095,0.0,0.2491360455751419,0.0,0.0003588392573874444,0.0,194.14486694335938,0.0,194.39436182379723,0.0,0.24949488043785095,0.0,0.2491360455751419,0.0,0.0003588392573874444,0.0,194.14486694335938,0.0,10.84357239678502,0.0,PD,ok,
0.001,0.01,0.1,0.1,0.1,0.001,100.0,0.0,False,1,0.24949488043785095,0.0,0.2491360455751419,0.0,0.0003588392573874444,0.0,3.5783932209014893,0.0,3.82788810133934,0.0,0.24949488043785095,0.0,0.2491360455751419,0.0,0.0003588392573874444,0.0,3.5783932209014893,0.0,3.82788810133934,0.0,0.24949488043785095,0.0,0.2491360455751419,0.0,0.0003588392573874444,0.0,3.5783932209014893,0.0,10.8389258608222,0.0,PD,ok,
0.001,0.01,0.1,0.1,0.1,0.01,100.0,0.0,False,1,0.24949488043785095,0.0,0.2491360455751419,0.0,0.0003588392573874444,0.0,194.14486694335938,0.0,194.39436182379723,0.0,0.24949488043785095,0.0,0.2491360455751419,0.0,0.0003588392573874444,0.0,194.14486694335938,0.0,194.39436182379723,0.0,0.24949488043785095,0.0,0.2491360455751419,0.0,0.0003588392573874444,0.0,194.14486694335938,0.0,10.811580799520016,0.0,PD,ok,
0.001,0.01,0.1,0.1,0.1,0.1,100.0,0.0,False,1,0.24949488043785095,0.0,0.2491360455751419,0.0,0.0003588392573874444,0.0,194.14486694335938,0.0,194.39436182379723,0.0,0.24949488043785095,0.0,0.2491360455751419,0.0,0.0003588392573874444,0.0,194.14486694335938,0.0,194.39436182379723,0.0,0.24949488043785095,0.0,0.2491360455751419,0.0,0.0003588392573874444,0.0,194.14486694335938,0.0,10.838293093256652,0.0,PD,ok,
0.001,0.1,0.001,0.001,0.01,0.01,100.0,0.0,False,1,0.24949488043785095,0.0,0.2491360455751419,0.0,0.0003588392573874444,0.0,194.14486694335938,0.0,194.39436182379723,0.0,0.24949488043785095,0.0,0.2491360455751419,0.0,0.0003588392573874444,0.0,194.14486694335938,0.0,194.39436182379723,0.0,0.24949488043785095,0.0,0.2491360455751419,0.0,0.0003588392573874444,0.0,194.14486694335938,0.0,10.90338481310755,0.0,PD,ok,
0.001,0.1,0.001,0.001,0.01,0.1,100.0,0.0,False,1,0.24949488043785095,0.0,0.2491360455751419,0.0,0.0003588392573874444,0.0,194.14486694335938,0.0,194.39436182379723,0.0,0.24949488043785095,0.0,0.2491360455751419,0.0,0.0003588392573874444,0.0,194.14486694335938,0.0,194.39436182379723,0.0,0.24949488043785095,0.0,0.2491360455751419,0.0,0.0003588392573874444,0.0,194.14486694335938,0.0,10.885941112414002,0.0,PD,ok,
0.001,0.1,0.001,0.001,0.1,0.001,100.0,0.0,False,1,0.24949488043785095,0.0,0.2491360455751419,0.0,0.0003588392573874444,0.0,3.4883933067321777,0.0,3.7378881871700287,0.0,0.24949488043785095,0.0,0.2491360455751419,0.0,0.0003588392573874444,0.0,3.4883933067321777,0.0,3.7378881871700287,0.0,0.24949488043785095,0.0,0.2491360455751419,0.0,0.0003588392573874444,0.0,3.4883933067321777,0.0,10.937503660097718,0.0,PD,ok,
0.001,0.1,0.001,0.001,0.1,0.01,100.0,0.0,False,1,0.24949488043785095,0.0,0.2491360455751419,0.0,0.0003588392573874444,0.0,194.14486694335938,0.0,194.39436182379723,0.0,0.24949488043785095,0.0,0.2491360455751419,0.0,0.0003588392573874444,0.0,194.14486694335938,0.0,194.39436182379723,0.0,0.24949488043785095,0.0,0.2491360455751419,0.0,0.0003588392573874444,0.0,194.14486694335938,0.0,10.941450200043619,0.0,PD,ok,
0.001,0.1,0.001,0.001,0.1,0.1,100.0,0.0,False,1,0.24949488043785095,0.0,0.2491360455751419,0.0,0.0003588392573874444,0.0,194.14486694335938,0.0,194.39436182379723,0.0,0.24949488043785095,0.0,0.2491360455751419,0.0,0.0003588392573874444,0.0,194.14486694335938,0.0,194.39436182379723,0.0,0.24949488043785095,0.0,0.2491360455751419,0.0,0.0003588392573874444,0.0,194.14486694335938,0.0,10.935713047161698,0.0,PD,ok,
0.001,0.1,0.001,0.01,0.01,0.01,100.0,0.0,False,1,0.24949488043785095,0.0,0.2491360455751419,0.0,0.0003588392573874444,0.0,194.14486694335938,0.0,194.39436182379723,0.0,0.24949488043785095,0.0,0.2491360455751419,0.0,0.0003588392573874444,0.0,194.14486694335938,0.0,194.39436182379723,0.0,0.24949488043785095,0.0,0.2491360455751419,0.0,0.0003588392573874444,0.0,194.14486694335938,0.0,10.861744835972786,0.0,PD,ok,
0.001,0.1,0.001,0.01,0.01,0.1,100.0,0.0,False,1,0.24949488043785095,0.0,0.2491360455751419,0.0,0.0003588392573874444,0.0,194.14486694335938,0.0,194.39436182379723,0.0,0.24949488043785095,0.0,0.2491360455751419,0.0,0.0003588392573874444,0.0,194.14486694335938,0.0,194.39436182379723,0.0,0.24949488043785095,0.0,0.2491360455751419,0.0,0.0003588392573874444,0.0,194.14486694335938,0.0,10.907366695813835,0.0,PD,ok,
0.001,0.1,0.001,0.01,0.1,0.001,100.0,0.0,False,1,0.24949488043785095,0.0,0.2491360455751419,0.0,0.0003588392573874444,0.0,3.4883933067321777,0.0,3.7378881871700287,0.0,0.24949488043785095,0.0,0.2491360455751419,0.0,0.0003588392573874444,0.0,3.4883933067321777,0.0,3.7378881871700287,0.0,0.24949488043785095,0.0,0.2491360455751419,0.0,0.0003588392573874444,0.0,3.4883933067321777,0.0,10.930058382451534,0.0,PD,ok,
0.001,0.1,0.001,0.01,0.1,0.01,100.0,0.0,False,1,0.24949488043785095,0.0,0.2491360455751419,0.0,0.0003588392573874444,0.0,194.14486694335938,0.0,194.39436182379723,0.0,0.24949488043785095,0.0,0.2491360455751419,0.0,0.0003588392573874444,0.0,194.14486694335938,0.0,194.39436182379723,0.0,0.24949488043785095,0.0,0.2491360455751419,0.0,0.0003588392573874444,0.0,194.14486694335938,0.0,10.888743624091148,0.0,PD,ok,
0.001,0.1,0.001,0.01,0.1,0.1,100.0,0.0,False,1,0.24949488043785095,0.0,0.2491360455751419,0.0,0.0003588392573874444,0.0,194.14486694335938,0.0,194.39436182379723,0.0,0.24949488043785095,0.0,0.2491360455751419,0.0,0.0003588392573874444,0.0,194.14486694335938,0.0,194.39436182379723,0.0,0.24949488043785095,0.0,0.2491360455751419,0.0,0.0003588392573874444,0.0,194.14486694335938,0.0,10.85453867726028,0.0,PD,ok,
0.001,0.1,0.001,0.1,0.01,0.01,100.0,0.0,False,1,0.24949488043785095,0.0,0.2491360455751419,0.0,0.0003588392573874444,0.0,194.14486694335938,0.0,194.39436182379723,0.0,0.24949488043785095,0.0,0.2491360455751419,0.0,0.0003588392573874444,0.0,194.14486694335938,0.0,194.39436182379723,0.0,0.24949488043785095,0.0,0.2491360455751419,0.0,0.0003588392573874444,0.0,194.14486694335938,0.0,10.841129181906581,0.0,PD,ok,
0.001,0.1,0.001,0.1,0.01,0.1,100.0,0.0,False,1,0.24949488043785095,0.0,0.2491360455751419,0.0,0.0003588392573874444,0.0,194.14486694335938,0.0,194.39436182379723,0.0,0.24949488043785095,0.0,0.2491360455751419,0.0,0.0003588392573874444,0.0,194.14486694335938,0.0,194.39436182379723,0.0,0.24949488043785095,0.0,0.2491360455751419,0.0,0.0003588392573874444,0.0,194.14486694335938,0.0,10.864192770794034,0.0,PD,ok,
0.001,0.1,0.001,0.1,0.1,0.001,100.0,0.0,False,1,0.24949488043785095,0.0,0.2491360455751419,0.0,0.0003588392573874444,0.0,3.4883933067321777,0.0,3.7378881871700287,0.0,0.24949488043785095,0.0,0.2491360455751419,0.0,0.0003588392573874444,0.0,3.4883933067321777,0.0,3.7378881871700287,0.0,0.24949488043785095,0.0,0.2491360455751419,0.0,0.0003588392573874444,0.0,3.4883933067321777,0.0,10.886554542928934,0.0,PD,ok,
0.001,0.1,0.001,0.1,0.1,0.01,100.0,0.0,False,1,0.24949488043785095,0.0,0.2491360455751419,0.0,0.0003588392573874444,0.0,194.14486694335938,0.0,194.39436182379723,0.0,0.24949488043785095,0.0,0.2491360455751419,0.0,0.0003588392573874444,0.0,194.14486694335938,0.0,194.39436182379723,0.0,0.24949488043785095,0.0,0.2491360455751419,0.0,0.0003588392573874444,0.0,194.14486694335938,0.0,10.854114199057221,0.0,PD,ok,
0.001,0.1,0.001,0.1,0.1,0.1,100.0,0.0,False,1,0.24949488043785095,0.0,0.2491360455751419,0.0,0.0003588392573874444,0.0,194.14486694335938,0.0,194.39436182379723,0.0,0.24949488043785095,0.0,0.2491360455751419,0.0,0.0003588392573874444,0.0,194.14486694335938,0.0,194.39436182379723,0.0,0.24949488043785095,0.0,0.2491360455751419,0.0,0.0003588392573874444,0.0,194.14486694335938,0.0,10.866125520318747,0.0,PD,ok,
0.001,0.1,0.01,0.001,0.01,0.01,100.0,0.0,False,1,0.24949488043785095,0.0,0.2491360455751419,0.0,0.0003588392573874444,0.0,194.14486694335938,0.0,194.39436182379723,0.0,0.24949488043785095,0.0,0.2491360455751419,0.0,0.0003588392573874444,0.0,194.14486694335938,0.0,194.39436182379723,0.0,0.24949488043785095,0.0,0.2491360455751419,0.0,0.0003588392573874444,0.0,194.14486694335938,0.0,10.620121923275292,0.0,PD,ok,
0.001,0.1,0.01,0.001,0.01,0.1,100.0,0.0,False,1,0.24949488043785095,0.0,0.2491360455751419,0.0,0.0003588392573874444,0.0,194.14486694335938,0.0,194.39436182379723,0.0,0.24949488043785095,0.0,0.2491360455751419,0.0,0.0003588392573874444,0.0,194.14486694335938,0.0,194.39436182379723,0.0,0.24949488043785095,0.0,0.2491360455751419,0.0,0.0003588392573874444,0.0,194.14486694335938,0.0,10.653227399103343,0.0,PD,ok,
0.001,0.1,0.01,0.001,0.1,0.001,100.0,0.0,False,1,0.24949488043785095,0.0,0.2491360455751419,0.0,0.0003588392573874444,0.0,3.4883933067321777,0.0,3.7378881871700287,0.0,0.24949488043785095,0.0,0.2491360455751419,0.0,0.0003588392573874444,0.0,3.4883933067321777,0.0,3.7378881871700287,0.0,0.24949488043785095,0.0,0.2491360455751419,0.0,0.0003588392573874444,0.0,3.4883933067321777,0.0,10.86675943247974,0.0,PD,ok,
0.001,0.1,0.01,0.001,0.1,0.01,100.0,0.0,False,1,0.24949488043785095,0.0,0.2491360455751419,0.0,0.0003588392573874444,0.0,194.14486694335938,0.0,194.39436182379723,0.0,0.24949488043785095,0.0,0.2491360455751419,0.0,0.0003588392573874444,0.0,194.14486694335938,0.0,194.39436182379723,0.0,0.24949488043785095,0.0,0.2491360455751419,0.0,0.0003588392573874444,0.0,194.14486694335938,0.0,10.88826456759125,0.0,PD,ok,
0.001,0.1,0.01,0.001,0.1,0.1,100.0,0.0,False,1,0.24949488043785095,0.0,0.2491360455751419,0.0,0.0003588392573874444,0.0,194.14486694335938,0.0,194.39436182379723,0.0,0.24949488043785095,0.0,0.2491360455751419,0.0,0.0003588392573874444,0.0,194.14486694335938,0.0,194.39436182379723,0.0,0.24949488043785095,0.0,0.2491360455751419,0.0,0.0003588392573874444,0.0,194.14486694335938,0.0,10.840631050989032,0.0,PD,ok,
0.001,0.1,0.01,0.01,0.01,0.01,100.0,0.0,False,1,0.24949488043785095,0.0,0.2491360455751419,0.0,0.0003588392573874444,0.0,194.14486694335938,0.0,194.39436182379723,0.0,0.24949488043785095,0.0,0.2491360455751419,0.0,0.0003588392573874444,0.0,194.14486694335938,0.0,194.39436182379723,0.0,0.24949488043785095,0.0,0.2491360455751419,0.0,0.0003588392573874444,0.0,194.14486694335938,0.0,10.935263422317803,0.0,PD,ok,
0.001,0.1,0.01,0.01,0.01,0.1,100.0,0.0,False,1,0.24949488043785095,0.0,0.2491360455751419,0.0,0.0003588392573874444,0.0,194.14486694335938,0.0,194.39436182379723,0.0,0.24949488043785095,0.0,0.2491360455751419,0.0,0.0003588392573874444,0.0,194.14486694335938,0.0,194.39436182379723,0.0,0.24949488043785095,0.0,0.2491360455751419,0.0,0.0003588392573874444,0.0,194.14486694335938,0.0,10.942312335595489,0.0,PD,ok,
0.001,0.1,0.01,0.01,0.1,0.001,100.0,0.0,False,1,0.24949488043785095,0.0,0.2491360455751419,0.0,0.0003588392573874444,0.0,3.4883933067321777,0.0,3.7378881871700287,0.0,0.24949488043785095,0.0,0.2491360455751419,0.0,0.0003588392573874444,0.0,3.4883933067321777,0.0,3.7378881871700287,0.0,0.24949488043785095,0.0,0.2491360455751419,0.0,0.0003588392573874444,0.0,3.4883933067321777,0.0,10.9451147550717,0.0,PD,ok,
0.001,0.1,0.01,0.01,0.1,0.1,100.0,0.0,False,1,0.24949488043785095,0.0,0.2491360455751419,0.0,0.0003588392573874444,0.0,194.14486694335938,0.0,194.39436182379723,0.0,0.24949488043785095,0.0,0.2491360455751419,0.0,0.0003588392573874444,0.0,194.14486694335938,0.0,194.39436182379723,0.0,0.24949488043785095,0.0,0.2491360455751419,0.0,0.0003588392573874444,0.0,194.14486694335938,0.0,10.943853622302413,0.0,PD,ok,
0.001,0.1,0.01,0.01,0.1,0.01,100.0,0.0,False,1,0.24949488043785095,0.0,0.2491360455751419,0.0,0.0003588392573874444,0.0,194.14486694335938,0.0,194.39436182379723,0.0,0.24949488043785095,0.0,0.2491360455751419,0.0,0.0003588392573874444,0.0,194.14486694335938,0.0,194.39436182379723,0.0,0.24949488043785095,0.0,0.2491360455751419,0.0,0.0003588392573874444,0.0,194.14486694335938,0.0,10.98301914986223,0.0,PD,ok,
0.001,0.1,0.01,0.1,0.01,0.1,100.0,0.0,False,1,0.24949488043785095,0.0,0.2491360455751419,0.0,0.0003588392573874444,0.0,194.14486694335938,0.0,194.39436182379723,0.0,0.24949488043785095,0.0,0.2491360455751419,0.0,0.0003588392573874444,0.0,194.14486694335938,0.0,194.39436182379723,0.0,0.24949488043785095,0.0,0.2491360455751419,0.0,0.0003588392573874444,0.0,194.14486694335938,0.0,10.884454051032662,0.0,PD,ok,
0.001,0.1,0.01,0.1,0.01,0.01,100.0,0.0,False,1,0.24949488043785095,0.0,0.2491360455751419,0.0,0.0003588392573874444,0.0,194.14486694335938,0.0,194.39436182379723,0.0,0.24949488043785095,0.0,0.2491360455751419,0.0,0.0003588392573874444,0.0,194.14486694335938,0.0,194.39436182379723,0.0,0.24949488043785095,0.0,0.2491360455751419,0.0,0.0003588392573874444,0.0,194.14486694335938,0.0,10.896589399315417,0.0,PD,ok,
0.001,0.1,0.01,0.1,0.1,0.001,100.0,0.0,False,1,0.24949488043785095,0.0,0.2491360455751419,0.0,0.0003588392573874444,0.0,3.4883933067321777,0.0,3.7378881871700287,0.0,0.24949488043785095,0.0,0.2491360455751419,0.0,0.0003588392573874444,0.0,3.4883933067321777,0.0,3.7378881871700287,0.0,0.24949488043785095,0.0,0.2491360455751419,0.0,0.0003588392573874444,0.0,3.4883933067321777,0.0,10.920640375465155,0.0,PD,ok,
0.001,0.1,0.01,0.1,0.1,0.01,100.0,0.0,False,1,0.24949488043785095,0.0,0.2491360455751419,0.0,0.0003588392573874444,0.0,194.14486694335938,0.0,194.39436182379723,0.0,0.24949488043785095,0.0,0.2491360455751419,0.0,0.0003588392573874444,0.0,194.14486694335938,0.0,194.39436182379723,0.0,0.24949488043785095,0.0,0.2491360455751419,0.0,0.0003588392573874444,0.0,194.14486694335938,0.0,10.839998689480126,0.0,PD,ok,
0.001,0.1,0.01,0.1,0.1,0.1,100.0,0.0,False,1,0.24949488043785095,0.0,0.2491360455751419,0.0,0.0003588392573874444,0.0,194.14486694335938,0.0,194.39436182379723,0.0,0.24949488043785095,0.0,0.2491360455751419,0.0,0.0003588392573874444,0.0,194.14486694335938,0.0,194.39436182379723,0.0,0.24949488043785095,0.0,0.2491360455751419,0.0,0.0003588392573874444,0.0,194.14486694335938,0.0,10.931785024702549,0.0,PD,ok,
0.001,0.1,0.1,0.001,0.01,0.01,100.0,0.0,False,1,0.24949488043785095,0.0,0.2491360455751419,0.0,0.0003588392573874444,0.0,194.14486694335938,0.0,194.39436182379723,0.0,0.24949488043785095,0.0,0.2491360455751419,0.0,0.0003588392573874444,0.0,194.14486694335938,0.0,194.39436182379723,0.0,0.24949488043785095,0.0,0.2491360455751419,0.0,0.0003588392573874444,0.0,194.14486694335938,0.0,10.881149790249765,0.0,PD,ok,
0.001,0.1,0.1,0.001,0.01,0.1,100.0,0.0,False,1,0.24949488043785095,0.0,0.2491360455751419,0.0,0.0003588392573874444,0.0,194.14486694335938,0.0,194.39436182379723,0.0,0.24949488043785095,0.0,0.2491360455751419,0.0,0.0003588392573874444,0.0,194.14486694335938,0.0,194.39436182379723,0.0,0.24949488043785095,0.0,0.2491360455751419,0.0,0.0003588392573874444,0.0,194.14486694335938,0.0,10.906760920770466,0.0,PD,ok,
0.001,0.1,0.1,0.001,0.1,0.001,100.0,0.0,False,1,0.24949488043785095,0.0,0.2491360455751419,0.0,0.0003588392573874444,0.0,3.4883933067321777,0.0,3.7378881871700287,0.0,0.24949488043785095,0.0,0.2491360455751419,0.0,0.0003588392573874444,0.0,3.4883933067321777,0.0,3.7378881871700287,0.0,0.24949488043785095,0.0,0.2491360455751419,0.0,0.0003588392573874444,0.0,3.4883933067321777,0.0,10.840645813383162,0.0,PD,ok,
0.001,0.1,0.1,0.001,0.1,0.01,100.0,0.0,False,1,0.24949488043785095,0.0,0.2491360455751419,0.0,0.0003588392573874444,0.0,194.14486694335938,0.0,194.39436182379723,0.0,0.24949488043785095,0.0,0.2491360455751419,0.0,0.0003588392573874444,0.0,194.14486694335938,0.0,194.39436182379723,0.0,0.24949488043785095,0.0,0.2491360455751419,0.0,0.0003588392573874444,0.0,194.14486694335938,0.0,10.770241645164788,0.0,PD,ok,
0.001,0.1,0.1,0.001,0.1,0.1,100.0,0.0,False,1,0.24949488043785095,0.0,0.2491360455751419,0.0,0.0003588392573874444,0.0,194.14486694335938,0.0,194.39436182379723,0.0,0.24949488043785095,0.0,0.2491360455751419,0.0,0.0003588392573874444,0.0,194.14486694335938,0.0,194.39436182379723,0.0,0.24949488043785095,0.0,0.2491360455751419,0.0,0.0003588392573874444,0.0,194.14486694335938,0.0,10.81001622416079,0.0,PD,ok,
0.001,0.1,0.1,0.01,0.01,0.01,100.0,0.0,False,1,0.24949488043785095,0.0,0.2491360455751419,0.0,0.0003588392573874444,0.0,194.14486694335938,0.0,194.39436182379723,0.0,0.24949488043785095,0.0,0.2491360455751419,0.0,0.0003588392573874444,0.0,194.14486694335938,0.0,194.39436182379723,0.0,0.24949488043785095,0.0,0.2491360455751419,0.0,0.0003588392573874444,0.0,194.14486694335938,0.0,10.865357586182654,0.0,PD,ok,
0.001,0.1,0.1,0.01,0.01,0.1,100.0,0.0,False,1,0.24949488043785095,0.0,0.2491360455751419,0.0,0.0003588392573874444,0.0,194.14486694335938,0.0,194.39436182379723,0.0,0.24949488043785095,0.0,0.2491360455751419,0.0,0.0003588392573874444,0.0,194.14486694335938,0.0,194.39436182379723,0.0,0.24949488043785095,0.0,0.2491360455751419,0.0,0.0003588392573874444,0.0,194.14486694335938,0.0,10.923232861794531,0.0,PD,ok,
0.001,0.1,0.1,0.01,0.1,0.001,100.0,0.0,False,1,0.24949488043785095,0.0,0.2491360455751419,0.0,0.0003588392573874444,0.0,3.4883933067321777,0.0,3.7378881871700287,0.0,0.24949488043785095,0.0,0.2491360455751419,0.0,0.0003588392573874444,0.0,3.4883933067321777,0.0,3.7378881871700287,0.0,0.24949488043785095,0.0,0.2491360455751419,0.0,0.0003588392573874444,0.0,3.4883933067321777,0.0,10.938597497530282,0.0,PD,ok,
0.001,0.1,0.1,0.01,0.1,0.01,100.0,0.0,False,1,0.24949488043785095,0.0,0.2491360455751419,0.0,0.0003588392573874444,0.0,194.14486694335938,0.0,194.39436182379723,0.0,0.24949488043785095,0.0,0.2491360455751419,0.0,0.0003588392573874444,0.0,194.14486694335938,0.0,194.39436182379723,0.0,0.24949488043785095,0.0,0.2491360455751419,0.0,0.0003588392573874444,0.0,194.14486694335938,0.0,10.843722245655954,0.0,PD,ok,
0.001,0.1,0.1,0.01,0.1,0.1,100.0,0.0,False,1,0.24949488043785095,0.0,0.2491360455751419,0.0,0.0003588392573874444,0.0,194.14486694335938,0.0,194.39436182379723,0.0,0.24949488043785095,0.0,0.2491360455751419,0.0,0.0003588392573874444,0.0,194.14486694335938,0.0,194.39436182379723,0.0,0.24949488043785095,0.0,0.2491360455751419,0.0,0.0003588392573874444,0.0,194.14486694335938,0.0,10.88292730320245,0.0,PD,ok,
0.001,0.1,0.1,0.1,0.01,0.01,100.0,0.0,False,1,0.24949488043785095,0.0,0.2491360455751419,0.0,0.0003588392573874444,0.0,194.14486694335938,0.0,194.39436182379723,0.0,0.24949488043785095,0.0,0.2491360455751419,0.0,0.0003588392573874444,0.0,194.14486694335938,0.0,194.39436182379723,0.0,0.24949488043785095,0.0,0.2491360455751419,0.0,0.0003588392573874444,0.0,194.14486694335938,0.0,10.835645014420152,0.0,PD,ok,
0.001,0.1,0.1,0.1,0.01,0.1,100.0,0.0,False,1,0.24949488043785095,0.0,0.2491360455751419,0.0,0.0003588392573874444,0.0,194.14486694335938,0.0,194.39436182379723,0.0,0.24949488043785095,0.0,0.2491360455751419,0.0,0.0003588392573874444,0.0,194.14486694335938,0.0,194.39436182379723,0.0,0.24949488043785095,0.0,0.2491360455751419,0.0,0.0003588392573874444,0.0,194.14486694335938,0.0,10.760592453181744,0.0,PD,ok,
0.001,0.1,0.1,0.1,0.1,0.001,100.0,0.0,False,1,0.24949488043785095,0.0,0.2491360455751419,0.0,0.0003588392573874444,0.0,3.4883933067321777,0.0,3.7378881871700287,0.0,0.24949488043785095,0.0,0.2491360455751419,0.0,0.0003588392573874444,0.0,3.4883933067321777,0.0,3.7378881871700287,0.0,0.24949488043785095,0.0,0.2491360455751419,0.0,0.0003588392573874444,0.0,3.4883933067321777,0.0,10.606497027911246,0.0,PD,ok,
0.001,0.1,0.1,0.1,0.1,0.1,100.0,0.0,False,1,0.24949488043785095,0.0,0.2491360455751419,0.0,0.0003588392573874444,0.0,194.14486694335938,0.0,194.39436182379723,0.0,0.24949488043785095,0.0,0.2491360455751419,0.0,0.0003588392573874444,0.0,194.14486694335938,0.0,194.39436182379723,0.0,0.24949488043785095,0.0,0.2491360455751419,0.0,0.0003588392573874444,0.0,194.14486694335938,0.0,10.399825951084495,0.0,PD,ok,
0.001,0.1,0.1,0.1,0.1,0.01,100.0,0.0,False,1,0.24949488043785095,0.0,0.2491360455751419,0.0,0.0003588392573874444,0.0,194.14486694335938,0.0,194.39436182379723,0.0,0.24949488043785095,0.0,0.2491360455751419,0.0,0.0003588392573874444,0.0,194.14486694335938,0.0,194.39436182379723,0.0,0.24949488043785095,0.0,0.2491360455751419,0.0,0.0003588392573874444,0.0,194.14486694335938,0.0,10.594685739837587,0.0,PD,ok,
0.001,0.1,0.001,0.1,0.0001,0.1,100.0,0.0,False,1,0.8902332782745361,0.0,0.24986253678798676,0.0,0.6403707265853882,0.0,56672.92578125,0.0,56673.816014528275,0.0,0.8902332782745361,0.0,0.24986253678798676,0.0,0.6403707265853882,0.0,56672.92578125,0.0,56673.816014528275,0.0,0.8721052408218384,0.0,0.24986253678798676,0.0,0.3714917302131653,0.0,1264.9261474609375,0.0,10.880691520869732,0.0,PD,ok,
0.001,0.1,0.001,0.01,0.0001,0.1,100.0,0.0,False,1,0.8902878165245056,0.0,0.24991737306118011,0.0,0.6403704285621643,0.0,56987.93359375,0.0,56988.823881566525,0.0,0.8902878165245056,0.0,0.24991737306118011,0.0,0.6403704285621643,0.0,56987.93359375,0.0,56988.823881566525,0.0,0.8721052408218384,0.0,0.24991737306118011,0.0,0.3714917302131653,0.0,1264.9261474609375,0.0,10.907847214490175,0.0,PD,ok,
0.001,0.0001,0.01,0.001,0.001,0.01,100.0,0.0,False,1,0.25050070881843567,0.0,0.2499581277370453,0.0,0.0005425923154689372,0.0,267.3369445800781,0.0,267.58744528889656,0.0,0.25050070881843567,0.0,0.2499581277370453,0.0,0.0005425923154689372,0.0,267.3369445800781,0.0,267.58744528889656,0.0,0.25050070881843567,0.0,0.2499581277370453,0.0,0.0005425923154689372,0.0,267.3369445800781,0.0,10.600582866929471,0.0,PD,ok,
0.001,0.0001,0.01,0.01,0.001,0.01,100.0,0.0,False,1,0.25050070881843567,0.0,0.2499581277370453,0.0,0.0005425923154689372,0.0,267.3369445800781,0.0,267.58744528889656,0.0,0.25050070881843567,0.0,0.2499581277370453,0.0,0.0005425923154689372,0.0,267.3369445800781,0.0,267.58744528889656,0.0,0.25050070881843567,0.0,0.2499581277370453,0.0,0.0005425923154689372,0.0,267.3369445800781,0.0,10.61222071852535,0.0,PD,ok,
0.001,0.0001,0.01,0.1,0.001,0.01,100.0,0.0,False,1,0.25050070881843567,0.0,0.2499581277370453,0.0,0.0005425923154689372,0.0,267.3369445800781,0.0,267.58744528889656,0.0,0.25050070881843567,0.0,0.2499581277370453,0.0,0.0005425923154689372,0.0,267.3369445800781,0.0,267.58744528889656,0.0,0.25050070881843567,0.0,0.2499581277370453,0.0,0.0005425923154689372,0.0,267.3369445800781,0.0,10.582248944789171,0.0,PD,ok,
0.001,0.001,0.001,0.001,0.001,0.01,100.0,0.0,False,1,0.25050070881843567,0.0,0.2499581277370453,0.0,0.0005425923154689372,0.0,267.3887023925781,0.0,267.63920310139656,0.0,0.25050070881843567,0.0,0.2499581277370453,0.0,0.0005425923154689372,0.0,267.3887023925781,0.0,267.63920310139656,0.0,0.25050070881843567,0.0,0.2499581277370453,0.0,0.0005425923154689372,0.0,267.3887023925781,0.0,10.58798207435757,0.0,PD,ok,
0.001,0.001,0.01,0.001,0.001,0.01,100.0,0.0,False,1,0.25050070881843567,0.0,0.2499581277370453,0.0,0.0005425923154689372,0.0,267.2926025390625,0.0,267.54310324788094,0.0,0.25050070881843567,0.0,0.2499581277370453,0.0,0.0005425923154689372,0.0,267.2926025390625,0.0,267.54310324788094,0.0,0.25050070881843567,0.0,0.2499581277370453,0.0,0.0005425923154689372,0.0,267.2926025390625,0.0,10.55871410947293,0.0,PD,ok,
0.001,0.001,0.01,0.01,0.001,0.01,100.0,0.0,False,1,0.25050070881843567,0.0,0.2499581277370453,0.0,0.0005425923154689372,0.0,267.2926025390625,0.0,267.54310324788094,0.0,0.25050070881843567,0.0,0.2499581277370453,0.0,0.0005425923154689372,0.0,267.2926025390625,0.0,267.54310324788094,0.0,0.25050070881843567,0.0,0.2499581277370453,0.0,0.0005425923154689372,0.0,267.2926025390625,0.0,10.719548414461315,0.0,PD,ok,
0.001,0.001,0.01,0.1,0.001,0.01,100.0,0.0,False,1,0.25050070881843567,0.0,0.2499581277370453,0.0,0.0005425923154689372,0.0,267.2926025390625,0.0,267.54310324788094,0.0,0.25050070881843567,0.0,0.2499581277370453,0.0,0.0005425923154689372,0.0,267.2926025390625,0.0,267.54310324788094,0.0,0.25050070881843567,0.0,0.2499581277370453,0.0,0.0005425923154689372,0.0,267.2926025390625,0.0,10.688769555650651,0.0,PD,ok,
0.001,0.01,0.01,0.001,0.001,0.01,100.0,0.0,False,1,0.25050070881843567,0.0,0.2499581277370453,0.0,0.0005425923154689372,0.0,266.8491516113281,0.0,267.09965232014656,0.0,0.25050070881843567,0.0,0.2499581277370453,0.0,0.0005425923154689372,0.0,266.8491516113281,0.0,267.09965232014656,0.0,0.25050070881843567,0.0,0.2499581277370453,0.0,0.0005425923154689372,0.0,266.8491516113281,0.0,10.98551016394049,0.0,PD,ok,
0.001,0.01,0.01,0.01,0.001,0.01,100.0,0.0,False,1,0.25050070881843567,0.0,0.2499581277370453,0.0,0.0005425923154689372,0.0,266.8491516113281,0.0,267.09965232014656,0.0,0.25050070881843567,0.0,0.2499581277370453,0.0,0.0005425923154689372,0.0,266.8491516113281,0.0,267.09965232014656,0.0,0.25050070881843567,0.0,0.2499581277370453,0.0,0.0005425923154689372,0.0,266.8491516113281,0.0,10.863229318521917,0.0,PD,ok,
0.001,0.01,0.01,0.1,0.001,0.01,100.0,0.0,False,1,0.25050070881843567,0.0,0.2499581277370453,0.0,0.0005425923154689372,0.0,266.84918212890625,0.0,267.0996828377247,0.0,0.25050070881843567,0.0,0.2499581277370453,0.0,0.0005425923154689372,0.0,266.84918212890625,0.0,267.0996828377247,0.0,0.25050070881843567,0.0,0.2499581277370453,0.0,0.0005425923154689372,0.0,266.84918212890625,0.0,10.741490861400962,0.0,PD,ok,
0.001,0.1,0.01,0.001,0.001,0.01,100.0,0.0,False,1,0.25050070881843567,0.0,0.2499581277370453,0.0,0.0005425923154689372,0.0,262.41485595703125,0.0,262.6653566658497,0.0,0.25050070881843567,0.0,0.2499581277370453,0.0,0.0005425923154689372,0.0,262.41485595703125,0.0,262.6653566658497,0.0,0.25050070881843567,0.0,0.2499581277370453,0.0,0.0005425923154689372,0.0,262.41485595703125,0.0,10.594050766900182,0.0,PD,ok,
0.001,0.1,0.01,0.01,0.001,0.01,100.0,0.0,False,1,0.25050070881843567,0.0,0.2499581277370453,0.0,0.0005425923154689372,0.0,262.41485595703125,0.0,262.6653566658497,0.0,0.25050070881843567,0.0,0.2499581277370453,0.0,0.0005425923154689372,0.0,262.41485595703125,0.0,262.6653566658497,0.0,0.25050070881843567,0.0,0.2499581277370453,0.0,0.0005425923154689372,0.0,262.41485595703125,0.0,10.95857955981046,0.0,PD,ok,
0.001,0.1,0.01,0.1,0.001,0.01,100.0,0.0,False,1,0.25050070881843567,0.0,0.2499581277370453,0.0,0.0005425923154689372,0.0,262.4148864746094,0.0,262.6653871834278,0.0,0.25050070881843567,0.0,0.2499581277370453,0.0,0.0005425923154689372,0.0,262.4148864746094,0.0,262.6653871834278,0.0,0.25050070881843567,0.0,0.2499581277370453,0.0,0.0005425923154689372,0.0,262.4148864746094,0.0,10.973240313120186,0.0,PD,ok,
0.001,0.1,0.001,0.001,0.0001,0.1,100.0,0.0,False,1,0.8903508186340332,0.0,0.24998006224632263,0.0,0.6403707265853882,0.0,56376.28125,0.0,56377.171600818634,0.0,0.8903508186340332,0.0,0.24998006224632263,0.0,0.6403707265853882,0.0,56376.28125,0.0,56377.171600818634,0.0,0.8721052408218384,0.0,0.24998006224632263,0.0,0.3714917302131653,0.0,1264.9261474609375,0.0,10.75356706045568,0.0,PD,ok,
0.001,0.01,0.01,0.1,0.0001,0.1,100.0,0.0,False,1,0.8896615505218506,0.0,0.25000208616256714,0.0,0.6396594643592834,0.0,56135.70703125,0.0,56136.59669280052,0.0,0.8896615505218506,0.0,0.25000208616256714,0.0,0.6396594643592834,0.0,56135.70703125,0.0,56136.59669280052,0.0,0.8721052408218384,0.0,0.25000208616256714,0.0,0.3714917302131653,0.0,1265.01611328125,0.0,10.599591831676662,0.0,PD,ok,
0.001,0.0001,0.01,0.1,0.0001,0.1,100.0,0.0,False,1,0.8896617889404297,0.0,0.25000235438346863,0.0,0.6396594643592834,0.0,56135.46875,0.0,56136.35841178894,0.0,0.8896617889404297,0.0,0.25000235438346863,0.0,0.6396594643592834,0.0,56135.46875,0.0,56136.35841178894,0.0,0.8721052408218384,0.0,0.25000235438346863,0.0,0.3714917302131653,0.0,1265.0260009765625,0.0,10.620908609591424,0.0,PD,ok,
0.001,0.001,0.01,0.1,0.0001,0.1,100.0,0.0,False,1,0.8896620869636536,0.0,0.2500026226043701,0.0,0.6396594643592834,0.0,56135.484375,0.0,56136.374037086964,0.0,0.8896620869636536,0.0,0.2500026226043701,0.0,0.6396594643592834,0.0,56135.484375,0.0,56136.374037086964,0.0,0.8721052408218384,0.0,0.2500026226043701,0.0,0.3714917302131653,0.0,1265.025146484375,0.0,10.833100852556527,0.0,PD,ok,
0.001,0.001,0.001,0.1,0.0001,0.1,100.0,0.0,False,1,0.8903753161430359,0.0,0.2500045895576477,0.0,0.6403707265853882,0.0,56515.7421875,0.0,56516.63256281614,0.0,0.8903753161430359,0.0,0.2500045895576477,0.0,0.6403707265853882,0.0,56515.7421875,0.0,56516.63256281614,0.0,0.8721052408218384,0.0,0.2500045895576477,0.0,0.3714917302131653,0.0,1265.025146484375,0.0,10.57798663340509,0.0,PD,ok,
0.001,0.0001,0.1,0.001,0.0001,0.1,100.0,0.0,False,1,0.8821462988853455,0.0,0.2500057816505432,0.0,0.6321405172348022,0.0,57574.68359375,0.0,57575.565740048885,0.0,0.8821462988853455,0.0,0.2500057816505432,0.0,0.6321405172348022,0.0,57574.68359375,0.0,57575.565740048885,0.0,0.8721052408218384,0.0,0.2500057816505432,0.0,0.3714917302131653,0.0,1265.0260009765625,0.0,10.616498794406652,0.0,PD,ok,
0.001,0.0001,0.1,0.01,0.0001,0.1,100.0,0.0,False,1,0.8821462988853455,0.0,0.2500057816505432,0.0,0.6321405172348022,0.0,57575.1796875,0.0,57576.061833798885,0.0,0.8821462988853455,0.0,0.2500057816505432,0.0,0.6321405172348022,0.0,57575.1796875,0.0,57576.061833798885,0.0,0.8721052408218384,0.0,0.2500057816505432,0.0,0.3714917302131653,0.0,1265.0260009765625,0.0,10.611982834525406,0.0,PD,ok,
0.001,0.0001,0.1,0.1,0.0001,0.1,100.0,0.0,False,1,0.8821468949317932,0.0,0.2500057816505432,0.0,0.63214111328125,0.0,57580.19921875,0.0,57581.08136564493,0.0,0.8821468949317932,0.0,0.2500057816505432,0.0,0.63214111328125,0.0,57580.19921875,0.0,57581.08136564493,0.0,0.8721052408218384,0.0,0.2500057816505432,0.0,0.3714917302131653,0.0,1265.0260009765625,0.0,10.622210686095059,0.0,PD,ok,
0.001,0.001,0.1,0.001,0.0001,0.1,100.0,0.0,False,1,0.8821462988853455,0.0,0.2500057816505432,0.0,0.6321405172348022,0.0,57574.70703125,0.0,57575.589177548885,0.0,0.8821462988853455,0.0,0.2500057816505432,0.0,0.6321405172348022,0.0,57574.70703125,0.0,57575.589177548885,0.0,0.8721052408218384,0.0,0.2500057816505432,0.0,0.3714917302131653,0.0,1265.025146484375,0.0,10.704964634031057,0.0,PD,ok,
0.001,0.001,0.1,0.01,0.0001,0.1,100.0,0.0,False,1,0.8821462988853455,0.0,0.2500057816505432,0.0,0.6321405172348022,0.0,57575.1953125,0.0,57576.077458798885,0.0,0.8821462988853455,0.0,0.2500057816505432,0.0,0.6321405172348022,0.0,57575.1953125,0.0,57576.077458798885,0.0,0.8721052408218384,0.0,0.2500057816505432,0.0,0.3714917302131653,0.0,1265.025146484375,0.0,10.791794622316957,0.0,PD,ok,
0.001,0.001,0.1,0.1,0.0001,0.1,100.0,0.0,False,1,0.8821468949317932,0.0,0.2500057816505432,0.0,0.63214111328125,0.0,57580.21484375,0.0,57581.09699064493,0.0,0.8821468949317932,0.0,0.2500057816505432,0.0,0.63214111328125,0.0,57580.21484375,0.0,57581.09699064493,0.0,0.8721052408218384,0.0,0.2500057816505432,0.0,0.3714917302131653,0.0,1265.025146484375,0.0,10.83316497784108,0.0,PD,ok,
0.001,0.01,0.1,0.001,0.0001,0.1,100.0,0.0,False,1,0.8821462988853455,0.0,0.2500057816505432,0.0,0.6321405172348022,0.0,57574.9140625,0.0,57575.796208798885,0.0,0.8821462988853455,0.0,0.2500057816505432,0.0,0.6321405172348022,0.0,57574.9140625,0.0,57575.796208798885,0.0,0.8721052408218384,0.0,0.2500057816505432,0.0,0.3714917302131653,0.0,1265.01611328125,0.0,10.931205099448562,0.0,PD,ok,
0.001,0.01,0.1,0.01,0.0001,0.1,100.0,0.0,False,1,0.8821462988853455,0.0,0.2500057816505432,0.0,0.6321405172348022,0.0,57575.41015625,0.0,57576.292302548885,0.0,0.8821462988853455,0.0,0.2500057816505432,0.0,0.6321405172348022,0.0,57575.41015625,0.0,57576.292302548885,0.0,0.8721052408218384,0.0,0.2500057816505432,0.0,0.3714917302131653,0.0,1265.01611328125,0.0,10.976924584247172,0.0,PD,ok,
0.001,0.01,0.1,0.1,0.0001,0.1,100.0,0.0,False,1,0.8821468949317932,0.0,0.2500057816505432,0.0,0.63214111328125,0.0,57580.42578125,0.0,57581.30792814493,0.0,0.8821468949317932,0.0,0.2500057816505432,0.0,0.63214111328125,0.0,57580.42578125,0.0,57581.30792814493,0.0,0.8721052408218384,0.0,0.2500057816505432,0.0,0.3714917302131653,0.0,1265.01611328125,0.0,10.869352959096432,0.0,PD,ok,
0.001,0.1,0.1,0.001,0.0001,0.1,100.0,0.0,False,1,0.8821462988853455,0.0,0.2500057816505432,0.0,0.6321405172348022,0.0,57577.01171875,0.0,57577.893865048885,0.0,0.8821462988853455,0.0,0.2500057816505432,0.0,0.6321405172348022,0.0,57577.01171875,0.0,57577.893865048885,0.0,0.8721052408218384,0.0,0.2500057816505432,0.0,0.3714917302131653,0.0,1264.9261474609375,0.0,10.940420774742961,0.0,PD,ok,
0.001,0.1,0.1,0.01,0.0001,0.1,100.0,0.0,False,1,0.8821462988853455,0.0,0.2500057816505432,0.0,0.6321405172348022,0.0,57577.515625,0.0,57578.397771298885,0.0,0.8821462988853455,0.0,0.2500057816505432,0.0,0.6321405172348022,0.0,57577.515625,0.0,57578.397771298885,0.0,0.8721052408218384,0.0,0.2500057816505432,0.0,0.3714917302131653,0.0,1264.9261474609375,0.0,10.732109141536057,0.0,PD,ok,
0.001,0.1,0.1,0.1,0.0001,0.1,100.0,0.0,False,1,0.8821468949317932,0.0,0.2500057816505432,0.0,0.63214111328125,0.0,57582.51953125,0.0,57583.40167814493,0.0,0.8821468949317932,0.0,0.2500057816505432,0.0,0.63214111328125,0.0,57582.51953125,0.0,57583.40167814493,0.0,0.8721052408218384,0.0,0.2500057816505432,0.0,0.3714917302131653,0.0,1264.9261474609375,0.0,10.90482000540942,0.0,PD,ok,
0.001,0.0001,0.001,0.001,0.001,0.01,100.0,0.0,False,1,0.2505854666233063,0.0,0.2500428855419159,0.0,0.0005425923154689372,0.0,267.43304443359375,0.0,267.68362990021706,0.0,0.2505854666233063,0.0,0.2500428855419159,0.0,0.0005425923154689372,0.0,267.43304443359375,0.0,267.68362990021706,0.0,0.2505854666233063,0.0,0.2500428855419159,0.0,0.0005425923154689372,0.0,267.43304443359375,0.0,10.548557963222265,0.0,PD,ok,
0.001,0.0001,0.001,0.01,0.001,0.01,100.0,0.0,False,1,0.2505854666233063,0.0,0.2500428855419159,0.0,0.0005425923154689372,0.0,267.43304443359375,0.0,267.68362990021706,0.0,0.2505854666233063,0.0,0.2500428855419159,0.0,0.0005425923154689372,0.0,267.43304443359375,0.0,267.68362990021706,0.0,0.2505854666233063,0.0,0.2500428855419159,0.0,0.0005425923154689372,0.0,267.43304443359375,0.0,10.562781323678792,0.0,PD,ok,
0.001,0.0001,0.001,0.1,0.001,0.01,100.0,0.0,False,1,0.2505854666233063,0.0,0.2500428855419159,0.0,0.0005425923154689372,0.0,267.43304443359375,0.0,267.68362990021706,0.0,0.2505854666233063,0.0,0.2500428855419159,0.0,0.0005425923154689372,0.0,267.43304443359375,0.0,267.68362990021706,0.0,0.2505854666233063,0.0,0.2500428855419159,0.0,0.0005425923154689372,0.0,267.43304443359375,0.0,10.624754988588393,0.0,PD,ok,
0.001,0.001,0.001,0.01,0.001,0.01,100.0,0.0,False,1,0.2505854666233063,0.0,0.2500428855419159,0.0,0.0005425923154689372,0.0,267.3887023925781,0.0,267.63928785920143,0.0,0.2505854666233063,0.0,0.2500428855419159,0.0,0.0005425923154689372,0.0,267.3887023925781,0.0,267.63928785920143,0.0,0.2505854666233063,0.0,0.2500428855419159,0.0,0.0005425923154689372,0.0,267.3887023925781,0.0,10.641780455596745,0.0,PD,ok,
0.001,0.001,0.001,0.1,0.001,0.01,100.0,0.0,False,1,0.2505854666233063,0.0,0.2500428855419159,0.0,0.0005425923154689372,0.0,267.3887023925781,0.0,267.63928785920143,0.0,0.2505854666233063,0.0,0.2500428855419159,0.0,0.0005425923154689372,0.0,267.3887023925781,0.0,267.63928785920143,0.0,0.2505854666233063,0.0,0.2500428855419159,0.0,0.0005425923154689372,0.0,267.3887023925781,0.0,10.597140851430595,0.0,PD,ok,
0.001,0.01,0.001,0.001,0.001,0.01,100.0,0.0,False,1,0.2505854666233063,0.0,0.2500428855419159,0.0,0.0005425923154689372,0.0,266.9450988769531,0.0,267.19568434357643,0.0,0.2505854666233063,0.0,0.2500428855419159,0.0,0.0005425923154689372,0.0,266.9450988769531,0.0,267.19568434357643,0.0,0.2505854666233063,0.0,0.2500428855419159,0.0,0.0005425923154689372,0.0,266.9450988769531,0.0,10.766003083437681,0.0,PD,ok,
0.001,0.01,0.001,0.01,0.001,0.01,100.0,0.0,False,1,0.2505854666233063,0.0,0.2500428855419159,0.0,0.0005425923154689372,0.0,266.9450988769531,0.0,267.19568434357643,0.0,0.2505854666233063,0.0,0.2500428855419159,0.0,0.0005425923154689372,0.0,266.9450988769531,0.0,267.19568434357643,0.0,0.2505854666233063,0.0,0.2500428855419159,0.0,0.0005425923154689372,0.0,266.9450988769531,0.0,10.784084781073034,0.0,PD,ok,
0.001,0.01,0.001,0.1,0.001,0.01,100.0,0.0,False,1,0.2505854666233063,0.0,0.2500428855419159,0.0,0.0005425923154689372,0.0,266.94512939453125,0.0,267.19571486115456,0.0,0.2505854666233063,0.0,0.2500428855419159,0.0,0.0005425923154689372,0.0,266.94512939453125,0.0,267.19571486115456,0.0,0.2505854666233063,0.0,0.2500428855419159,0.0,0.0005425923154689372,0.0,266.94512939453125,0.0,10.938458831980824,0.0,PD,ok,
0.001,0.1,0.001,0.001,0.001,0.01,100.0,0.0,False,1,0.2505854666233063,0.0,0.2500428855419159,0.0,0.0005425923154689372,0.0,262.50921630859375,0.0,262.75980177521706,0.0,0.2505854666233063,0.0,0.2500428855419159,0.0,0.0005425923154689372,0.0,262.50921630859375,0.0,262.75980177521706,0.0,0.2505854666233063,0.0,0.2500428855419159,0.0,0.0005425923154689372,0.0,262.50921630859375,0.0,10.9205715758726,0.0,PD,ok,
0.001,0.1,0.001,0.01,0.001,0.01,100.0,0.0,False,1,0.2505854666233063,0.0,0.2500428855419159,0.0,0.0005425923154689372,0.0,262.50921630859375,0.0,262.75980177521706,0.0,0.2505854666233063,0.0,0.2500428855419159,0.0,0.0005425923154689372,0.0,262.50921630859375,0.0,262.75980177521706,0.0,0.2505854666233063,0.0,0.2500428855419159,0.0,0.0005425923154689372,0.0,262.50921630859375,0.0,10.888557125814259,0.0,PD,ok,
0.001,0.1,0.001,0.1,0.001,0.01,100.0,0.0,False,1,0.2505854666233063,0.0,0.2500428855419159,0.0,0.0005425923154689372,0.0,262.50921630859375,0.0,262.75980177521706,0.0,0.2505854666233063,0.0,0.2500428855419159,0.0,0.0005425923154689372,0.0,262.50921630859375,0.0,262.75980177521706,0.0,0.2505854666233063,0.0,0.2500428855419159,0.0,0.0005425923154689372,0.0,262.50921630859375,0.0,10.932300878688693,0.0,PD,ok,
0.001,0.1,0.01,0.1,0.0001,0.1,100.0,0.0,False,1,0.8897042870521545,0.0,0.2500452995300293,0.0,0.6396589875221252,0.0,56918.15234375,0.0,56919.04204803705,0.0,0.8897042870521545,0.0,0.2500452995300293,0.0,0.6396589875221252,0.0,56918.15234375,0.0,56919.04204803705,0.0,0.8721052408218384,0.0,0.2500452995300293,0.0,0.3714917302131653,0.0,1264.9261474609375,0.0,10.949652413837612,0.0,PD,ok,
0.001,0.0001,0.01,0.001,0.0001,0.1,100.0,0.0,False,1,0.8897437453269958,0.0,0.25008445978164673,0.0,0.6396592855453491,0.0,56519.375,0.0,56520.26474374533,0.0,0.8897437453269958,0.0,0.25008445978164673,0.0,0.6396592855453491,0.0,56519.375,0.0,56520.26474374533,0.0,0.8721052408218384,0.0,0.25008445978164673,0.0,0.3714917302131653,0.0,1265.0260009765625,0.0,10.642377105541527,0.0,PD,ok,
0.001,0.001,0.01,0.001,0.0001,0.1,100.0,0.0,False,1,0.8897815942764282,0.0,0.2501222789287567,0.0,0.6396592855453491,0.0,56505.28125,0.0,56506.17103159428,0.0,0.8897815942764282,0.0,0.2501222789287567,0.0,0.6396592855453491,0.0,56505.28125,0.0,56506.17103159428,0.0,0.8721052408218384,0.0,0.2501222789287567,0.0,0.3714917302131653,0.0,1265.025146484375,0.0,10.59273124113679,0.0,PD,ok,
0.001,0.01,0.01,0.001,0.0001,0.1,100.0,0.0,False,1,0.8897871971130371,0.0,0.2501279413700104,0.0,0.6396592855453491,0.0,56521.35546875,0.0,56522.24525594711,0.0,0.8897871971130371,0.0,0.2501279413700104,0.0,0.6396592855453491,0.0,56521.35546875,0.0,56522.24525594711,0.0,0.8721052408218384,0.0,0.2501279413700104,0.0,0.3714917302131653,0.0,1265.01611328125,0.0,10.886123437434435,0.0,PD,ok,
0.001,0.01,0.001,0.001,0.0001,0.1,100.0,0.0,False,1,0.8905256986618042,0.0,0.2501557171344757,0.0,0.6403699517250061,0.0,57256.1796875,0.0,57257.07021319866,0.0,0.8905256986618042,0.0,0.2501557171344757,0.0,0.6403699517250061,0.0,57256.1796875,0.0,57257.07021319866,0.0,0.8721052408218384,0.0,0.2501557171344757,0.0,0.3714917302131653,0.0,1265.01611328125,0.0,10.819416421465576,0.0,PD,ok,
0.001,0.1,0.01,0.001,0.0001,0.1,100.0,0.0,False,1,0.8898452520370483,0.0,0.2501862347126007,0.0,0.6396589875221252,0.0,56968.65234375,0.0,56969.54218900204,0.0,0.8898452520370483,0.0,0.2501862347126007,0.0,0.6396589875221252,0.0,56968.65234375,0.0,56969.54218900204,0.0,0.8721052408218384,0.0,0.2501862347126007,0.0,0.3714917302131653,0.0,1264.9261474609375,0.0,10.888205584138632,0.0,PD,ok,
0.001,0.01,0.01,0.01,0.0001,0.1,100.0,0.0,False,1,0.8898886442184448,0.0,0.2502293288707733,0.0,0.6396592855453491,0.0,56796.25,0.0,56797.13988864422,0.0,0.8898886442184448,0.0,0.2502293288707733,0.0,0.6396592855453491,0.0,56796.25,0.0,56797.13988864422,0.0,0.8721052408218384,0.0,0.2502293288707733,0.0,0.3714917302131653,0.0,1265.01611328125,0.0,10.869398187845945,0.0,PD,ok,
0.001,0.0001,0.001,0.01,0.0001,0.1,100.0,0.0,False,1,0.8906010389328003,0.0,0.2502307593822479,0.0,0.64037024974823,0.0,56906.05859375,0.0,56906.94919478893,0.0,0.8906010389328003,0.0,0.2502307593822479,0.0,0.64037024974823,0.0,56906.05859375,0.0,56906.94919478893,0.0,0.8721052408218384,0.0,0.2502307593822479,0.0,0.3714917302131653,0.0,1265.0260009765625,0.0,10.577954972162843,0.0,PD,ok,
0.001,0.01,0.001,0.01,0.0001,0.1,100.0,0.0,False,1,0.8906143307685852,0.0,0.2502442002296448,0.0,0.6403701305389404,0.0,56951.859375,0.0,56952.74998933077,0.0,0.8906143307685852,0.0,0.2502442002296448,0.0,0.6403701305389404,0.0,56951.859375,0.0,56952.74998933077,0.0,0.8721052408218384,0.0,0.2502442002296448,0.0,0.3714917302131653,0.0,1265.01611328125,0.0,10.779477912001312,0.0,PD,ok,
0.001,0.001,0.01,0.01,0.0001,0.1,100.0,0.0,False,1,0.889930248260498,0.0,0.2502712905406952,0.0,0.6396589875221252,0.0,56867.58984375,0.0,56868.47977399826,0.0,0.889930248260498,0.0,0.2502712905406952,0.0,0.6396589875221252,0.0,56867.58984375,0.0,56868.47977399826,0.0,0.8721052408218384,0.0,0.2502712905406952,0.0,0.3714917302131653,0.0,1265.025146484375,0.0,10.758142653852701,0.0,PD,ok,
0.001,0.0001,0.01,0.01,0.0001,0.1,100.0,0.0,False,1,0.8899343013763428,0.0,0.25027531385421753,0.0,0.6396589875221252,0.0,56879.34765625,0.0,56880.237590551376,0.0,0.8899343013763428,0.0,0.25027531385421753,0.0,0.6396589875221252,0.0,56879.34765625,0.0,56880.237590551376,0.0,0.8721052408218384,0.0,0.25027531385421753,0.0,0.3714917302131653,0.0,1265.0260009765625,0.0,10.572844861075282,0.0,PD,ok,
0.001,0.001,0.001,0.001,0.0001,0.1,100.0,0.0,False,1,0.8906729221343994,0.0,0.25030311942100525,0.0,0.6403697729110718,0.0,57389.1953125,0.0,57390.085985422134,0.0,0.8906729221343994,0.0,0.25030311942100525,0.0,0.6403697729110718,0.0,57389.1953125,0.0,57390.085985422134,0.0,0.8721052408218384,0.0,0.25030311942100525,0.0,0.3714917302131653,0.0,1265.025146484375,0.0,10.872026422992349,0.0,PD,ok,
0.001,0.0001,0.001,0.001,0.0001,0.1,100.0,0.0,False,1,0.8906752467155457,0.0,0.25030529499053955,0.0,0.6403699517250061,0.0,57326.546875,0.0,57327.437550246716,0.0,0.8906752467155457,0.0,0.25030529499053955,0.0,0.6403699517250061,0.0,57326.546875,0.0,57327.437550246716,0.0,0.8721052408218384,0.0,0.25030529499053955,0.0,0.3714917302131653,0.0,1265.0260009765625,0.0,10.561543355695903,0.0,PD,ok,
0.001,0.01,0.001,0.1,0.0001,0.1,100.0,0.0,False,1,0.8906811475753784,0.0,0.2503111958503723,0.0,0.6403699517250061,0.0,57318.796875,0.0,57319.687556147575,0.0,0.8906811475753784,0.0,0.2503111958503723,0.0,0.6403699517250061,0.0,57318.796875,0.0,57319.687556147575,0.0,0.8721052408218384,0.0,0.2503111958503723,0.0,0.3714917302131653,0.0,1265.01611328125,0.0,10.78233178332448,0.0,PD,ok,
0.001,0.1,0.01,0.01,0.0001,0.1,100.0,0.0,False,1,0.8899862170219421,0.0,0.2503272294998169,0.0,0.6396589875221252,0.0,57084.8125,0.0,57085.70248621702,0.0,0.8899862170219421,0.0,0.2503272294998169,0.0,0.6396589875221252,0.0,57084.8125,0.0,57085.70248621702,0.0,0.8721052408218384,0.0,0.2503272294998169,0.0,0.3714917302131653,0.0,1264.9261474609375,0.0,10.938416303135455,0.0,PD,ok,
0.001,0.0001,0.001,0.1,0.0001,0.1,100.0,0.0,False,1,0.8907003998756409,0.0,0.25033026933670044,0.0,0.6403701305389404,0.0,56987.34375,0.0,56988.234450399876,0.0,0.8907003998756409,0.0,0.25033026933670044,0.0,0.6403701305389404,0.0,56987.34375,0.0,56988.234450399876,0.0,0.8721052408218384,0.0,0.25033026933670044,0.0,0.3714917302131653,0.0,1265.0260009765625,0.0,10.610961895436049,0.0,PD,ok,
0.001,0.001,0.001,0.01,0.0001,0.1,100.0,0.0,False,1,0.8907034397125244,0.0,0.2503335177898407,0.0,0.6403699517250061,0.0,57077.75,0.0,57078.64070343971,0.0,0.8907034397125244,0.0,0.2503335177898407,0.0,0.6403699517250061,0.0,57077.75,0.0,57078.64070343971,0.0,0.8721052408218384,0.0,0.2503335177898407,0.0,0.3714917302131653,0.0,1265.025146484375,0.0,10.650169394910336,0.0,PD,ok,
0.001,0.0001,0.1,0.001,0.001,0.01,100.0,0.0,False,1,0.25352826714515686,0.0,0.2532716393470764,0.0,0.00025663626729510725,0.0,164.5084686279297,0.0,164.76199689507484,0.0,0.25352826714515686,0.0,0.2532716393470764,0.0,0.00025663626729510725,0.0,164.5084686279297,0.0,164.76199689507484,0.0,0.25352826714515686,0.0,0.2532716393470764,0.0,0.00025663626729510725,0.0,164.5084686279297,0.0,10.555330894887447,0.0,PD,ok,
0.001,0.0001,0.1,0.01,0.001,0.01,100.0,0.0,False,1,0.25352826714515686,0.0,0.2532716393470764,0.0,0.00025663626729510725,0.0,164.5084686279297,0.0,164.76199689507484,0.0,0.25352826714515686,0.0,0.2532716393470764,0.0,0.00025663626729510725,0.0,164.5084686279297,0.0,164.76199689507484,0.0,0.25352826714515686,0.0,0.2532716393470764,0.0,0.00025663626729510725,0.0,164.5084686279297,0.0,10.63730775564909,0.0,PD,ok,
0.001,0.0001,0.1,0.1,0.001,0.01,100.0,0.0,False,1,0.25352826714515686,0.0,0.2532716393470764,0.0,0.00025663626729510725,0.0,164.5084991455078,0.0,164.76202741265297,0.0,0.25352826714515686,0.0,0.2532716393470764,0.0,0.00025663626729510725,0.0,164.5084991455078,0.0,164.76202741265297,0.0,0.25352826714515686,0.0,0.2532716393470764,0.0,0.00025663626729510725,0.0,164.5084991455078,0.0,10.586827490478754,0.0,PD,ok,
0.001,0.001,0.1,0.001,0.001,0.01,100.0,0.0,False,1,0.25352826714515686,0.0,0.2532716393470764,0.0,0.00025663626729510725,0.0,164.5084686279297,0.0,164.76199689507484,0.0,0.25352826714515686,0.0,0.2532716393470764,0.0,0.00025663626729510725,0.0,164.5084686279297,0.0,164.76199689507484,0.0,0.25352826714515686,0.0,0.2532716393470764,0.0,0.00025663626729510725,0.0,164.5084686279297,0.0,10.659036559052765,0.0,PD,ok,
0.001,0.001,0.1,0.01,0.001,0.01,100.0,0.0,False,1,0.25352826714515686,0.0,0.2532716393470764,0.0,0.00025663626729510725,0.0,164.5084686279297,0.0,164.76199689507484,0.0,0.25352826714515686,0.0,0.2532716393470764,0.0,0.00025663626729510725,0.0,164.5084686279297,0.0,164.76199689507484,0.0,0.25352826714515686,0.0,0.2532716393470764,0.0,0.00025663626729510725,0.0,164.5084686279297,0.0,10.794438689947128,0.0,PD,ok,
0.001,0.001,0.1,0.1,0.001,0.01,100.0,0.0,False,1,0.25352826714515686,0.0,0.2532716393470764,0.0,0.00025663626729510725,0.0,164.5084991455078,0.0,164.76202741265297,0.0,0.25352826714515686,0.0,0.2532716393470764,0.0,0.00025663626729510725,0.0,164.5084991455078,0.0,164.76202741265297,0.0,0.25352826714515686,0.0,0.2532716393470764,0.0,0.00025663626729510725,0.0,164.5084991455078,0.0,10.800332884304225,0.0,PD,ok,
0.001,0.01,0.1,0.001,0.001,0.01,100.0,0.0,False,1,0.25352826714515686,0.0,0.2532716393470764,0.0,0.00025663626729510725,0.0,164.5084686279297,0.0,164.76199689507484,0.0,0.25352826714515686,0.0,0.2532716393470764,0.0,0.00025663626729510725,0.0,164.5084686279297,0.0,164.76199689507484,0.0,0.25352826714515686,0.0,0.2532716393470764,0.0,0.00025663626729510725,0.0,164.5084686279297,0.0,10.870175902731717,0.0,PD,ok,
0.001,0.01,0.1,0.1,0.001,0.01,100.0,0.0,False,1,0.25352826714515686,0.0,0.2532716393470764,0.0,0.00025663626729510725,0.0,164.5084991455078,0.0,164.76202741265297,0.0,0.25352826714515686,0.0,0.2532716393470764,0.0,0.00025663626729510725,0.0,164.5084991455078,0.0,164.76202741265297,0.0,0.25352826714515686,0.0,0.2532716393470764,0.0,0.00025663626729510725,0.0,164.5084991455078,0.0,10.906430874951184,0.0,PD,ok,
0.001,0.0001,0.001,0.001,0.001,0.1,100.0,0.0,False,1,0.2538113296031952,0.0,0.2534525394439697,0.0,0.0003588008985389024,0.0,186.6226043701172,0.0,186.87641569972038,0.0,0.2538113296031952,0.0,0.2534525394439697,0.0,0.0003588008985389024,0.0,186.6226043701172,0.0,186.87641569972038,0.0,0.2538113296031952,0.0,0.2534525394439697,0.0,0.0003588008985389024,0.0,186.6226043701172,0.0,10.580861476249993,0.0,PD,ok,
0.001,0.0001,0.001,0.01,0.001,0.1,100.0,0.0,False,1,0.2538113296031952,0.0,0.2534525394439697,0.0,0.0003588008985389024,0.0,186.6226043701172,0.0,186.87641569972038,0.0,0.2538113296031952,0.0,0.2534525394439697,0.0,0.0003588008985389024,0.0,186.6226043701172,0.0,186.87641569972038,0.0,0.2538113296031952,0.0,0.2534525394439697,0.0,0.0003588008985389024,0.0,186.6226043701172,0.0,10.532271158881485,0.0,PD,ok,
0.001,0.0001,0.001,0.1,0.001,0.1,100.0,0.0,False,1,0.2538113296031952,0.0,0.2534525394439697,0.0,0.0003588008985389024,0.0,186.6226043701172,0.0,186.87641569972038,0.0,0.2538113296031952,0.0,0.2534525394439697,0.0,0.0003588008985389024,0.0,186.6226043701172,0.0,186.87641569972038,0.0,0.2538113296031952,0.0,0.2534525394439697,0.0,0.0003588008985389024,0.0,186.6226043701172,0.0,10.653211024589837,0.0,PD,ok,
0.001,0.0001,0.01,0.001,0.001,0.1,100.0,0.0,False,1,0.2538113296031952,0.0,0.2534525394439697,0.0,0.0003588008985389024,0.0,186.6226043701172,0.0,186.87641569972038,0.0,0.2538113296031952,0.0,0.2534525394439697,0.0,0.0003588008985389024,0.0,186.6226043701172,0.0,186.87641569972038,0.0,0.2538113296031952,0.0,0.2534525394439697,0.0,0.0003588008985389024,0.0,186.6226043701172,0.0,10.589512855745852,0.0,PD,ok,
0.001,0.0001,0.01,0.01,0.001,0.1,100.0,0.0,False,1,0.2538113296031952,0.0,0.2534525394439697,0.0,0.0003588008985389024,0.0,186.6226043701172,0.0,186.87641569972038,0.0,0.2538113296031952,0.0,0.2534525394439697,0.0,0.0003588008985389024,0.0,186.6226043701172,0.0,186.87641569972038,0.0,0.2538113296031952,0.0,0.2534525394439697,0.0,0.0003588008985389024,0.0,186.6226043701172,0.0,10.646262378431857,0.0,PD,ok,
0.001,0.0001,0.01,0.1,0.001,0.1,100.0,0.0,False,1,0.2538113296031952,0.0,0.2534525394439697,0.0,0.0003588008985389024,0.0,186.6226043701172,0.0,186.87641569972038,0.0,0.2538113296031952,0.0,0.2534525394439697,0.0,0.0003588008985389024,0.0,186.6226043701172,0.0,186.87641569972038,0.0,0.2538113296031952,0.0,0.2534525394439697,0.0,0.0003588008985389024,0.0,186.6226043701172,0.0,10.611112459562719,0.0,PD,ok,
0.001,0.0001,0.1,0.001,0.001,0.1,100.0,0.0,False,1,0.2538113296031952,0.0,0.2534525394439697,0.0,0.0003588008985389024,0.0,186.6226043701172,0.0,186.87641569972038,0.0,0.2538113296031952,0.0,0.2534525394439697,0.0,0.0003588008985389024,0.0,186.6226043701172,0.0,186.87641569972038,0.0,0.2538113296031952,0.0,0.2534525394439697,0.0,0.0003588008985389024,0.0,186.6226043701172,0.0,10.548003554344177,0.0,PD,ok,
0.001,0.0001,0.1,0.01,0.001,0.1,100.0,0.0,False,1,0.2538113296031952,0.0,0.2534525394439697,0.0,0.0003588008985389024,0.0,186.6226043701172,0.0,186.87641569972038,0.0,0.2538113296031952,0.0,0.2534525394439697,0.0,0.0003588008985389024,0.0,186.6226043701172,0.0,186.87641569972038,0.0,0.2538113296031952,0.0,0.2534525394439697,0.0,0.0003588008985389024,0.0,186.6226043701172,0.0,10.640159825794399,0.0,PD,ok,
0.001,0.0001,0.1,0.1,0.001,0.1,100.0,0.0,False,1,0.2538113296031952,0.0,0.2534525394439697,0.0,0.0003588008985389024,0.0,186.6226043701172,0.0,186.87641569972038,0.0,0.2538113296031952,0.0,0.2534525394439697,0.0,0.0003588008985389024,0.0,186.6226043701172,0.0,186.87641569972038,0.0,0.2538113296031952,0.0,0.2534525394439697,0.0,0.0003588008985389024,0.0,186.6226043701172,0.0,10.558655046857893,0.0,PD,ok,
0.001,0.001,0.001,0.001,0.001,0.1,100.0,0.0,False,1,0.2538113296031952,0.0,0.2534525394439697,0.0,0.0003588008985389024,0.0,186.6226043701172,0.0,186.87641569972038,0.0,0.2538113296031952,0.0,0.2534525394439697,0.0,0.0003588008985389024,0.0,186.6226043701172,0.0,186.87641569972038,0.0,0.2538113296031952,0.0,0.2534525394439697,0.0,0.0003588008985389024,0.0,186.6226043701172,0.0,10.524071072228253,0.0,PD,ok,
0.001,0.001,0.001,0.01,0.001,0.1,100.0,0.0,False,1,0.2538113296031952,0.0,0.2534525394439697,0.0,0.0003588008985389024,0.0,186.6226043701172,0.0,186.87641569972038,0.0,0.2538113296031952,0.0,0.2534525394439697,0.0,0.0003588008985389024,0.0,186.6226043701172,0.0,186.87641569972038,0.0,0.2538113296031952,0.0,0.2534525394439697,0.0,0.0003588008985389024,0.0,186.6226043701172,0.0,10.656350889243186,0.0,PD,ok,
0.001,0.001,0.001,0.1,0.001,0.1,100.0,0.0,False,1,0.2538113296031952,0.0,0.2534525394439697,0.0,0.0003588008985389024,0.0,186.6226043701172,0.0,186.87641569972038,0.0,0.2538113296031952,0.0,0.2534525394439697,0.0,0.0003588008985389024,0.0,186.6226043701172,0.0,186.87641569972038,0.0,0.2538113296031952,0.0,0.2534525394439697,0.0,0.0003588008985389024,0.0,186.6226043701172,0.0,10.561718828976154,0.0,PD,ok,
0.001,0.001,0.01,0.001,0.001,0.1,100.0,0.0,False,1,0.2538113296031952,0.0,0.2534525394439697,0.0,0.0003588008985389024,0.0,186.6226043701172,0.0,186.87641569972038,0.0,0.2538113296031952,0.0,0.2534525394439697,0.0,0.0003588008985389024,0.0,186.6226043701172,0.0,186.87641569972038,0.0,0.2538113296031952,0.0,0.2534525394439697,0.0,0.0003588008985389024,0.0,186.6226043701172,0.0,10.649156817235053,0.0,PD,ok,
0.001,0.001,0.01,0.01,0.001,0.1,100.0,0.0,False,1,0.2538113296031952,0.0,0.2534525394439697,0.0,0.0003588008985389024,0.0,186.6226043701172,0.0,186.87641569972038,0.0,0.2538113296031952,0.0,0.2534525394439697,0.0,0.0003588008985389024,0.0,186.6226043701172,0.0,186.87641569972038,0.0,0.2538113296031952,0.0,0.2534525394439697,0.0,0.0003588008985389024,0.0,186.6226043701172,0.0,10.711142395623028,0.0,PD,ok,
0.001,0.001,0.01,0.1,0.001,0.1,100.0,0.0,False,1,0.2538113296031952,0.0,0.2534525394439697,0.0,0.0003588008985389024,0.0,186.6226043701172,0.0,186.87641569972038,0.0,0.2538113296031952,0.0,0.2534525394439697,0.0,0.0003588008985389024,0.0,186.6226043701172,0.0,186.87641569972038,0.0,0.2538113296031952,0.0,0.2534525394439697,0.0,0.0003588008985389024,0.0,186.6226043701172,0.0,10.7442919742316,0.0,PD,ok,
0.001,0.001,0.1,0.001,0.001,0.1,100.0,0.0,False,1,0.2538113296031952,0.0,0.2534525394439697,0.0,0.0003588008985389024,0.0,186.6226043701172,0.0,186.87641569972038,0.0,0.2538113296031952,0.0,0.2534525394439697,0.0,0.0003588008985389024,0.0,186.6226043701172,0.0,186.87641569972038,0.0,0.2538113296031952,0.0,0.2534525394439697,0.0,0.0003588008985389024,0.0,186.6226043701172,0.0,10.570680032484233,0.0,PD,ok,
0.001,0.001,0.1,0.01,0.001,0.1,100.0,0.0,False,1,0.2538113296031952,0.0,0.2534525394439697,0.0,0.0003588008985389024,0.0,186.6226043701172,0.0,186.87641569972038,0.0,0.2538113296031952,0.0,0.2534525394439697,0.0,0.0003588008985389024,0.0,186.6226043701172,0.0,186.87641569972038,0.0,0.2538113296031952,0.0,0.2534525394439697,0.0,0.0003588008985389024,0.0,186.6226043701172,0.0,10.787807364016771,0.0,PD,ok,
0.001,0.001,0.1,0.1,0.001,0.1,100.0,0.0,False,1,0.2538113296031952,0.0,0.2534525394439697,0.0,0.0003588008985389024,0.0,186.6226043701172,0.0,186.87641569972038,0.0,0.2538113296031952,0.0,0.2534525394439697,0.0,0.0003588008985389024,0.0,186.6226043701172,0.0,186.87641569972038,0.0,0.2538113296031952,0.0,0.2534525394439697,0.0,0.0003588008985389024,0.0,186.6226043701172,0.0,10.819120932370424,0.0,PD,ok,
0.001,0.01,0.001,0.001,0.001,0.1,100.0,0.0,False,1,0.2538113296031952,0.0,0.2534525394439697,0.0,0.0003588008985389024,0.0,186.6226043701172,0.0,186.87641569972038,0.0,0.2538113296031952,0.0,0.2534525394439697,0.0,0.0003588008985389024,0.0,186.6226043701172,0.0,186.87641569972038,0.0,0.2538113296031952,0.0,0.2534525394439697,0.0,0.0003588008985389024,0.0,186.6226043701172,0.0,10.744936858303845,0.0,PD,ok,
0.001,0.01,0.001,0.01,0.001,0.1,100.0,0.0,False,1,0.2538113296031952,0.0,0.2534525394439697,0.0,0.0003588008985389024,0.0,186.6226043701172,0.0,186.87641569972038,0.0,0.2538113296031952,0.0,0.2534525394439697,0.0,0.0003588008985389024,0.0,186.6226043701172,0.0,186.87641569972038,0.0,0.2538113296031952,0.0,0.2534525394439697,0.0,0.0003588008985389024,0.0,186.6226043701172,0.0,10.781307542696595,0.0,PD,ok,
0.001,0.01,0.001,0.1,0.001,0.1,100.0,0.0,False,1,0.2538113296031952,0.0,0.2534525394439697,0.0,0.0003588008985389024,0.0,186.6226043701172,0.0,186.87641569972038,0.0,0.2538113296031952,0.0,0.2534525394439697,0.0,0.0003588008985389024,0.0,186.6226043701172,0.0,186.87641569972038,0.0,0.2538113296031952,0.0,0.2534525394439697,0.0,0.0003588008985389024,0.0,186.6226043701172,0.0,10.929886826314032,0.0,PD,ok,
0.001,0.01,0.01,0.001,0.001,0.1,100.0,0.0,False,1,0.2538113296031952,0.0,0.2534525394439697,0.0,0.0003588008985389024,0.0,186.6226043701172,0.0,186.87641569972038,0.0,0.2538113296031952,0.0,0.2534525394439697,0.0,0.0003588008985389024,0.0,186.6226043701172,0.0,186.87641569972038,0.0,0.2538113296031952,0.0,0.2534525394439697,0.0,0.0003588008985389024,0.0,186.6226043701172,0.0,10.977511201053858,0.0,PD,ok,
0.001,0.01,0.01,0.01,0.001,0.1,100.0,0.0,False,1,0.2538113296031952,0.0,0.2534525394439697,0.0,0.0003588008985389024,0.0,186.6226043701172,0.0,186.87641569972038,0.0,0.2538113296031952,0.0,0.2534525394439697,0.0,0.0003588008985389024,0.0,186.6226043701172,0.0,186.87641569972038,0.0,0.2538113296031952,0.0,0.2534525394439697,0.0,0.0003588008985389024,0.0,186.6226043701172,0.0,10.849408512935042,0.0,PD,ok,
0.001,0.01,0.01,0.1,0.001,0.1,100.0,0.0,False,1,0.2538113296031952,0.0,0.2534525394439697,0.0,0.0003588008985389024,0.0,186.6226043701172,0.0,186.87641569972038,0.0,0.2538113296031952,0.0,0.2534525394439697,0.0,0.0003588008985389024,0.0,186.6226043701172,0.0,186.87641569972038,0.0,0.2538113296031952,0.0,0.2534525394439697,0.0,0.0003588008985389024,0.0,186.6226043701172,0.0,10.76955047994852,0.0,PD,ok,
0.001,0.01,0.1,0.001,0.001,0.1,100.0,0.0,False,1,0.2538113296031952,0.0,0.2534525394439697,0.0,0.0003588008985389024,0.0,186.6226043701172,0.0,186.87641569972038,0.0,0.2538113296031952,0.0,0.2534525394439697,0.0,0.0003588008985389024,0.0,186.6226043701172,0.0,186.87641569972038,0.0,0.2538113296031952,0.0,0.2534525394439697,0.0,0.0003588008985389024,0.0,186.6226043701172,0.0,10.861910023726523,0.0,PD,ok,
0.001,0.01,0.1,0.01,0.001,0.1,100.0,0.0,False,1,0.2538113296031952,0.0,0.2534525394439697,0.0,0.0003588008985389024,0.0,186.6226043701172,0.0,186.87641569972038,0.0,0.2538113296031952,0.0,0.2534525394439697,0.0,0.0003588008985389024,0.0,186.6226043701172,0.0,186.87641569972038,0.0,0.2538113296031952,0.0,0.2534525394439697,0.0,0.0003588008985389024,0.0,186.6226043701172,0.0,10.974219670519233,0.0,PD,ok,
0.001,0.01,0.1,0.1,0.001,0.1,100.0,0.0,False,1,0.2538113296031952,0.0,0.2534525394439697,0.0,0.0003588008985389024,0.0,186.6226043701172,0.0,186.87641569972038,0.0,0.2538113296031952,0.0,0.2534525394439697,0.0,0.0003588008985389024,0.0,186.6226043701172,0.0,186.87641569972038,0.0,0.2538113296031952,0.0,0.2534525394439697,0.0,0.0003588008985389024,0.0,186.6226043701172,0.0,10.843172264285386,0.0,PD,ok,
0.001,0.1,0.001,0.001,0.001,0.1,100.0,0.0,False,1,0.2538113296031952,0.0,0.2534525394439697,0.0,0.0003588008985389024,0.0,186.62261962890625,0.0,186.87643095850945,0.0,0.2538113296031952,0.0,0.2534525394439697,0.0,0.0003588008985389024,0.0,186.62261962890625,0.0,186.87643095850945,0.0,0.2538113296031952,0.0,0.2534525394439697,0.0,0.0003588008985389024,0.0,186.62261962890625,0.0,10.91021640598774,0.0,PD,ok,
0.001,0.1,0.001,0.01,0.001,0.1,100.0,0.0,False,1,0.2538113296031952,0.0,0.2534525394439697,0.0,0.0003588008985389024,0.0,186.62261962890625,0.0,186.87643095850945,0.0,0.2538113296031952,0.0,0.2534525394439697,0.0,0.0003588008985389024,0.0,186.62261962890625,0.0,186.87643095850945,0.0,0.2538113296031952,0.0,0.2534525394439697,0.0,0.0003588008985389024,0.0,186.62261962890625,0.0,10.909996398724616,0.0,PD,ok,
0.001,0.1,0.001,0.1,0.001,0.1,100.0,0.0,False,1,0.2538113296031952,0.0,0.2534525394439697,0.0,0.0003588008985389024,0.0,186.62261962890625,0.0,186.87643095850945,0.0,0.2538113296031952,0.0,0.2534525394439697,0.0,0.0003588008985389024,0.0,186.62261962890625,0.0,186.87643095850945,0.0,0.2538113296031952,0.0,0.2534525394439697,0.0,0.0003588008985389024,0.0,186.62261962890625,0.0,10.929490222595632,0.0,PD,ok,
0.001,0.1,0.01,0.001,0.001,0.1,100.0,0.0,False,1,0.2538113296031952,0.0,0.2534525394439697,0.0,0.0003588008985389024,0.0,186.62261962890625,0.0,186.87643095850945,0.0,0.2538113296031952,0.0,0.2534525394439697,0.0,0.0003588008985389024,0.0,186.62261962890625,0.0,186.87643095850945,0.0,0.2538113296031952,0.0,0.2534525394439697,0.0,0.0003588008985389024,0.0,186.62261962890625,0.0,10.625413997098804,0.0,PD,ok,
0.001,0.1,0.01,0.01,0.001,0.1,100.0,0.0,False,1,0.2538113296031952,0.0,0.2534525394439697,0.0,0.0003588008985389024,0.0,186.62261962890625,0.0,186.87643095850945,0.0,0.2538113296031952,0.0,0.2534525394439697,0.0,0.0003588008985389024,0.0,186.62261962890625,0.0,186.87643095850945,0.0,0.2538113296031952,0.0,0.2534525394439697,0.0,0.0003588008985389024,0.0,186.62261962890625,0.0,10.95347018353641,0.0,PD,ok,
0.001,0.1,0.01,0.1,0.001,0.1,100.0,0.0,False,1,0.2538113296031952,0.0,0.2534525394439697,0.0,0.0003588008985389024,0.0,186.62261962890625,0.0,186.87643095850945,0.0,0.2538113296031952,0.0,0.2534525394439697,0.0,0.0003588008985389024,0.0,186.62261962890625,0.0,186.87643095850945,0.0,0.2538113296031952,0.0,0.2534525394439697,0.0,0.0003588008985389024,0.0,186.62261962890625,0.0,10.956997067667544,0.0,PD,ok,
0.001,0.1,0.1,0.001,0.001,0.1,100.0,0.0,False,1,0.2538113296031952,0.0,0.2534525394439697,0.0,0.0003588008985389024,0.0,186.62261962890625,0.0,186.87643095850945,0.0,0.2538113296031952,0.0,0.2534525394439697,0.0,0.0003588008985389024,0.0,186.62261962890625,0.0,186.87643095850945,0.0,0.2538113296031952,0.0,0.2534525394439697,0.0,0.0003588008985389024,0.0,186.62261962890625,0.0,10.882006861269474,0.0,PD,ok,
0.001,0.1,0.1,0.01,0.001,0.1,100.0,0.0,False,1,0.2538113296031952,0.0,0.2534525394439697,0.0,0.0003588008985389024,0.0,186.62261962890625,0.0,186.87643095850945,0.0,0.2538113296031952,0.0,0.2534525394439697,0.0,0.0003588008985389024,0.0,186.62261962890625,0.0,186.87643095850945,0.0,0.2538113296031952,0.0,0.2534525394439697,0.0,0.0003588008985389024,0.0,186.62261962890625,0.0,10.760691662319005,0.0,PD,ok,
0.001,0.1,0.1,0.1,0.001,0.1,100.0,0.0,False,1,0.2538113296031952,0.0,0.2534525394439697,0.0,0.0003588008985389024,0.0,186.62261962890625,0.0,186.87643095850945,0.0,0.2538113296031952,0.0,0.2534525394439697,0.0,0.0003588008985389024,0.0,186.62261962890625,0.0,186.87643095850945,0.0,0.2538113296031952,0.0,0.2534525394439697,0.0,0.0003588008985389024,0.0,186.62261962890625,0.0,11.088046847842634,0.0,PD,ok,
0.001,0.0001,0.001,0.001,0.1,0.0001,100.0,0.0,False,1,0.25957486033439636,0.0,0.2592160105705261,0.0,0.0003588392573874444,0.0,3.5882933139801025,0.0,3.847868174314499,0.0,0.25957486033439636,0.0,0.2592160105705261,0.0,0.0003588392573874444,0.0,3.5882933139801025,0.0,3.847868174314499,0.0,0.25957486033439636,0.0,0.2592160105705261,0.0,0.0003588392573874444,0.0,3.5882933139801025,0.0,10.527170817367733,0.0,PD,ok,
0.001,0.0001,0.001,0.01,0.1,0.0001,100.0,0.0,False,1,0.25957486033439636,0.0,0.2592160105705261,0.0,0.0003588392573874444,0.0,3.5882933139801025,0.0,3.847868174314499,0.0,0.25957486033439636,0.0,0.2592160105705261,0.0,0.0003588392573874444,0.0,3.5882933139801025,0.0,3.847868174314499,0.0,0.25957486033439636,0.0,0.2592160105705261,0.0,0.0003588392573874444,0.0,3.5882933139801025,0.0,10.62706864066422,0.0,PD,ok,
0.001,0.0001,0.001,0.1,0.1,0.0001,100.0,0.0,False,1,0.25957486033439636,0.0,0.2592160105705261,0.0,0.0003588392573874444,0.0,3.5882933139801025,0.0,3.847868174314499,0.0,0.25957486033439636,0.0,0.2592160105705261,0.0,0.0003588392573874444,0.0,3.5882933139801025,0.0,3.847868174314499,0.0,0.25957486033439636,0.0,0.2592160105705261,0.0,0.0003588392573874444,0.0,3.5882933139801025,0.0,10.57766379788518,0.0,PD,ok,
0.001,0.0001,0.01,0.001,0.1,0.0001,100.0,0.0,False,1,0.25957486033439636,0.0,0.2592160105705261,0.0,0.0003588392573874444,0.0,3.5882933139801025,0.0,3.847868174314499,0.0,0.25957486033439636,0.0,0.2592160105705261,0.0,0.0003588392573874444,0.0,3.5882933139801025,0.0,3.847868174314499,0.0,0.25957486033439636,0.0,0.2592160105705261,0.0,0.0003588392573874444,0.0,3.5882933139801025,0.0,10.557480328716338,0.0,PD,ok,
0.001,0.0001,0.01,0.01,0.1,0.0001,100.0,0.0,False,1,0.25957486033439636,0.0,0.2592160105705261,0.0,0.0003588392573874444,0.0,3.5882933139801025,0.0,3.847868174314499,0.0,0.25957486033439636,0.0,0.2592160105705261,0.0,0.0003588392573874444,0.0,3.5882933139801025,0.0,3.847868174314499,0.0,0.25957486033439636,0.0,0.2592160105705261,0.0,0.0003588392573874444,0.0,3.5882933139801025,0.0,10.627736615948379,0.0,PD,ok,
0.001,0.0001,0.01,0.1,0.1,0.0001,100.0,0.0,False,1,0.25957486033439636,0.0,0.2592160105705261,0.0,0.0003588392573874444,0.0,3.5882933139801025,0.0,3.847868174314499,0.0,0.25957486033439636,0.0,0.2592160105705261,0.0,0.0003588392573874444,0.0,3.5882933139801025,0.0,3.847868174314499,0.0,0.25957486033439636,0.0,0.2592160105705261,0.0,0.0003588392573874444,0.0,3.5882933139801025,0.0,10.55452916584909,0.0,PD,ok,
0.001,0.0001,0.1,0.001,0.1,0.0001,100.0,0.0,False,1,0.25957486033439636,0.0,0.2592160105705261,0.0,0.0003588392573874444,0.0,3.5882933139801025,0.0,3.847868174314499,0.0,0.25957486033439636,0.0,0.2592160105705261,0.0,0.0003588392573874444,0.0,3.5882933139801025,0.0,3.847868174314499,0.0,0.25957486033439636,0.0,0.2592160105705261,0.0,0.0003588392573874444,0.0,3.5882933139801025,0.0,10.588747654110193,0.0,PD,ok,
0.001,0.0001,0.1,0.01,0.1,0.0001,100.0,0.0,False,1,0.25957486033439636,0.0,0.2592160105705261,0.0,0.0003588392573874444,0.0,3.5882933139801025,0.0,3.847868174314499,0.0,0.25957486033439636,0.0,0.2592160105705261,0.0,0.0003588392573874444,0.0,3.5882933139801025,0.0,3.847868174314499,0.0,0.25957486033439636,0.0,0.2592160105705261,0.0,0.0003588392573874444,0.0,3.5882933139801025,0.0,10.642829992808402,0.0,PD,ok,
0.001,0.0001,0.1,0.1,0.1,0.0001,100.0,0.0,False,1,0.25957486033439636,0.0,0.2592160105705261,0.0,0.0003588392573874444,0.0,3.5882933139801025,0.0,3.847868174314499,0.0,0.25957486033439636,0.0,0.2592160105705261,0.0,0.0003588392573874444,0.0,3.5882933139801025,0.0,3.847868174314499,0.0,0.25957486033439636,0.0,0.2592160105705261,0.0,0.0003588392573874444,0.0,3.5882933139801025,0.0,10.614050813950598,0.0,PD,ok,
0.001,0.001,0.001,0.001,0.1,0.0001,100.0,0.0,False,1,0.25957486033439636,0.0,0.2592160105705261,0.0,0.0003588392573874444,0.0,3.587393283843994,0.0,3.8469681441783905,0.0,0.25957486033439636,0.0,0.2592160105705261,0.0,0.0003588392573874444,0.0,3.587393283843994,0.0,3.8469681441783905,0.0,0.25957486033439636,0.0,0.2592160105705261,0.0,0.0003588392573874444,0.0,3.587393283843994,0.0,10.559033772908151,0.0,PD,ok,
0.001,0.001,0.001,0.01,0.1,0.0001,100.0,0.0,False,1,0.25957486033439636,0.0,0.2592160105705261,0.0,0.0003588392573874444,0.0,3.587393283843994,0.0,3.8469681441783905,0.0,0.25957486033439636,0.0,0.2592160105705261,0.0,0.0003588392573874444,0.0,3.587393283843994,0.0,3.8469681441783905,0.0,0.25957486033439636,0.0,0.2592160105705261,0.0,0.0003588392573874444,0.0,3.587393283843994,0.0,10.571970710530877,0.0,PD,ok,
0.001,0.001,0.001,0.1,0.1,0.0001,100.0,0.0,False,1,0.25957486033439636,0.0,0.2592160105705261,0.0,0.0003588392573874444,0.0,3.587393283843994,0.0,3.8469681441783905,0.0,0.25957486033439636,0.0,0.2592160105705261,0.0,0.0003588392573874444,0.0,3.587393283843994,0.0,3.8469681441783905,0.0,0.25957486033439636,0.0,0.2592160105705261,0.0,0.0003588392573874444,0.0,3.587393283843994,0.0,10.563182186335325,0.0,PD,ok,
0.001,0.001,0.01,0.001,0.1,0.0001,100.0,0.0,False,1,0.25957486033439636,0.0,0.2592160105705261,0.0,0.0003588392573874444,0.0,3.587393283843994,0.0,3.8469681441783905,0.0,0.25957486033439636,0.0,0.2592160105705261,0.0,0.0003588392573874444,0.0,3.587393283843994,0.0,3.8469681441783905,0.0,0.25957486033439636,0.0,0.2592160105705261,0.0,0.0003588392573874444,0.0,3.587393283843994,0.0,10.66036056727171,0.0,PD,ok,
0.001,0.001,0.01,0.01,0.1,0.0001,100.0,0.0,False,1,0.25957486033439636,0.0,0.2592160105705261,0.0,0.0003588392573874444,0.0,3.587393283843994,0.0,3.8469681441783905,0.0,0.25957486033439636,0.0,0.2592160105705261,0.0,0.0003588392573874444,0.0,3.587393283843994,0.0,3.8469681441783905,0.0,0.25957486033439636,0.0,0.2592160105705261,0.0,0.0003588392573874444,0.0,3.587393283843994,0.0,10.772993992082775,0.0,PD,ok,
0.001,0.001,0.01,0.1,0.1,0.0001,100.0,0.0,False,1,0.25957486033439636,0.0,0.2592160105705261,0.0,0.0003588392573874444,0.0,3.587393283843994,0.0,3.8469681441783905,0.0,0.25957486033439636,0.0,0.2592160105705261,0.0,0.0003588392573874444,0.0,3.587393283843994,0.0,3.8469681441783905,0.0,0.25957486033439636,0.0,0.2592160105705261,0.0,0.0003588392573874444,0.0,3.587393283843994,0.0,10.667736957781017,0.0,PD,ok,
0.001,0.001,0.1,0.001,0.1,0.0001,100.0,0.0,False,1,0.25957486033439636,0.0,0.2592160105705261,0.0,0.0003588392573874444,0.0,3.587393283843994,0.0,3.8469681441783905,0.0,0.25957486033439636,0.0,0.2592160105705261,0.0,0.0003588392573874444,0.0,3.587393283843994,0.0,3.8469681441783905,0.0,0.25957486033439636,0.0,0.2592160105705261,0.0,0.0003588392573874444,0.0,3.587393283843994,0.0,10.62065771408379,0.0,PD,ok,
0.001,0.001,0.1,0.01,0.1,0.0001,100.0,0.0,False,1,0.25957486033439636,0.0,0.2592160105705261,0.0,0.0003588392573874444,0.0,3.587393283843994,0.0,3.8469681441783905,0.0,0.25957486033439636,0.0,0.2592160105705261,0.0,0.0003588392573874444,0.0,3.587393283843994,0.0,3.8469681441783905,0.0,0.25957486033439636,0.0,0.2592160105705261,0.0,0.0003588392573874444,0.0,3.587393283843994,0.0,10.737040335312486,0.0,PD,ok,
0.001,0.001,0.1,0.1,0.1,0.0001,100.0,0.0,False,1,0.25957486033439636,0.0,0.2592160105705261,0.0,0.0003588392573874444,0.0,3.587393283843994,0.0,3.8469681441783905,0.0,0.25957486033439636,0.0,0.2592160105705261,0.0,0.0003588392573874444,0.0,3.587393283843994,0.0,3.8469681441783905,0.0,0.25957486033439636,0.0,0.2592160105705261,0.0,0.0003588392573874444,0.0,3.587393283843994,0.0,10.811522073112428,0.0,PD,ok,
0.001,0.01,0.001,0.001,0.1,0.0001,100.0,0.0,False,1,0.25957486033439636,0.0,0.2592160105705261,0.0,0.0003588392573874444,0.0,3.5783932209014893,0.0,3.8379680812358856,0.0,0.25957486033439636,0.0,0.2592160105705261,0.0,0.0003588392573874444,0.0,3.5783932209014893,0.0,3.8379680812358856,0.0,0.25957486033439636,0.0,0.2592160105705261,0.0,0.0003588392573874444,0.0,3.5783932209014893,0.0,10.811803864315152,0.0,PD,ok,
0.001,0.01,0.001,0.01,0.1,0.0001,100.0,0.0,False,1,0.25957486033439636,0.0,0.2592160105705261,0.0,0.0003588392573874444,0.0,3.5783932209014893,0.0,3.8379680812358856,0.0,0.25957486033439636,0.0,0.2592160105705261,0.0,0.0003588392573874444,0.0,3.5783932209014893,0.0,3.8379680812358856,0.0,0.25957486033439636,0.0,0.2592160105705261,0.0,0.0003588392573874444,0.0,3.5783932209014893,0.0,10.783739826641977,0.0,PD,ok,
0.001,0.01,0.001,0.1,0.1,0.0001,100.0,0.0,False,1,0.25957486033439636,0.0,0.2592160105705261,0.0,0.0003588392573874444,0.0,3.5783932209014893,0.0,3.8379680812358856,0.0,0.25957486033439636,0.0,0.2592160105705261,0.0,0.0003588392573874444,0.0,3.5783932209014893,0.0,3.8379680812358856,0.0,0.25957486033439636,0.0,0.2592160105705261,0.0,0.0003588392573874444,0.0,3.5783932209014893,0.0,10.84515765774995,0.0,PD,ok,
0.001,0.01,0.01,0.001,0.1,0.0001,100.0,0.0,False,1,0.25957486033439636,0.0,0.2592160105705261,0.0,0.0003588392573874444,0.0,3.5783932209014893,0.0,3.8379680812358856,0.0,0.25957486033439636,0.0,0.2592160105705261,0.0,0.0003588392573874444,0.0,3.5783932209014893,0.0,3.8379680812358856,0.0,0.25957486033439636,0.0,0.2592160105705261,0.0,0.0003588392573874444,0.0,3.5783932209014893,0.0,10.886436969041824,0.0,PD,ok,
0.001,0.01,0.01,0.01,0.1,0.0001,100.0,0.0,False,1,0.25957486033439636,0.0,0.2592160105705261,0.0,0.0003588392573874444,0.0,3.5783932209014893,0.0,3.8379680812358856,0.0,0.25957486033439636,0.0,0.2592160105705261,0.0,0.0003588392573874444,0.0,3.5783932209014893,0.0,3.8379680812358856,0.0,0.25957486033439636,0.0,0.2592160105705261,0.0,0.0003588392573874444,0.0,3.5783932209014893,0.0,10.786806038580835,0.0,PD,ok,
0.001,0.01,0.01,0.1,0.1,0.0001,100.0,0.0,False,1,0.25957486033439636,0.0,0.2592160105705261,0.0,0.0003588392573874444,0.0,3.5783932209014893,0.0,3.8379680812358856,0.0,0.25957486033439636,0.0,0.2592160105705261,0.0,0.0003588392573874444,0.0,3.5783932209014893,0.0,3.8379680812358856,0.0,0.25957486033439636,0.0,0.2592160105705261,0.0,0.0003588392573874444,0.0,3.5783932209014893,0.0,10.861967435106635,0.0,PD,ok,
0.001,0.01,0.1,0.001,0.1,0.0001,100.0,0.0,False,1,0.25957486033439636,0.0,0.2592160105705261,0.0,0.0003588392573874444,0.0,3.5783932209014893,0.0,3.8379680812358856,0.0,0.25957486033439636,0.0,0.2592160105705261,0.0,0.0003588392573874444,0.0,3.5783932209014893,0.0,3.8379680812358856,0.0,0.25957486033439636,0.0,0.2592160105705261,0.0,0.0003588392573874444,0.0,3.5783932209014893,0.0,11.03229942638427,0.0,PD,ok,
0.001,0.01,0.1,0.01,0.1,0.0001,100.0,0.0,False,1,0.25957486033439636,0.0,0.2592160105705261,0.0,0.0003588392573874444,0.0,3.5783932209014893,0.0,3.8379680812358856,0.0,0.25957486033439636,0.0,0.2592160105705261,0.0,0.0003588392573874444,0.0,3.5783932209014893,0.0,3.8379680812358856,0.0,0.25957486033439636,0.0,0.2592160105705261,0.0,0.0003588392573874444,0.0,3.5783932209014893,0.0,10.943450552411377,0.0,PD,ok,
0.001,0.01,0.1,0.1,0.1,0.0001,100.0,0.0,False,1,0.25957486033439636,0.0,0.2592160105705261,0.0,0.0003588392573874444,0.0,3.5783932209014893,0.0,3.8379680812358856,0.0,0.25957486033439636,0.0,0.2592160105705261,0.0,0.0003588392573874444,0.0,3.5783932209014893,0.0,3.8379680812358856,0.0,0.25957486033439636,0.0,0.2592160105705261,0.0,0.0003588392573874444,0.0,3.5783932209014893,0.0,10.860796459019184,0.0,PD,ok,
0.001,0.1,0.001,0.001,0.1,0.0001,100.0,0.0,False,1,0.25957486033439636,0.0,0.2592160105705261,0.0,0.0003588392573874444,0.0,3.4883933067321777,0.0,3.747968167066574,0.0,0.25957486033439636,0.0,0.2592160105705261,0.0,0.0003588392573874444,0.0,3.4883933067321777,0.0,3.747968167066574,0.0,0.25957486033439636,0.0,0.2592160105705261,0.0,0.0003588392573874444,0.0,3.4883933067321777,0.0,10.936055834405124,0.0,PD,ok,
0.001,0.1,0.001,0.01,0.1,0.0001,100.0,0.0,False,1,0.25957486033439636,0.0,0.2592160105705261,0.0,0.0003588392573874444,0.0,3.4883933067321777,0.0,3.747968167066574,0.0,0.25957486033439636,0.0,0.2592160105705261,0.0,0.0003588392573874444,0.0,3.4883933067321777,0.0,3.747968167066574,0.0,0.25957486033439636,0.0,0.2592160105705261,0.0,0.0003588392573874444,0.0,3.4883933067321777,0.0,10.912359428592026,0.0,PD,ok,
0.001,0.1,0.001,0.1,0.1,0.0001,100.0,0.0,False,1,0.25957486033439636,0.0,0.2592160105705261,0.0,0.0003588392573874444,0.0,3.4883933067321777,0.0,3.747968167066574,0.0,0.25957486033439636,0.0,0.2592160105705261,0.0,0.0003588392573874444,0.0,3.4883933067321777,0.0,3.747968167066574,0.0,0.25957486033439636,0.0,0.2592160105705261,0.0,0.0003588392573874444,0.0,3.4883933067321777,0.0,10.849286831915379,0.0,PD,ok,
0.001,0.1,0.01,0.001,0.1,0.0001,100.0,0.0,False,1,0.25957486033439636,0.0,0.2592160105705261,0.0,0.0003588392573874444,0.0,3.4883933067321777,0.0,3.747968167066574,0.0,0.25957486033439636,0.0,0.2592160105705261,0.0,0.0003588392573874444,0.0,3.4883933067321777,0.0,3.747968167066574,0.0,0.25957486033439636,0.0,0.2592160105705261,0.0,0.0003588392573874444,0.0,3.4883933067321777,0.0,10.842843691818416,0.0,PD,ok,
0.001,0.1,0.01,0.01,0.1,0.0001,100.0,0.0,False,1,0.25957486033439636,0.0,0.2592160105705261,0.0,0.0003588392573874444,0.0,3.4883933067321777,0.0,3.747968167066574,0.0,0.25957486033439636,0.0,0.2592160105705261,0.0,0.0003588392573874444,0.0,3.4883933067321777,0.0,3.747968167066574,0.0,0.25957486033439636,0.0,0.2592160105705261,0.0,0.0003588392573874444,0.0,3.4883933067321777,0.0,10.952394424937665,0.0,PD,ok,
0.001,0.1,0.01,0.1,0.1,0.0001,100.0,0.0,False,1,0.25957486033439636,0.0,0.2592160105705261,0.0,0.0003588392573874444,0.0,3.4883933067321777,0.0,3.747968167066574,0.0,0.25957486033439636,0.0,0.2592160105705261,0.0,0.0003588392573874444,0.0,3.4883933067321777,0.0,3.747968167066574,0.0,0.25957486033439636,0.0,0.2592160105705261,0.0,0.0003588392573874444,0.0,3.4883933067321777,0.0,10.946501028724015,0.0,PD,ok,
0.001,0.1,0.1,0.001,0.1,0.0001,100.0,0.0,False,1,0.25957486033439636,0.0,0.2592160105705261,0.0,0.0003588392573874444,0.0,3.4883933067321777,0.0,3.747968167066574,0.0,0.25957486033439636,0.0,0.2592160105705261,0.0,0.0003588392573874444,0.0,3.4883933067321777,0.0,3.747968167066574,0.0,0.25957486033439636,0.0,0.2592160105705261,0.0,0.0003588392573874444,0.0,3.4883933067321777,0.0,10.821710565127432,0.0,PD,ok,
0.001,0.1,0.1,0.01,0.1,0.0001,100.0,0.0,False,1,0.25957486033439636,0.0,0.2592160105705261,0.0,0.0003588392573874444,0.0,3.4883933067321777,0.0,3.747968167066574,0.0,0.25957486033439636,0.0,0.2592160105705261,0.0,0.0003588392573874444,0.0,3.4883933067321777,0.0,3.747968167066574,0.0,0.25957486033439636,0.0,0.2592160105705261,0.0,0.0003588392573874444,0.0,3.4883933067321777,0.0,10.912372588180006,0.0,PD,ok,
0.001,0.1,0.1,0.1,0.1,0.0001,100.0,0.0,False,1,0.25957486033439636,0.0,0.2592160105705261,0.0,0.0003588392573874444,0.0,3.4883933067321777,0.0,3.747968167066574,0.0,0.25957486033439636,0.0,0.2592160105705261,0.0,0.0003588392573874444,0.0,3.4883933067321777,0.0,3.747968167066574,0.0,0.25957486033439636,0.0,0.2592160105705261,0.0,0.0003588392573874444,0.0,3.4883933067321777,0.0,10.660939055494964,0.0,PD,ok,
