alpha,xi,sigma,beta,primal_lr,dual_lr,lambda_max,dual_momentum,reset_lambda_per_outer,num_seeds,final_total_mean,final_total_std,final_upper_mean,final_upper_std,final_lower_mean,final_lower_std,final_max_constraint_mean,final_max_constraint_std,final_score_mean,final_score_std,tail_mean_total_mean,tail_mean_total_std,tail_mean_upper_mean,tail_mean_upper_std,tail_mean_lower_mean,tail_mean_lower_std,tail_mean_max_constraint_mean,tail_mean_max_constraint_std,tail_score_mean,tail_score_std,best_total_mean,best_total_std,best_upper_mean,best_upper_std,best_lower_mean,best_lower_std,best_max_constraint_mean,best_max_constraint_std,time_mean,time_std,lower_scale,method,status,error
0.001,0.1,0.001,0.1,0.01,0.001,100.0,0.0,False,1,0.8089458346366882,0.0,5.206270543567371e-06,0.0,0.8089406490325928,0.0,1.5221935510635376,0.0,2.331139385700226,0.0,0.8089458346366882,0.0,5.206270543567371e-06,0.0,0.8089406490325928,0.0,1.5221935510635376,0.0,2.331139385700226,0.0,0.8089458346366882,0.0,5.206270543567371e-06,0.0,0.3714917302131653,0.0,1.5221935510635376,0.0,48.09199012303725,0.0,1.0,PD,ok,
0.001,0.1,0.01,0.1,0.01,0.001,100.0,0.0,False,1,0.8089247941970825,0.0,5.616616817860631e-06,0.0,0.8089191913604736,0.0,1.5221935510635376,0.0,2.33111834526062,0.0,0.8089247941970825,0.0,5.616616817860631e-06,0.0,0.8089191913604736,0.0,1.5221935510635376,0.0,2.33111834526062,0.0,0.8089247941970825,0.0,5.616616817860631e-06,0.0,0.3714917302131653,0.0,1.5221935510635376,0.0,48.446566853672266,0.0,1.0,PD,ok,
0.001,0.1,0.1,0.1,0.01,0.001,100.0,0.0,False,1,0.786005437374115,0.0,7.036370334390085e-06,0.0,0.7859984040260315,0.0,1.535249948501587,0.0,2.321255385875702,0.0,0.786005437374115,0.0,7.036370334390085e-06,0.0,0.7859984040260315,0.0,1.535249948501587,0.0,2.321255385875702,0.0,0.786005437374115,0.0,7.036370334390085e-06,0.0,0.3714917302131653,0.0,1.535249948501587,0.0,44.70767342951149,0.0,1.0,PD,ok,
0.001,0.1,0.1,0.01,0.01,0.001,100.0,0.0,False,1,0.7839089035987854,0.0,7.342198387050303e-06,0.0,0.783901572227478,0.0,1.5370548963546753,0.0,2.3209637999534607,0.0,0.7839089035987854,0.0,7.342198387050303e-06,0.0,0.783901572227478,0.0,1.5370548963546753,0.0,2.3209637999534607,0.0,0.7839089035987854,0.0,7.342198387050303e-06,0.0,0.3714917302131653,0.0,1.5370548963546753,0.0,48.216455922462046,0.0,1.0,PD,ok,
0.001,0.1,0.1,0.001,0.01,0.001,100.0,0.0,False,1,0.7837090492248535,0.0,7.389497113763355e-06,0.0,0.7837016582489014,0.0,1.5372271537780762,0.0,2.3209362030029297,0.0,0.7837090492248535,0.0,7.389497113763355e-06,0.0,0.7837016582489014,0.0,1.5372271537780762,0.0,2.3209362030029297,0.0,0.7837090492248535,0.0,7.389497113763355e-06,0.0,0.3714917302131653,0.0,1.5372271537780762,0.0,48.36356231663376,0.0,1.0,PD,ok,
0.001,0.0001,0.01,0.001,0.1,0.0001,100.0,0.0,False,1,0.8648006916046143,0.0,7.630727850482799e-06,0.0,0.864793062210083,0.0,5.508399486541748,0.0,6.373200178146362,0.0,0.8648006916046143,0.0,7.630727850482799e-06,0.0,0.864793062210083,0.0,5.508399486541748,0.0,6.373200178146362,0.0,0.8648006916046143,0.0,7.630727850482799e-06,0.0,0.3714917302131653,0.0,5.508399486541748,0.0,121.23282346082851,0.0,1.0,PD,ok,
0.001,0.0001,0.01,0.01,0.1,0.0001,100.0,0.0,False,1,0.8648136258125305,0.0,7.783955879858695e-06,0.0,0.8648058176040649,0.0,5.509707927703857,0.0,6.374521553516388,0.0,0.8648136258125305,0.0,7.783955879858695e-06,0.0,0.8648058176040649,0.0,5.509707927703857,0.0,6.374521553516388,0.0,0.8648136258125305,0.0,7.783955879858695e-06,0.0,0.3714917302131653,0.0,5.509707927703857,0.0,115.47053928254172,0.0,1.0,PD,ok,
0.001,0.1,0.001,0.01,0.01,0.001,100.0,0.0,False,1,0.808784008026123,0.0,8.801321200735401e-06,0.0,0.8087751865386963,0.0,1.5221935510635376,0.0,2.3309775590896606,0.0,0.808784008026123,0.0,8.801321200735401e-06,0.0,0.8087751865386963,0.0,1.5221935510635376,0.0,2.3309775590896606,0.0,0.808784008026123,0.0,8.801321200735401e-06,0.0,0.3714917302131653,0.0,1.5221935510635376,0.0,47.88708701077849,0.0,1.0,PD,ok,
0.001,0.01,0.1,0.1,0.01,0.001,100.0,0.0,False,1,0.7851746678352356,0.0,8.902334229787812e-06,0.0,0.7851657867431641,0.0,1.5364532470703125,0.0,2.321627914905548,0.0,0.7851746678352356,0.0,8.902334229787812e-06,0.0,0.7851657867431641,0.0,1.5364532470703125,0.0,2.321627914905548,0.0,0.7851746678352356,0.0,8.902334229787812e-06,0.0,0.3714917302131653,0.0,1.5364532470703125,0.0,48.13036845624447,0.0,1.0,PD,ok,
0.001,0.001,0.1,0.1,0.01,0.001,100.0,0.0,False,1,0.7850944995880127,0.0,9.097091606236063e-06,0.0,0.7850853800773621,0.0,1.536571979522705,0.0,2.3216664791107178,0.0,0.7850944995880127,0.0,9.097091606236063e-06,0.0,0.7850853800773621,0.0,1.536571979522705,0.0,2.3216664791107178,0.0,0.7850944995880127,0.0,9.097091606236063e-06,0.0,0.3714917302131653,0.0,1.536571979522705,0.0,110.34376932354644,0.0,1.0,PD,ok,
0.001,0.0001,0.1,0.1,0.01,0.001,100.0,0.0,False,1,0.785086452960968,0.0,9.116731234826148e-06,0.0,0.7850773334503174,0.0,1.5365839004516602,0.0,2.321670353412628,0.0,0.785086452960968,0.0,9.116731234826148e-06,0.0,0.7850773334503174,0.0,1.5365839004516602,0.0,2.321670353412628,0.0,0.785086452960968,0.0,9.116731234826148e-06,0.0,0.3714917302131653,0.0,1.5365839004516602,0.0,103.57964018639177,0.0,1.0,PD,ok,
0.001,0.1,0.001,0.001,0.01,0.001,100.0,0.0,False,1,0.808768093585968,0.0,9.211639735440258e-06,0.0,0.8087588548660278,0.0,1.5221935510635376,0.0,2.3309616446495056,0.0,0.808768093585968,0.0,9.211639735440258e-06,0.0,0.8087588548660278,0.0,1.5221935510635376,0.0,2.3309616446495056,0.0,0.808768093585968,0.0,9.211639735440258e-06,0.0,0.3714917302131653,0.0,1.5221935510635376,0.0,48.140378958079964,0.0,1.0,PD,ok,
0.001,0.1,0.01,0.01,0.01,0.001,100.0,0.0,False,1,0.8087648749351501,0.0,9.290136404160876e-06,0.0,0.8087555766105652,0.0,1.5221935510635376,0.0,2.3309584259986877,0.0,0.8087648749351501,0.0,9.290136404160876e-06,0.0,0.8087555766105652,0.0,1.5221935510635376,0.0,2.3309584259986877,0.0,0.8087648749351501,0.0,9.290136404160876e-06,0.0,0.3714917302131653,0.0,1.5221935510635376,0.0,48.008367924019694,0.0,1.0,PD,ok,
0.001,0.01,0.1,0.01,0.01,0.001,100.0,0.0,False,1,0.7831430435180664,0.0,9.318965567217674e-06,0.0,0.7831337451934814,0.0,1.5381977558135986,0.0,2.321340799331665,0.0,0.7831430435180664,0.0,9.318965567217674e-06,0.0,0.7831337451934814,0.0,1.5381977558135986,0.0,2.321340799331665,0.0,0.7831430435180664,0.0,9.318965567217674e-06,0.0,0.3714917302131653,0.0,1.5381977558135986,0.0,48.117900386918336,0.0,1.0,PD,ok,
0.001,0.01,0.1,0.001,0.01,0.001,100.0,0.0,False,1,0.7829487919807434,0.0,9.379913535667583e-06,0.0,0.7829394340515137,0.0,1.5383636951446533,0.0,2.3213124871253967,0.0,0.7829487919807434,0.0,9.379913535667583e-06,0.0,0.7829394340515137,0.0,1.5383636951446533,0.0,2.3213124871253967,0.0,0.7829487919807434,0.0,9.379913535667583e-06,0.0,0.3714917302131653,0.0,1.5383636951446533,0.0,48.39003819646314,0.0,1.0,PD,ok,
0.001,0.1,0.001,0.1,0.1,0.001,100.0,0.0,False,1,0.8087592124938965,0.0,9.440256690140814e-06,0.0,0.808749794960022,0.0,1.5221935510635376,0.0,2.330952763557434,0.0,0.8087592124938965,0.0,9.440256690140814e-06,0.0,0.808749794960022,0.0,1.5221935510635376,0.0,2.330952763557434,0.0,0.8087592124938965,0.0,9.440256690140814e-06,0.0,0.3714917302131653,0.0,1.5221935510635376,0.0,48.41223847493529,0.0,1.0,PD,ok,
0.001,0.001,0.1,0.01,0.01,0.001,100.0,0.0,False,1,0.7830691337585449,0.0,9.526506801194046e-06,0.0,0.7830595970153809,0.0,1.538310170173645,0.0,2.32137930393219,0.0,0.7830691337585449,0.0,9.526506801194046e-06,0.0,0.7830595970153809,0.0,1.538310170173645,0.0,2.32137930393219,0.0,0.7830691337585449,0.0,9.526506801194046e-06,0.0,0.3714917302131653,0.0,1.538310170173645,0.0,108.50761682167649,0.0,1.0,PD,ok,
0.001,0.0001,0.1,0.01,0.01,0.001,100.0,0.0,False,1,0.7830619215965271,0.0,9.547109584673308e-06,0.0,0.783052384853363,0.0,1.5383217334747314,0.0,2.3213836550712585,0.0,0.7830619215965271,0.0,9.547109584673308e-06,0.0,0.783052384853363,0.0,1.5383217334747314,0.0,2.3213836550712585,0.0,0.7830619215965271,0.0,9.547109584673308e-06,0.0,0.3714917302131653,0.0,1.5383217334747314,0.0,106.9545984310098,0.0,1.0,PD,ok,
0.001,0.001,0.1,0.001,0.01,0.001,100.0,0.0,False,1,0.7828758358955383,0.0,9.588918146619108e-06,0.0,0.7828662395477295,0.0,1.5384758710861206,0.0,2.321351706981659,0.0,0.7828758358955383,0.0,9.588918146619108e-06,0.0,0.7828662395477295,0.0,1.5384758710861206,0.0,2.321351706981659,0.0,0.7828758358955383,0.0,9.588918146619108e-06,0.0,0.3714917302131653,0.0,1.5384758710861206,0.0,109.89138441719115,0.0,1.0,PD,ok,
0.001,0.0001,0.1,0.001,0.01,0.001,100.0,0.0,False,1,0.7828686833381653,0.0,9.609796506993007e-06,0.0,0.7828590869903564,0.0,1.5384870767593384,0.0,2.3213557600975037,0.0,0.7828686833381653,0.0,9.609796506993007e-06,0.0,0.7828590869903564,0.0,1.5384870767593384,0.0,2.3213557600975037,0.0,0.7828686833381653,0.0,9.609796506993007e-06,0.0,0.3714917302131653,0.0,1.5384870767593384,0.0,109.18578759394586,0.0,1.0,PD,ok,
0.001,0.1,0.01,0.001,0.1,0.0001,100.0,0.0,False,1,0.8649626970291138,0.0,9.619105185265653e-06,0.0,0.8649531006813049,0.0,5.424519062042236,0.0,6.28948175907135,0.0,0.8649626970291138,0.0,9.619105185265653e-06,0.0,0.8649531006813049,0.0,5.424519062042236,0.0,6.28948175907135,0.0,0.8649626970291138,0.0,9.619105185265653e-06,0.0,0.3714917302131653,0.0,5.424519062042236,0.0,48.1637748144567,0.0,1.0,PD,ok,
0.001,0.1,0.01,0.001,0.01,0.001,100.0,0.0,False,1,0.8087490200996399,0.0,9.706554919830523e-06,0.0,0.8087393045425415,0.0,1.5221935510635376,0.0,2.3309425711631775,0.0,0.8087490200996399,0.0,9.706554919830523e-06,0.0,0.8087393045425415,0.0,1.5221935510635376,0.0,2.3309425711631775,0.0,0.8087490200996399,0.0,9.706554919830523e-06,0.0,0.3714917302131653,0.0,1.5221935510635376,0.0,47.806393834762275,0.0,1.0,PD,ok,
0.001,0.1,0.01,0.01,0.1,0.0001,100.0,0.0,False,1,0.8649743795394897,0.0,9.769797543413006e-06,0.0,0.8649646043777466,0.0,5.42566442489624,0.0,6.29063880443573,0.0,0.8649743795394897,0.0,9.769797543413006e-06,0.0,0.8649646043777466,0.0,5.42566442489624,0.0,6.29063880443573,0.0,0.8649743795394897,0.0,9.769797543413006e-06,0.0,0.3714917302131653,0.0,5.42566442489624,0.0,48.142271330114454,0.0,1.0,PD,ok,
0.001,0.0001,0.001,0.001,0.01,0.01,100.0,0.0,False,1,0.7738600969314575,0.0,1.0557869245531037e-05,0.0,0.7738495469093323,0.0,1.5978238582611084,0.0,2.371683955192566,0.0,0.7738600969314575,0.0,1.0557869245531037e-05,0.0,0.7738495469093323,0.0,1.5978238582611084,0.0,2.371683955192566,0.0,0.7738600969314575,0.0,1.0557869245531037e-05,0.0,0.3714917302131653,0.0,1.5978238582611084,0.0,141.20974911749363,0.0,1.0,PD,ok,
0.001,0.001,0.001,0.001,0.01,0.01,100.0,0.0,False,1,0.773863673210144,0.0,1.0749694411060773e-05,0.0,0.7738529443740845,0.0,1.5978238582611084,0.0,2.3716875314712524,0.0,0.773863673210144,0.0,1.0749694411060773e-05,0.0,0.7738529443740845,0.0,1.5978238582611084,0.0,2.3716875314712524,0.0,0.773863673210144,0.0,1.0749694411060773e-05,0.0,0.3714917302131653,0.0,1.5978238582611084,0.0,106.14252349408343,0.0,1.0,PD,ok,
0.001,0.0001,0.01,0.001,0.01,0.01,100.0,0.0,False,1,0.773865282535553,0.0,1.083559800463263e-05,0.0,0.7738544344902039,0.0,1.5978238582611084,0.0,2.3716891407966614,0.0,0.773865282535553,0.0,1.083559800463263e-05,0.0,0.7738544344902039,0.0,1.5978238582611084,0.0,2.3716891407966614,0.0,0.773865282535553,0.0,1.083559800463263e-05,0.0,0.3714917302131653,0.0,1.5978238582611084,0.0,121.47674315515906,0.0,1.0,PD,ok,
0.001,0.001,0.01,0.001,0.01,0.01,100.0,0.0,False,1,0.7738688588142395,0.0,1.1028527296730317e-05,0.0,0.773857831954956,0.0,1.5978238582611084,0.0,2.371692717075348,0.0,0.7738688588142395,0.0,1.1028527296730317e-05,0.0,0.773857831954956,0.0,1.5978238582611084,0.0,2.371692717075348,0.0,0.7738688588142395,0.0,1.1028527296730317e-05,0.0,0.3714917302131653,0.0,1.5978238582611084,0.0,109.45267658727244,0.0,1.0,PD,ok,
0.001,0.1,0.01,0.1,0.1,0.0001,100.0,0.0,False,1,0.8650750517845154,0.0,1.1123808690172154e-05,0.0,0.8650639057159424,0.0,5.43558406829834,0.0,6.300659120082855,0.0,0.8650750517845154,0.0,1.1123808690172154e-05,0.0,0.8650639057159424,0.0,5.43558406829834,0.0,6.300659120082855,0.0,0.8650750517845154,0.0,1.1123808690172154e-05,0.0,0.3714917302131653,0.0,5.43558406829834,0.0,48.326316417660564,0.0,1.0,PD,ok,
0.001,0.01,0.001,0.1,0.01,0.001,100.0,0.0,False,1,0.808681309223175,0.0,1.1605426152527798e-05,0.0,0.8086696863174438,0.0,1.5221935510635376,0.0,2.3308748602867126,0.0,0.808681309223175,0.0,1.1605426152527798e-05,0.0,0.8086696863174438,0.0,1.5221935510635376,0.0,2.3308748602867126,0.0,0.808681309223175,0.0,1.1605426152527798e-05,0.0,0.3714917302131653,0.0,1.5221935510635376,0.0,109.83992860512808,0.0,1.0,PD,ok,
0.001,0.0001,0.001,0.01,0.01,0.01,100.0,0.0,False,1,0.7738811373710632,0.0,1.1750654266506899e-05,0.0,0.7738693952560425,0.0,1.5978238582611084,0.0,2.3717049956321716,0.0,0.7738811373710632,0.0,1.1750654266506899e-05,0.0,0.7738693952560425,0.0,1.5978238582611084,0.0,2.3717049956321716,0.0,0.7738811373710632,0.0,1.1750654266506899e-05,0.0,0.3714917302131653,0.0,1.5978238582611084,0.0,117.49064882658422,0.0,1.0,PD,ok,
0.001,0.001,0.001,0.01,0.01,0.01,100.0,0.0,False,1,0.7738847136497498,0.0,1.1955038644373417e-05,0.0,0.7738727331161499,0.0,1.5978238582611084,0.0,2.371708571910858,0.0,0.7738847136497498,0.0,1.1955038644373417e-05,0.0,0.7738727331161499,0.0,1.5978238582611084,0.0,2.371708571910858,0.0,0.7738847136497498,0.0,1.1955038644373417e-05,0.0,0.3714917302131653,0.0,1.5978238582611084,0.0,106.26710479939356,0.0,1.0,PD,ok,
0.001,0.0001,0.01,0.01,0.01,0.01,100.0,0.0,False,1,0.7738854289054871,0.0,1.2001775758108124e-05,0.0,0.7738734483718872,0.0,1.5978238582611084,0.0,2.3717092871665955,0.0,0.7738854289054871,0.0,1.2001775758108124e-05,0.0,0.7738734483718872,0.0,1.5978238582611084,0.0,2.3717092871665955,0.0,0.7738854289054871,0.0,1.2001775758108124e-05,0.0,0.3714917302131653,0.0,1.5978238582611084,0.0,115.43572847172618,0.0,1.0,PD,ok,
0.001,0.01,0.01,0.1,0.01,0.001,100.0,0.0,False,1,0.8086622953414917,0.0,1.2168457942607347e-05,0.0,0.8086501359939575,0.0,1.5221935510635376,0.0,2.3308558464050293,0.0,0.8086622953414917,0.0,1.2168457942607347e-05,0.0,0.8086501359939575,0.0,1.5221935510635376,0.0,2.3308558464050293,0.0,0.8086622953414917,0.0,1.2168457942607347e-05,0.0,0.3714917302131653,0.0,1.5221935510635376,0.0,99.56553003098816,0.0,1.0,PD,ok,
0.001,0.001,0.01,0.01,0.01,0.01,100.0,0.0,False,1,0.7738890051841736,0.0,1.2205293387523852e-05,0.0,0.7738767862319946,0.0,1.5978238582611084,0.0,2.371712863445282,0.0,0.7738890051841736,0.0,1.2205293387523852e-05,0.0,0.7738767862319946,0.0,1.5978238582611084,0.0,2.371712863445282,0.0,0.7738890051841736,0.0,1.2205293387523852e-05,0.0,0.3714917302131653,0.0,1.5978238582611084,0.0,107.48413591552526,0.0,1.0,PD,ok,
0.001,0.001,0.001,0.1,0.01,0.001,100.0,0.0,False,1,0.8086551427841187,0.0,1.2379153304209467e-05,0.0,0.8086427450180054,0.0,1.5221935510635376,0.0,2.3308486938476562,0.0,0.8086551427841187,0.0,1.2379153304209467e-05,0.0,0.8086427450180054,0.0,1.5221935510635376,0.0,2.3308486938476562,0.0,0.8086551427841187,0.0,1.2379153304209467e-05,0.0,0.3714917302131653,0.0,1.5221935510635376,0.0,108.62232463108376,0.0,1.0,PD,ok,
0.001,0.0001,0.001,0.1,0.01,0.001,100.0,0.0,False,1,0.8086525797843933,0.0,1.245813473360613e-05,0.0,0.8086401224136353,0.0,1.5221935510635376,0.0,2.330846130847931,0.0,0.8086525797843933,0.0,1.245813473360613e-05,0.0,0.8086401224136353,0.0,1.5221935510635376,0.0,2.330846130847931,0.0,0.8086525797843933,0.0,1.245813473360613e-05,0.0,0.3714917302131653,0.0,1.5221935510635376,0.0,118.0042649381794,0.0,1.0,PD,ok,
0.001,0.01,0.001,0.001,0.01,0.01,100.0,0.0,False,1,0.7738985419273376,0.0,1.277570117963478e-05,0.0,0.7738857865333557,0.0,1.5978238582611084,0.0,2.371722400188446,0.0,0.7738985419273376,0.0,1.277570117963478e-05,0.0,0.7738857865333557,0.0,1.5978238582611084,0.0,2.371722400188446,0.0,0.7738985419273376,0.0,1.277570117963478e-05,0.0,0.3714917302131653,0.0,1.5978238582611084,0.0,109.58871711976826,0.0,1.0,PD,ok,
0.001,0.001,0.01,0.1,0.01,0.001,100.0,0.0,False,1,0.8086364269256592,0.0,1.295679157919949e-05,0.0,0.8086234927177429,0.0,1.5221935510635376,0.0,2.3308299779891968,0.0,0.8086364269256592,0.0,1.295679157919949e-05,0.0,0.8086234927177429,0.0,1.5221935510635376,0.0,2.3308299779891968,0.0,0.8086364269256592,0.0,1.295679157919949e-05,0.0,0.3714917302131653,0.0,1.5221935510635376,0.0,110.09570054663345,0.0,1.0,PD,ok,
0.001,0.0001,0.01,0.1,0.01,0.001,100.0,0.0,False,1,0.8086339831352234,0.0,1.3036511518293992e-05,0.0,0.8086209297180176,0.0,1.5221935510635376,0.0,2.330827534198761,0.0,0.8086339831352234,0.0,1.3036511518293992e-05,0.0,0.8086209297180176,0.0,1.5221935510635376,0.0,2.330827534198761,0.0,0.8086339831352234,0.0,1.3036511518293992e-05,0.0,0.3714917302131653,0.0,1.5221935510635376,0.0,112.03455420490354,0.0,1.0,PD,ok,
0.001,0.01,0.01,0.001,0.01,0.01,100.0,0.0,False,1,0.7739034295082092,0.0,1.305661953665549e-05,0.0,0.7738903760910034,0.0,1.5978238582611084,0.0,2.3717272877693176,0.0,0.7739034295082092,0.0,1.305661953665549e-05,0.0,0.7738903760910034,0.0,1.5978238582611084,0.0,2.3717272877693176,0.0,0.7739034295082092,0.0,1.305661953665549e-05,0.0,0.3714917302131653,0.0,1.5978238582611084,0.0,107.81410220311955,0.0,1.0,PD,ok,
0.001,0.01,0.001,0.01,0.01,0.01,100.0,0.0,False,1,0.773920476436615,0.0,1.4096691302256659e-05,0.0,0.7739063501358032,0.0,1.5978238582611084,0.0,2.3717443346977234,0.0,0.773920476436615,0.0,1.4096691302256659e-05,0.0,0.7739063501358032,0.0,1.5978238582611084,0.0,2.3717443346977234,0.0,0.773920476436615,0.0,1.4096691302256659e-05,0.0,0.3714917302131653,0.0,1.5978238582611084,0.0,107.4672090690583,0.0,1.0,PD,ok,
0.001,0.1,0.001,0.01,0.1,0.001,100.0,0.0,False,1,0.8086000680923462,0.0,1.4107883544056676e-05,0.0,0.8085859417915344,0.0,1.5221935510635376,0.0,2.330793619155884,0.0,0.8086000680923462,0.0,1.4107883544056676e-05,0.0,0.8085859417915344,0.0,1.5221935510635376,0.0,2.330793619155884,0.0,0.8086000680923462,0.0,1.4107883544056676e-05,0.0,0.3714917302131653,0.0,1.5221935510635376,0.0,48.30987792322412,0.0,1.0,PD,ok,
0.001,0.01,0.01,0.01,0.01,0.01,100.0,0.0,False,1,0.7739241719245911,0.0,1.434556907042861e-05,0.0,0.7739098072052002,0.0,1.5978238582611084,0.0,2.3717480301856995,0.0,0.7739241719245911,0.0,1.434556907042861e-05,0.0,0.7739098072052002,0.0,1.5978238582611084,0.0,2.3717480301856995,0.0,0.7739241719245911,0.0,1.434556907042861e-05,0.0,0.3714917302131653,0.0,1.5978238582611084,0.0,101.77382470620796,0.0,1.0,PD,ok,
0.001,0.1,0.001,0.001,0.1,0.001,100.0,0.0,False,1,0.8085834383964539,0.0,1.4647568605141714e-05,0.0,0.8085687756538391,0.0,1.5221935510635376,0.0,2.3307769894599915,0.0,0.8085834383964539,0.0,1.4647568605141714e-05,0.0,0.8085687756538391,0.0,1.5221935510635376,0.0,2.3307769894599915,0.0,0.8085834383964539,0.0,1.4647568605141714e-05,0.0,0.3714917302131653,0.0,1.5221935510635376,0.0,48.14221812551841,0.0,1.0,PD,ok,
0.001,0.01,0.001,0.01,0.01,0.001,100.0,0.0,False,1,0.8085246086120605,0.0,1.6676302038831636e-05,0.0,0.8085079193115234,0.0,1.5221935510635376,0.0,2.330718159675598,0.0,0.8085246086120605,0.0,1.6676302038831636e-05,0.0,0.8085079193115234,0.0,1.5221935510635376,0.0,2.330718159675598,0.0,0.8085246086120605,0.0,1.6676302038831636e-05,0.0,0.3714917302131653,0.0,1.5221935510635376,0.0,107.49560442520306,0.0,1.0,PD,ok,
0.001,0.01,0.001,0.001,0.01,0.001,100.0,0.0,False,1,0.8085091710090637,0.0,1.7230941011803225e-05,0.0,0.8084919452667236,0.0,1.5221935510635376,0.0,2.3307027220726013,0.0,0.8085091710090637,0.0,1.7230941011803225e-05,0.0,0.8084919452667236,0.0,1.5221935510635376,0.0,2.3307027220726013,0.0,0.8085091710090637,0.0,1.7230941011803225e-05,0.0,0.3714917302131653,0.0,1.5221935510635376,0.0,109.81998419808224,0.0,1.0,PD,ok,
0.001,0.01,0.01,0.01,0.01,0.001,100.0,0.0,False,1,0.8085073232650757,0.0,1.7293099517701194e-05,0.0,0.8084900379180908,0.0,1.5221935510635376,0.0,2.3307008743286133,0.0,0.8085073232650757,0.0,1.7293099517701194e-05,0.0,0.8084900379180908,0.0,1.5221935510635376,0.0,2.3307008743286133,0.0,0.8085073232650757,0.0,1.7293099517701194e-05,0.0,0.3714917302131653,0.0,1.5221935510635376,0.0,101.77749869087711,0.0,1.0,PD,ok,
0.001,0.01,0.001,0.1,0.1,0.001,100.0,0.0,False,1,0.8085005879402161,0.0,1.754684308252763e-05,0.0,0.8084830641746521,0.0,1.5221935510635376,0.0,2.3306941390037537,0.0,0.8085005879402161,0.0,1.754684308252763e-05,0.0,0.8084830641746521,0.0,1.5221935510635376,0.0,2.3306941390037537,0.0,0.8085005879402161,0.0,1.754684308252763e-05,0.0,0.3714917302131653,0.0,1.5221935510635376,0.0,109.96479615429416,0.0,1.0,PD,ok,
0.001,0.001,0.001,0.01,0.01,0.001,100.0,0.0,False,1,0.8084990978240967,0.0,1.7595317331142724e-05,0.0,0.8084815144538879,0.0,1.5221935510635376,0.0,2.3306926488876343,0.0,0.8084990978240967,0.0,1.7595317331142724e-05,0.0,0.8084815144538879,0.0,1.5221935510635376,0.0,2.3306926488876343,0.0,0.8084990978240967,0.0,1.7595317331142724e-05,0.0,0.3714917302131653,0.0,1.5221935510635376,0.0,106.3085872833617,0.0,1.0,PD,ok,
0.001,0.0001,0.001,0.01,0.01,0.001,100.0,0.0,False,1,0.8084966540336609,0.0,1.768818765413016e-05,0.0,0.8084789514541626,0.0,1.5221935510635376,0.0,2.3306902050971985,0.0,0.8084966540336609,0.0,1.768818765413016e-05,0.0,0.8084789514541626,0.0,1.5221935510635376,0.0,2.3306902050971985,0.0,0.8084966540336609,0.0,1.768818765413016e-05,0.0,0.3714917302131653,0.0,1.5221935510635376,0.0,117.96398347755894,0.0,1.0,PD,ok,
0.001,0.01,0.01,0.001,0.01,0.001,100.0,0.0,False,1,0.8084918260574341,0.0,1.7853275494417176e-05,0.0,0.8084739446640015,0.0,1.5221935510635376,0.0,2.3306853771209717,0.0,0.8084918260574341,0.0,1.7853275494417176e-05,0.0,0.8084739446640015,0.0,1.5221935510635376,0.0,2.3306853771209717,0.0,0.8084918260574341,0.0,1.7853275494417176e-05,0.0,0.3714917302131653,0.0,1.5221935510635376,0.0,107.7460379214026,0.0,1.0,PD,ok,
0.001,0.001,0.001,0.001,0.01,0.001,100.0,0.0,False,1,0.808483362197876,0.0,1.8165408619097434e-05,0.0,0.8084651827812195,0.0,1.5221935510635376,0.0,2.3306769132614136,0.0,0.808483362197876,0.0,1.8165408619097434e-05,0.0,0.8084651827812195,0.0,1.5221935510635376,0.0,2.3306769132614136,0.0,0.808483362197876,0.0,1.8165408619097434e-05,0.0,0.3714917302131653,0.0,1.5221935510635376,0.0,106.1642189254053,0.0,1.0,PD,ok,
0.001,0.001,0.01,0.01,0.01,0.001,100.0,0.0,False,1,0.8084820508956909,0.0,1.8224136510980316e-05,0.0,0.8084638118743896,0.0,1.5221935510635376,0.0,2.3306756019592285,0.0,0.8084820508956909,0.0,1.8224136510980316e-05,0.0,0.8084638118743896,0.0,1.5221935510635376,0.0,2.3306756019592285,0.0,0.8084820508956909,0.0,1.8224136510980316e-05,0.0,0.3714917302131653,0.0,1.5221935510635376,0.0,107.80282027740031,0.0,1.0,PD,ok,
0.001,0.0001,0.001,0.001,0.01,0.001,100.0,0.0,False,1,0.8084809184074402,0.0,1.825927392928861e-05,0.0,0.8084626793861389,0.0,1.5221935510635376,0.0,2.330674469470978,0.0,0.8084809184074402,0.0,1.825927392928861e-05,0.0,0.8084626793861389,0.0,1.5221935510635376,0.0,2.330674469470978,0.0,0.8084809184074402,0.0,1.825927392928861e-05,0.0,0.3714917302131653,0.0,1.5221935510635376,0.0,141.23568375362083,0.0,1.0,PD,ok,
0.001,0.0001,0.01,0.01,0.01,0.001,100.0,0.0,False,1,0.808479368686676,0.0,1.8318156435270794e-05,0.0,0.80846107006073,0.0,1.5221935510635376,0.0,2.3306729197502136,0.0,0.808479368686676,0.0,1.8318156435270794e-05,0.0,0.80846107006073,0.0,1.5221935510635376,0.0,2.3306729197502136,0.0,0.808479368686676,0.0,1.8318156435270794e-05,0.0,0.3714917302131653,0.0,1.5221935510635376,0.0,115.32465026341379,0.0,1.0,PD,ok,
0.001,0.001,0.001,0.1,0.1,0.001,100.0,0.0,False,1,0.8084726333618164,0.0,1.8578257368062623e-05,0.0,0.8084540367126465,0.0,1.5221935510635376,0.0,2.330666184425354,0.0,0.8084726333618164,0.0,1.8578257368062623e-05,0.0,0.8084540367126465,0.0,1.5221935510635376,0.0,2.330666184425354,0.0,0.8084726333618164,0.0,1.8578257368062623e-05,0.0,0.3714917302131653,0.0,1.5221935510635376,0.0,109.04035122226924,0.0,1.0,PD,ok,
0.001,0.0001,0.001,0.1,0.1,0.001,100.0,0.0,False,1,0.8084699511528015,0.0,1.8673172235139646e-05,0.0,0.8084512948989868,0.0,1.5221935510635376,0.0,2.330663502216339,0.0,0.8084699511528015,0.0,1.8673172235139646e-05,0.0,0.8084512948989868,0.0,1.5221935510635376,0.0,2.330663502216339,0.0,0.8084699511528015,0.0,1.8673172235139646e-05,0.0,0.3714917302131653,0.0,1.5221935510635376,0.0,117.94383823033422,0.0,1.0,PD,ok,
0.001,0.001,0.01,0.001,0.01,0.001,100.0,0.0,False,1,0.8084668517112732,0.0,1.8798824385157786e-05,0.0,0.808448076248169,0.0,1.5221935510635376,0.0,2.330660402774811,0.0,0.8084668517112732,0.0,1.8798824385157786e-05,0.0,0.808448076248169,0.0,1.5221935510635376,0.0,2.330660402774811,0.0,0.8084668517112732,0.0,1.8798824385157786e-05,0.0,0.3714917302131653,0.0,1.5221935510635376,0.0,109.70573713863268,0.0,1.0,PD,ok,
0.001,0.0001,0.01,0.001,0.01,0.001,100.0,0.0,False,1,0.8084644079208374,0.0,1.8894817912951112e-05,0.0,0.8084455132484436,0.0,1.5221935510635376,0.0,2.330657958984375,0.0,0.8084644079208374,0.0,1.8894817912951112e-05,0.0,0.8084455132484436,0.0,1.5221935510635376,0.0,2.330657958984375,0.0,0.8084644079208374,0.0,1.8894817912951112e-05,0.0,0.3714917302131653,0.0,1.5221935510635376,0.0,125.0456847208552,0.0,1.0,PD,ok,
0.001,0.01,0.001,0.01,0.1,0.001,100.0,0.0,False,1,0.8083385229110718,0.0,2.401008714514319e-05,0.0,0.8083145022392273,0.0,1.5221935510635376,0.0,2.3305320739746094,0.0,0.8083385229110718,0.0,2.401008714514319e-05,0.0,0.8083145022392273,0.0,1.5221935510635376,0.0,2.3305320739746094,0.0,0.8083385229110718,0.0,2.401008714514319e-05,0.0,0.3714917302131653,0.0,1.5221935510635376,0.0,107.66437991568819,0.0,1.0,PD,ok,
0.001,0.01,0.001,0.001,0.1,0.001,100.0,0.0,False,1,0.8083228468894958,0.0,2.4690965801710263e-05,0.0,0.8082981705665588,0.0,1.5221935510635376,0.0,2.3305163979530334,0.0,0.8083228468894958,0.0,2.4690965801710263e-05,0.0,0.8082981705665588,0.0,1.5221935510635376,0.0,2.3305163979530334,0.0,0.8083228468894958,0.0,2.4690965801710263e-05,0.0,0.3714917302131653,0.0,1.5221935510635376,0.0,109.80926177510992,0.0,1.0,PD,ok,
0.001,0.001,0.001,0.01,0.1,0.001,100.0,0.0,False,1,0.8083120584487915,0.0,2.5168319552903995e-05,0.0,0.8082869052886963,0.0,1.5221935510635376,0.0,2.330505609512329,0.0,0.8083120584487915,0.0,2.5168319552903995e-05,0.0,0.8082869052886963,0.0,1.5221935510635376,0.0,2.330505609512329,0.0,0.8083120584487915,0.0,2.5168319552903995e-05,0.0,0.3714917302131653,0.0,1.5221935510635376,0.0,105.97324530826882,0.0,1.0,PD,ok,
0.001,0.0001,0.001,0.01,0.1,0.001,100.0,0.0,False,1,0.8083095550537109,0.0,2.5284767616540194e-05,0.0,0.8082842826843262,0.0,1.5221935510635376,0.0,2.3305031061172485,0.0,0.8083095550537109,0.0,2.5284767616540194e-05,0.0,0.8082842826843262,0.0,1.5221935510635376,0.0,2.3305031061172485,0.0,0.8083095550537109,0.0,2.5284767616540194e-05,0.0,0.3714917302131653,0.0,1.5221935510635376,0.0,118.27070181351155,0.0,1.0,PD,ok,
0.001,0.001,0.001,0.001,0.1,0.001,100.0,0.0,False,1,0.808296263217926,0.0,2.587836206657812e-05,0.0,0.8082703948020935,0.0,1.5221935510635376,0.0,2.3304898142814636,0.0,0.808296263217926,0.0,2.587836206657812e-05,0.0,0.8082703948020935,0.0,1.5221935510635376,0.0,2.3304898142814636,0.0,0.808296263217926,0.0,2.587836206657812e-05,0.0,0.3714917302131653,0.0,1.5221935510635376,0.0,109.07345046196133,0.0,1.0,PD,ok,
0.001,0.0001,0.001,0.001,0.1,0.001,100.0,0.0,False,1,0.8082936406135559,0.0,2.6006777261500247e-05,0.0,0.8082676529884338,0.0,1.5221935510635376,0.0,2.3304871916770935,0.0,0.8082936406135559,0.0,2.6006777261500247e-05,0.0,0.8082676529884338,0.0,1.5221935510635376,0.0,2.3304871916770935,0.0,0.8082936406135559,0.0,2.6006777261500247e-05,0.0,0.3714917302131653,0.0,1.5221935510635376,0.0,141.46932407887653,0.0,1.0,PD,ok,
0.001,0.0001,0.01,0.1,0.01,0.01,100.0,0.0,False,1,0.7741032242774963,0.0,2.7490452339407057e-05,0.0,0.7740757465362549,0.0,1.5978238582611084,0.0,2.3719270825386047,0.0,0.7741032242774963,0.0,2.7490452339407057e-05,0.0,0.7740757465362549,0.0,1.5978238582611084,0.0,2.3719270825386047,0.0,0.7741032242774963,0.0,2.7490452339407057e-05,0.0,0.3714917302131653,0.0,1.5978238582611084,0.0,112.29310806840658,0.0,1.0,PD,ok,
0.001,0.0001,0.001,0.1,0.01,0.01,100.0,0.0,False,1,0.7741061449050903,0.0,2.7734633476939052e-05,0.0,0.7740784287452698,0.0,1.5978238582611084,0.0,2.3719300031661987,0.0,0.7741061449050903,0.0,2.7734633476939052e-05,0.0,0.7740784287452698,0.0,1.5978238582611084,0.0,2.3719300031661987,0.0,0.7741061449050903,0.0,2.7734633476939052e-05,0.0,0.3714917302131653,0.0,1.5978238582611084,0.0,118.18275467818603,0.0,1.0,PD,ok,
0.001,0.001,0.01,0.1,0.01,0.01,100.0,0.0,False,1,0.7741070985794067,0.0,2.7812937332782894e-05,0.0,0.7740792632102966,0.0,1.5978238582611084,0.0,2.371930956840515,0.0,0.7741070985794067,0.0,2.7812937332782894e-05,0.0,0.7740792632102966,0.0,1.5978238582611084,0.0,2.371930956840515,0.0,0.7741070985794067,0.0,2.7812937332782894e-05,0.0,0.3714917302131653,0.0,1.5978238582611084,0.0,109.84841080708429,0.0,1.0,PD,ok,
0.001,0.001,0.001,0.1,0.01,0.01,100.0,0.0,False,1,0.7741100788116455,0.0,2.8062677301932126e-05,0.0,0.7740820050239563,0.0,1.5978238582611084,0.0,2.371933937072754,0.0,0.7741100788116455,0.0,2.8062677301932126e-05,0.0,0.7740820050239563,0.0,1.5978238582611084,0.0,2.371933937072754,0.0,0.7741100788116455,0.0,2.8062677301932126e-05,0.0,0.3714917302131653,0.0,1.5978238582611084,0.0,108.69485288951546,0.0,1.0,PD,ok,
0.001,0.01,0.01,0.1,0.01,0.01,100.0,0.0,False,1,0.7741466760635376,0.0,3.115840081591159e-05,0.0,0.7741155028343201,0.0,1.5978238582611084,0.0,2.371970534324646,0.0,0.7741466760635376,0.0,3.115840081591159e-05,0.0,0.7741155028343201,0.0,1.5978238582611084,0.0,2.371970534324646,0.0,0.7741466760635376,0.0,3.115840081591159e-05,0.0,0.3714917302131653,0.0,1.5978238582611084,0.0,99.25413605617359,0.0,1.0,PD,ok,
0.001,0.01,0.001,0.1,0.01,0.01,100.0,0.0,False,1,0.7741498947143555,0.0,3.145993468933739e-05,0.0,0.7741184234619141,0.0,1.5978238582611084,0.0,2.371973752975464,0.0,0.7741498947143555,0.0,3.145993468933739e-05,0.0,0.7741184234619141,0.0,1.5978238582611084,0.0,2.371973752975464,0.0,0.7741498947143555,0.0,3.145993468933739e-05,0.0,0.3714917302131653,0.0,1.5978238582611084,0.0,109.78548799268901,0.0,1.0,PD,ok,
0.001,0.1,0.001,0.001,0.01,0.01,100.0,0.0,False,1,0.7742838263511658,0.0,4.40929907199461e-05,0.0,0.774239718914032,0.0,1.5978238582611084,0.0,2.372107684612274,0.0,0.7742838263511658,0.0,4.40929907199461e-05,0.0,0.774239718914032,0.0,1.5978238582611084,0.0,2.372107684612274,0.0,0.7742838263511658,0.0,4.40929907199461e-05,0.0,0.3714917302131653,0.0,1.5978238582611084,0.0,48.18517187796533,0.0,1.0,PD,ok,
0.001,0.1,0.01,0.001,0.01,0.01,100.0,0.0,False,1,0.7742848992347717,0.0,4.4190619519213215e-05,0.0,0.7742407321929932,0.0,1.5978238582611084,0.0,2.37210875749588,0.0,0.7742848992347717,0.0,4.4190619519213215e-05,0.0,0.7742407321929932,0.0,1.5978238582611084,0.0,2.37210875749588,0.0,0.7742848992347717,0.0,4.4190619519213215e-05,0.0,0.3714917302131653,0.0,1.5978238582611084,0.0,48.05414608074352,0.0,1.0,PD,ok,
0.001,0.1,0.001,0.01,0.01,0.01,100.0,0.0,False,1,0.7743098139762878,0.0,4.671700298786163e-05,0.0,0.7742630839347839,0.0,1.5978238582611084,0.0,2.3721336722373962,0.0,0.7743098139762878,0.0,4.671700298786163e-05,0.0,0.7742630839347839,0.0,1.5978238582611084,0.0,2.3721336722373962,0.0,0.7743098139762878,0.0,4.671700298786163e-05,0.0,0.3714917302131653,0.0,1.5978238582611084,0.0,48.257378454785794,0.0,1.0,PD,ok,
0.001,0.1,0.01,0.01,0.01,0.01,100.0,0.0,False,1,0.7743098139762878,0.0,4.6730187023058534e-05,0.0,0.7742630839347839,0.0,1.5978238582611084,0.0,2.3721336722373962,0.0,0.7743098139762878,0.0,4.6730187023058534e-05,0.0,0.7742630839347839,0.0,1.5978238582611084,0.0,2.3721336722373962,0.0,0.7743098139762878,0.0,4.6730187023058534e-05,0.0,0.3714917302131653,0.0,1.5978238582611084,0.0,48.10016357153654,0.0,1.0,PD,ok,
0.001,0.1,0.01,0.1,0.01,0.01,100.0,0.0,False,1,0.7745762467384338,0.0,7.70559927332215e-05,0.0,0.7744991779327393,0.0,1.5978238582611084,0.0,2.3724001049995422,0.0,0.7745762467384338,0.0,7.70559927332215e-05,0.0,0.7744991779327393,0.0,1.5978238582611084,0.0,2.3724001049995422,0.0,0.7745762467384338,0.0,7.70559927332215e-05,0.0,0.3714917302131653,0.0,1.5978238582611084,0.0,48.01925766887143,0.0,1.0,PD,ok,
0.001,0.1,0.001,0.1,0.01,0.01,100.0,0.0,False,1,0.7745845317840576,0.0,7.80933623900637e-05,0.0,0.7745064496994019,0.0,1.5978238582611084,0.0,2.372408390045166,0.0,0.7745845317840576,0.0,7.80933623900637e-05,0.0,0.7745064496994019,0.0,1.5978238582611084,0.0,2.372408390045166,0.0,0.7745845317840576,0.0,7.80933623900637e-05,0.0,0.3714917302131653,0.0,1.5978238582611084,0.0,48.330815131776035,0.0,1.0,PD,ok,
0.001,0.001,0.01,0.001,0.1,0.0001,100.0,0.0,False,1,0.8601670861244202,0.0,0.00015287954011000693,0.0,0.8600142002105713,0.0,5.126565456390381,0.0,5.986732542514801,0.0,0.8601670861244202,0.0,0.00015287954011000693,0.0,0.8600142002105713,0.0,5.126565456390381,0.0,5.986732542514801,0.0,0.8601670861244202,0.0,0.00015287954011000693,0.0,0.3714917302131653,0.0,5.126565456390381,0.0,109.82912731776014,0.0,1.0,PD,ok,
0.001,0.01,0.01,0.001,0.1,0.0001,100.0,0.0,False,1,0.8601831197738647,0.0,0.0001536957424832508,0.0,0.860029399394989,0.0,5.119093894958496,0.0,5.979277014732361,0.0,0.8601831197738647,0.0,0.0001536957424832508,0.0,0.860029399394989,0.0,5.119093894958496,0.0,5.979277014732361,0.0,0.8601831197738647,0.0,0.0001536957424832508,0.0,0.3714917302131653,0.0,5.119093894958496,0.0,107.83375112712383,0.0,1.0,PD,ok,
0.001,0.001,0.01,0.01,0.1,0.0001,100.0,0.0,False,1,0.8601981401443481,0.0,0.00015446521865669638,0.0,0.8600437045097351,0.0,5.129530906677246,0.0,5.989729046821594,0.0,0.8601981401443481,0.0,0.00015446521865669638,0.0,0.8600437045097351,0.0,5.129530906677246,0.0,5.989729046821594,0.0,0.8601981401443481,0.0,0.00015446521865669638,0.0,0.3714917302131653,0.0,5.129530906677246,0.0,107.5639491789043,0.0,1.0,PD,ok,
0.001,0.01,0.01,0.01,0.1,0.0001,100.0,0.0,False,1,0.8602055311203003,0.0,0.00015482987510040402,0.0,0.8600506782531738,0.0,5.121212005615234,0.0,5.981417536735535,0.0,0.8602055311203003,0.0,0.00015482987510040402,0.0,0.8600506782531738,0.0,5.121212005615234,0.0,5.981417536735535,0.0,0.8602055311203003,0.0,0.00015482987510040402,0.0,0.3714917302131653,0.0,5.121212005615234,0.0,101.93201027065516,0.0,1.0,PD,ok,
0.001,0.001,0.01,0.1,0.1,0.0001,100.0,0.0,False,1,0.8602964282035828,0.0,0.00015949546650517732,0.0,0.8601369261741638,0.0,5.138856410980225,0.0,5.999152839183807,0.0,0.8602964282035828,0.0,0.00015949546650517732,0.0,0.8601369261741638,0.0,5.138856410980225,0.0,5.999152839183807,0.0,0.8602964282035828,0.0,0.00015949546650517732,0.0,0.3714917302131653,0.0,5.138856410980225,0.0,110.05105573264882,0.0,1.0,PD,ok,
0.001,0.01,0.01,0.1,0.1,0.0001,100.0,0.0,False,1,0.8602973818778992,0.0,0.00015953158435877413,0.0,0.8601378798484802,0.0,5.129926681518555,0.0,5.990224063396454,0.0,0.8602973818778992,0.0,0.00015953158435877413,0.0,0.8601378798484802,0.0,5.129926681518555,0.0,5.990224063396454,0.0,0.8602973818778992,0.0,0.00015953158435877413,0.0,0.3714917302131653,0.0,5.129926681518555,0.0,98.91344956401736,0.0,1.0,PD,ok,
0.001,0.0001,0.01,0.1,0.1,0.0001,100.0,0.0,False,1,0.8603033423423767,0.0,0.00015984343190211803,0.0,0.8601434826850891,0.0,5.140397548675537,0.0,6.000700891017914,0.0,0.8603033423423767,0.0,0.00015984343190211803,0.0,0.8601434826850891,0.0,5.140397548675537,0.0,6.000700891017914,0.0,0.8603033423423767,0.0,0.00015984343190211803,0.0,0.3714917302131653,0.0,5.140397548675537,0.0,112.23670402355492,0.0,1.0,PD,ok,
0.001,0.1,0.1,0.1,0.1,0.0001,100.0,0.0,False,1,0.8745335340499878,0.0,0.00019325755420140922,0.0,0.874340295791626,0.0,6.363631248474121,0.0,7.238164782524109,0.0,0.8745335340499878,0.0,0.00019325755420140922,0.0,0.874340295791626,0.0,6.363631248474121,0.0,7.238164782524109,0.0,0.8721052408218384,0.0,0.00019325755420140922,0.0,0.3714917302131653,0.0,6.363631248474121,0.0,43.986232282593846,0.0,1.0,PD,ok,
0.001,0.1,0.1,0.01,0.1,0.0001,100.0,0.0,False,1,0.8743964433670044,0.0,0.00020152406068518758,0.0,0.8741949200630188,0.0,6.3491010665893555,0.0,7.22349750995636,0.0,0.8743964433670044,0.0,0.00020152406068518758,0.0,0.8741949200630188,0.0,6.3491010665893555,0.0,7.22349750995636,0.0,0.8721052408218384,0.0,0.00020152406068518758,0.0,0.3714917302131653,0.0,6.3491010665893555,0.0,48.1306491214782,0.0,1.0,PD,ok,
0.001,0.1,0.1,0.001,0.1,0.0001,100.0,0.0,False,1,0.8743835091590881,0.0,0.00020231179951224476,0.0,0.8741812109947205,0.0,6.347731590270996,0.0,7.222115099430084,0.0,0.8743835091590881,0.0,0.00020231179951224476,0.0,0.8741812109947205,0.0,6.347731590270996,0.0,7.222115099430084,0.0,0.8721052408218384,0.0,0.00020231179951224476,0.0,0.3714917302131653,0.0,6.347731590270996,0.0,48.18843556707725,0.0,1.0,PD,ok,
0.001,0.01,0.1,0.1,0.1,0.0001,100.0,0.0,False,1,0.8743483424186707,0.0,0.0002044572465820238,0.0,0.8741438984870911,0.0,6.434022426605225,0.0,7.308370769023895,0.0,0.8743483424186707,0.0,0.0002044572465820238,0.0,0.8741438984870911,0.0,6.434022426605225,0.0,7.308370769023895,0.0,0.8721052408218384,0.0,0.0002044572465820238,0.0,0.3714917302131653,0.0,6.434022426605225,0.0,48.234512959141284,0.0,1.0,PD,ok,
0.001,0.001,0.1,0.1,0.1,0.0001,100.0,0.0,False,1,0.8743311166763306,0.0,0.00020554111688397825,0.0,0.874125599861145,0.0,6.44115686416626,0.0,7.31548798084259,0.0,0.8743311166763306,0.0,0.00020554111688397825,0.0,0.874125599861145,0.0,6.44115686416626,0.0,7.31548798084259,0.0,0.8721052408218384,0.0,0.00020554111688397825,0.0,0.3714917302131653,0.0,6.44115686416626,0.0,110.59695101063699,0.0,1.0,PD,ok,
0.001,0.0001,0.1,0.1,0.1,0.0001,100.0,0.0,False,1,0.8743297457695007,0.0,0.00020559580298140645,0.0,0.8741241693496704,0.0,6.441964626312256,0.0,7.316294372081757,0.0,0.8743297457695007,0.0,0.00020559580298140645,0.0,0.8741241693496704,0.0,6.441964626312256,0.0,7.316294372081757,0.0,0.8721052408218384,0.0,0.00020559580298140645,0.0,0.3714917302131653,0.0,6.441964626312256,0.0,103.40809640847147,0.0,1.0,PD,ok,
0.001,0.01,0.1,0.01,0.1,0.0001,100.0,0.0,False,1,0.8742140531539917,0.0,0.00021281234512571245,0.0,0.8740012645721436,0.0,6.419775009155273,0.0,7.293989062309265,0.0,0.8742140531539917,0.0,0.00021281234512571245,0.0,0.8740012645721436,0.0,6.419775009155273,0.0,7.293989062309265,0.0,0.8721052408218384,0.0,0.00021281234512571245,0.0,0.3714917302131653,0.0,6.419775009155273,0.0,48.29303369205445,0.0,1.0,PD,ok,
0.001,0.01,0.1,0.001,0.1,0.0001,100.0,0.0,False,1,0.8742013573646545,0.0,0.0002136269904440269,0.0,0.8739877343177795,0.0,6.418400287628174,0.0,7.292601644992828,0.0,0.8742013573646545,0.0,0.0002136269904440269,0.0,0.8739877343177795,0.0,6.418400287628174,0.0,7.292601644992828,0.0,0.8721052408218384,0.0,0.0002136269904440269,0.0,0.3714917302131653,0.0,6.418400287628174,0.0,48.02422404382378,0.0,1.0,PD,ok,
0.001,0.001,0.1,0.01,0.1,0.0001,100.0,0.0,False,1,0.8741970062255859,0.0,0.00021389273751992732,0.0,0.8739830851554871,0.0,6.42695426940918,0.0,7.301151275634766,0.0,0.8741970062255859,0.0,0.00021389273751992732,0.0,0.8739830851554871,0.0,6.42695426940918,0.0,7.301151275634766,0.0,0.8721052408218384,0.0,0.00021389273751992732,0.0,0.3714917302131653,0.0,6.42695426940918,0.0,108.4445008682087,0.0,1.0,PD,ok,
0.001,0.0001,0.1,0.01,0.1,0.0001,100.0,0.0,False,1,0.8741941452026367,0.0,0.0002140810393029824,0.0,0.8739800453186035,0.0,6.427535057067871,0.0,7.301729202270508,0.0,0.8741941452026367,0.0,0.0002140810393029824,0.0,0.8739800453186035,0.0,6.427535057067871,0.0,7.301729202270508,0.0,0.8721052408218384,0.0,0.0002140810393029824,0.0,0.3714917302131653,0.0,6.427535057067871,0.0,106.88362404610962,0.0,1.0,PD,ok,
0.001,0.001,0.1,0.001,0.1,0.0001,100.0,0.0,False,1,0.8741825819015503,0.0,0.00021481864678207785,0.0,0.8739677667617798,0.0,6.4253973960876465,0.0,7.299579977989197,0.0,0.8741825819015503,0.0,0.00021481864678207785,0.0,0.8739677667617798,0.0,6.4253973960876465,0.0,7.299579977989197,0.0,0.8721052408218384,0.0,0.00021481864678207785,0.0,0.3714917302131653,0.0,6.4253973960876465,0.0,109.92165384115651,0.0,1.0,PD,ok,
0.001,0.0001,0.1,0.001,0.1,0.0001,100.0,0.0,False,1,0.8741809129714966,0.0,0.00021493309759534895,0.0,0.8739659786224365,0.0,6.426104545593262,0.0,7.300285458564758,0.0,0.8741809129714966,0.0,0.00021493309759534895,0.0,0.8739659786224365,0.0,6.426104545593262,0.0,7.300285458564758,0.0,0.8721052408218384,0.0,0.00021493309759534895,0.0,0.3714917302131653,0.0,6.426104545593262,0.0,113.26344708399847,0.0,1.0,PD,ok,
0.001,0.1,0.01,0.1,0.1,0.001,100.0,0.0,False,1,0.8141106963157654,0.0,0.0003250633308198303,0.0,0.8137856125831604,0.0,1.5049062967300415,0.0,2.319016993045807,0.0,0.8141106963157654,0.0,0.0003250633308198303,0.0,0.8137856125831604,0.0,1.5049062967300415,0.0,2.319016993045807,0.0,0.8141106963157654,0.0,0.0003250633308198303,0.0,0.3714917302131653,0.0,1.5049062967300415,0.0,48.0485994820483,0.0,1.0,PD,ok,
0.001,0.1,0.01,0.01,0.1,0.001,100.0,0.0,False,1,0.8139629364013672,0.0,0.0003519419115036726,0.0,0.8136109709739685,0.0,1.5049062967300415,0.0,2.3188692331314087,0.0,0.8139629364013672,0.0,0.0003519419115036726,0.0,0.8136109709739685,0.0,1.5049062967300415,0.0,2.3188692331314087,0.0,0.8139629364013672,0.0,0.0003519419115036726,0.0,0.3714917302131653,0.0,1.5049062967300415,0.0,48.03978500980884,0.0,1.0,PD,ok,
0.001,0.1,0.01,0.001,0.1,0.001,100.0,0.0,False,1,0.8139480948448181,0.0,0.00035467109410092235,0.0,0.8135934472084045,0.0,1.5049062967300415,0.0,2.3188543915748596,0.0,0.8139480948448181,0.0,0.00035467109410092235,0.0,0.8135934472084045,0.0,1.5049062967300415,0.0,2.3188543915748596,0.0,0.8139480948448181,0.0,0.00035467109410092235,0.0,0.3714917302131653,0.0,1.5049062967300415,0.0,48.18758054729551,0.0,1.0,PD,ok,
0.001,0.01,0.01,0.1,0.1,0.001,100.0,0.0,False,1,0.8138706684112549,0.0,0.0003694860206451267,0.0,0.8135011792182922,0.0,1.5049062967300415,0.0,2.3187769651412964,0.0,0.8138706684112549,0.0,0.0003694860206451267,0.0,0.8135011792182922,0.0,1.5049062967300415,0.0,2.3187769651412964,0.0,0.8138706684112549,0.0,0.0003694860206451267,0.0,0.3714917302131653,0.0,1.5049062967300415,0.0,98.63634725799784,0.0,1.0,PD,ok,
0.001,0.001,0.01,0.1,0.1,0.001,100.0,0.0,False,1,0.8138474225997925,0.0,0.0003740531683433801,0.0,0.8134733438491821,0.0,1.5100586414337158,0.0,2.3239060640335083,0.0,0.8138474225997925,0.0,0.0003740531683433801,0.0,0.8134733438491821,0.0,1.5100586414337158,0.0,2.3239060640335083,0.0,0.8138474225997925,0.0,0.0003740531683433801,0.0,0.3714917302131653,0.0,1.5100586414337158,0.0,110.20373288495466,0.0,1.0,PD,ok,
0.001,0.0001,0.01,0.1,0.1,0.001,100.0,0.0,False,1,0.8138448596000671,0.0,0.0003745051799342036,0.0,0.8134703636169434,0.0,1.510682463645935,0.0,2.324527323246002,0.0,0.8138448596000671,0.0,0.0003745051799342036,0.0,0.8134703636169434,0.0,1.510682463645935,0.0,2.324527323246002,0.0,0.8138448596000671,0.0,0.0003745051799342036,0.0,0.3714917302131653,0.0,1.510682463645935,0.0,111.96644048346207,0.0,1.0,PD,ok,
0.001,0.01,0.01,0.01,0.1,0.001,100.0,0.0,False,1,0.813728928565979,0.0,0.0003976697043981403,0.0,0.8133312463760376,0.0,1.5049062967300415,0.0,2.3186352252960205,0.0,0.813728928565979,0.0,0.0003976697043981403,0.0,0.8133312463760376,0.0,1.5049062967300415,0.0,2.3186352252960205,0.0,0.813728928565979,0.0,0.0003976697043981403,0.0,0.3714917302131653,0.0,1.5049062967300415,0.0,101.9983377144672,0.0,1.0,PD,ok,
0.001,0.01,0.01,0.001,0.1,0.001,100.0,0.0,False,1,0.8137151598930359,0.0,0.00040053471457213163,0.0,0.8133146166801453,0.0,1.5049062967300415,0.0,2.3186214566230774,0.0,0.8137151598930359,0.0,0.00040053471457213163,0.0,0.8133146166801453,0.0,1.5049062967300415,0.0,2.3186214566230774,0.0,0.8137151598930359,0.0,0.00040053471457213163,0.0,0.3714917302131653,0.0,1.5049062967300415,0.0,107.26277169166133,0.0,1.0,PD,ok,
0.001,0.001,0.01,0.01,0.1,0.001,100.0,0.0,False,1,0.8137062788009644,0.0,0.00040236423956230283,0.0,0.8133038878440857,0.0,1.5049062967300415,0.0,2.318612575531006,0.0,0.8137062788009644,0.0,0.00040236423956230283,0.0,0.8133038878440857,0.0,1.5049062967300415,0.0,2.318612575531006,0.0,0.8137062788009644,0.0,0.00040236423956230283,0.0,0.3714917302131653,0.0,1.5049062967300415,0.0,107.64238681830466,0.0,1.0,PD,ok,
0.001,0.0001,0.01,0.01,0.1,0.001,100.0,0.0,False,1,0.8137039542198181,0.0,0.0004028354596812278,0.0,0.813301146030426,0.0,1.5049062967300415,0.0,2.3186102509498596,0.0,0.8137039542198181,0.0,0.0004028354596812278,0.0,0.813301146030426,0.0,1.5049062967300415,0.0,2.3186102509498596,0.0,0.8137039542198181,0.0,0.0004028354596812278,0.0,0.3714917302131653,0.0,1.5049062967300415,0.0,115.135332996957,0.0,1.0,PD,ok,
0.001,0.001,0.01,0.001,0.1,0.001,100.0,0.0,False,1,0.8136924505233765,0.0,0.0004052388248965144,0.0,0.8132871985435486,0.0,1.5049062967300415,0.0,2.318598747253418,0.0,0.8136924505233765,0.0,0.0004052388248965144,0.0,0.8132871985435486,0.0,1.5049062967300415,0.0,2.318598747253418,0.0,0.8136924505233765,0.0,0.0004052388248965144,0.0,0.3714917302131653,0.0,1.5049062967300415,0.0,109.67378511745483,0.0,1.0,PD,ok,
0.001,0.0001,0.01,0.001,0.1,0.001,100.0,0.0,False,1,0.8136900067329407,0.0,0.00040570934652350843,0.0,0.8132842779159546,0.0,1.5049062967300415,0.0,2.318596303462982,0.0,0.8136900067329407,0.0,0.00040570934652350843,0.0,0.8132842779159546,0.0,1.5049062967300415,0.0,2.318596303462982,0.0,0.8136900067329407,0.0,0.00040570934652350843,0.0,0.3714917302131653,0.0,1.5049062967300415,0.0,125.18208552151918,0.0,1.0,PD,ok,
0.001,0.0001,0.001,0.001,0.1,0.0001,100.0,0.0,False,1,0.8700719475746155,0.0,0.0009514905977994204,0.0,0.8691204786300659,0.0,6.037581443786621,0.0,6.907653391361237,0.0,0.8700719475746155,0.0,0.0009514905977994204,0.0,0.8691204786300659,0.0,6.037581443786621,0.0,6.907653391361237,0.0,0.8700719475746155,0.0,0.0009514905977994204,0.0,0.3714917302131653,0.0,6.037581443786621,0.0,141.64824907295406,0.0,1.0,PD,ok,
0.001,0.001,0.001,0.001,0.1,0.0001,100.0,0.0,False,1,0.8700740337371826,0.0,0.0009517257567495108,0.0,0.869122326374054,0.0,6.036879062652588,0.0,6.9069530963897705,0.0,0.8700740337371826,0.0,0.0009517257567495108,0.0,0.869122326374054,0.0,6.036879062652588,0.0,6.9069530963897705,0.0,0.8700740337371826,0.0,0.0009517257567495108,0.0,0.3714917302131653,0.0,6.036879062652588,0.0,106.33189798844978,0.0,1.0,PD,ok,
0.001,0.0001,0.001,0.01,0.1,0.0001,100.0,0.0,False,1,0.8700867891311646,0.0,0.0009530575480312109,0.0,0.869133710861206,0.0,6.03890323638916,0.0,6.908990025520325,0.0,0.8700867891311646,0.0,0.0009530575480312109,0.0,0.869133710861206,0.0,6.03890323638916,0.0,6.908990025520325,0.0,0.8700867891311646,0.0,0.0009530575480312109,0.0,0.3714917302131653,0.0,6.03890323638916,0.0,117.40279408125207,0.0,1.0,PD,ok,
0.001,0.001,0.001,0.01,0.1,0.0001,100.0,0.0,False,1,0.8700898885726929,0.0,0.0009533849079161882,0.0,0.8691365122795105,0.0,6.0382843017578125,0.0,6.908374190330505,0.0,0.8700898885726929,0.0,0.0009533849079161882,0.0,0.8691365122795105,0.0,6.0382843017578125,0.0,6.908374190330505,0.0,0.8700898885726929,0.0,0.0009533849079161882,0.0,0.3714917302131653,0.0,6.0382843017578125,0.0,106.03028943343088,0.0,1.0,PD,ok,
0.001,0.01,0.001,0.001,0.1,0.0001,100.0,0.0,False,1,0.8701000213623047,0.0,0.0009544601780362427,0.0,0.8691455721855164,0.0,6.0301971435546875,0.0,6.900297164916992,0.0,0.8701000213623047,0.0,0.0009544601780362427,0.0,0.8691455721855164,0.0,6.0301971435546875,0.0,6.900297164916992,0.0,0.8701000213623047,0.0,0.0009544601780362427,0.0,0.3714917302131653,0.0,6.0301971435546875,0.0,109.64701247168705,0.0,1.0,PD,ok,
0.001,0.01,0.001,0.01,0.1,0.0001,100.0,0.0,False,1,0.8701151609420776,0.0,0.0009560557664372027,0.0,0.8691591024398804,0.0,6.031538963317871,0.0,6.901654124259949,0.0,0.8701151609420776,0.0,0.0009560557664372027,0.0,0.8691591024398804,0.0,6.031538963317871,0.0,6.901654124259949,0.0,0.8701151609420776,0.0,0.0009560557664372027,0.0,0.3714917302131653,0.0,6.031538963317871,0.0,107.36598692741245,0.0,1.0,PD,ok,
0.001,0.0001,0.001,0.1,0.1,0.0001,100.0,0.0,False,1,0.8702396750450134,0.0,0.0009692634921520948,0.0,0.869270384311676,0.0,6.05255651473999,0.0,6.922796189785004,0.0,0.8702396750450134,0.0,0.0009692634921520948,0.0,0.869270384311676,0.0,6.05255651473999,0.0,6.922796189785004,0.0,0.8702396750450134,0.0,0.0009692634921520948,0.0,0.3714917302131653,0.0,6.05255651473999,0.0,118.15456511219963,0.0,1.0,PD,ok,
0.001,0.001,0.001,0.1,0.1,0.0001,100.0,0.0,False,1,0.8702420592308044,0.0,0.0009695381158962846,0.0,0.8692725300788879,0.0,6.051883697509766,0.0,6.92212575674057,0.0,0.8702420592308044,0.0,0.0009695381158962846,0.0,0.8692725300788879,0.0,6.051883697509766,0.0,6.92212575674057,0.0,0.8702420592308044,0.0,0.0009695381158962846,0.0,0.3714917302131653,0.0,6.051883697509766,0.0,108.57554498827085,0.0,1.0,PD,ok,
0.001,0.01,0.001,0.1,0.1,0.0001,100.0,0.0,False,1,0.8702681660652161,0.0,0.0009722868562676013,0.0,0.8692958950996399,0.0,6.045190811157227,0.0,6.915458977222443,0.0,0.8702681660652161,0.0,0.0009722868562676013,0.0,0.8692958950996399,0.0,6.045190811157227,0.0,6.915458977222443,0.0,0.8702681660652161,0.0,0.0009722868562676013,0.0,0.3714917302131653,0.0,6.045190811157227,0.0,109.98788866540417,0.0,1.0,PD,ok,
0.001,0.1,0.001,0.001,0.1,0.0001,100.0,0.0,False,1,0.8703573346138,0.0,0.0009818000253289938,0.0,0.8693755269050598,0.0,5.963151454925537,0.0,6.833508789539337,0.0,0.8703573346138,0.0,0.0009818000253289938,0.0,0.8693755269050598,0.0,5.963151454925537,0.0,6.833508789539337,0.0,0.8703573346138,0.0,0.0009818000253289938,0.0,0.3714917302131653,0.0,5.963151454925537,0.0,48.04173998860642,0.0,1.0,PD,ok,
0.001,0.1,0.001,0.01,0.1,0.0001,100.0,0.0,False,1,0.8703725337982178,0.0,0.0009834589436650276,0.0,0.8693890571594238,0.0,5.964530944824219,0.0,6.8349034786224365,0.0,0.8703725337982178,0.0,0.0009834589436650276,0.0,0.8693890571594238,0.0,5.964530944824219,0.0,6.8349034786224365,0.0,0.8703725337982178,0.0,0.0009834589436650276,0.0,0.3714917302131653,0.0,5.964530944824219,0.0,48.14956158446148,0.0,1.0,PD,ok,
0.001,0.1,0.001,0.1,0.1,0.0001,100.0,0.0,False,1,0.870526909828186,0.0,0.001000006916001439,0.0,0.8695269227027893,0.0,5.978292942047119,0.0,6.848819851875305,0.0,0.870526909828186,0.0,0.001000006916001439,0.0,0.8695269227027893,0.0,5.978292942047119,0.0,6.848819851875305,0.0,0.870526909828186,0.0,0.001000006916001439,0.0,0.3714917302131653,0.0,5.978292942047119,0.0,48.264010234735906,0.0,1.0,PD,ok,
0.001,0.0001,0.001,0.001,0.001,0.01,100.0,0.0,False,1,0.6174430847167969,0.0,0.0013362664030864835,0.0,0.6161068081855774,0.0,1.6919046640396118,0.0,2.3093477487564087,0.0,0.6174430847167969,0.0,0.0013362664030864835,0.0,0.6161068081855774,0.0,1.6919046640396118,0.0,2.3093477487564087,0.0,0.6174430847167969,0.0,0.0013362664030864835,0.0,0.3714917302131653,0.0,1.6919046640396118,0.0,141.24040183564648,0.0,1.0,PD,ok,
0.001,0.001,0.001,0.001,0.001,0.01,100.0,0.0,False,1,0.6174443960189819,0.0,0.0013362838653847575,0.0,0.6161081194877625,0.0,1.6918799877166748,0.0,2.3093243837356567,0.0,0.6174443960189819,0.0,0.0013362838653847575,0.0,0.6161081194877625,0.0,1.6918799877166748,0.0,2.3093243837356567,0.0,0.6174443960189819,0.0,0.0013362838653847575,0.0,0.3714917302131653,0.0,1.6918799877166748,0.0,106.29688045429066,0.0,1.0,PD,ok,
0.001,0.01,0.001,0.001,0.001,0.01,100.0,0.0,False,1,0.6174592971801758,0.0,0.0013364650076255202,0.0,0.616122841835022,0.0,1.6916308403015137,0.0,2.3090901374816895,0.0,0.6174592971801758,0.0,0.0013364650076255202,0.0,0.616122841835022,0.0,1.6916308403015137,0.0,2.3090901374816895,0.0,0.6174592971801758,0.0,0.0013364650076255202,0.0,0.3714917302131653,0.0,1.6916308403015137,0.0,107.67770347557962,0.0,1.0,PD,ok,
0.001,0.1,0.001,0.001,0.001,0.01,100.0,0.0,False,1,0.6176244616508484,0.0,0.0013368776999413967,0.0,0.6162875890731812,0.0,1.6890339851379395,0.0,2.306658446788788,0.0,0.6176244616508484,0.0,0.0013368776999413967,0.0,0.6162875890731812,0.0,1.6890339851379395,0.0,2.306658446788788,0.0,0.6176244616508484,0.0,0.0013368776999413967,0.0,0.3714917302131653,0.0,1.6890339851379395,0.0,48.135297529865056,0.0,1.0,PD,ok,
0.001,0.1,0.001,0.01,0.001,0.01,100.0,0.0,False,1,0.6164168119430542,0.0,0.001359240966849029,0.0,0.6150575876235962,0.0,1.6886944770812988,0.0,2.305111289024353,0.0,0.6164168119430542,0.0,0.001359240966849029,0.0,0.6150575876235962,0.0,1.6886944770812988,0.0,2.305111289024353,0.0,0.6164168119430542,0.0,0.001359240966849029,0.0,0.3714917302131653,0.0,1.6886944770812988,0.0,47.94172769645229,0.0,1.0,PD,ok,
0.001,0.0001,0.001,0.01,0.001,0.01,100.0,0.0,False,1,0.6162286400794983,0.0,0.0013594967313110828,0.0,0.6148691177368164,0.0,1.6915912628173828,0.0,2.307819902896881,0.0,0.6162286400794983,0.0,0.0013594967313110828,0.0,0.6148691177368164,0.0,1.6915912628173828,0.0,2.307819902896881,0.0,0.6162286400794983,0.0,0.0013594967313110828,0.0,0.3714917302131653,0.0,1.6915912628173828,0.0,141.97617998719215,0.0,1.0,PD,ok,
0.001,0.001,0.001,0.01,0.001,0.01,100.0,0.0,False,1,0.6162301898002625,0.0,0.001359510701149702,0.0,0.6148706674575806,0.0,1.6915664672851562,0.0,2.3077966570854187,0.0,0.6162301898002625,0.0,0.001359510701149702,0.0,0.6148706674575806,0.0,1.6915664672851562,0.0,2.3077966570854187,0.0,0.6162301898002625,0.0,0.001359510701149702,0.0,0.3714917302131653,0.0,1.6915664672851562,0.0,108.68206928204745,0.0,1.0,PD,ok,
0.001,0.01,0.001,0.01,0.001,0.01,100.0,0.0,False,1,0.6162453293800354,0.0,0.001359616406261921,0.0,0.614885687828064,0.0,1.6913152933120728,0.0,2.307560622692108,0.0,0.6162453293800354,0.0,0.001359616406261921,0.0,0.614885687828064,0.0,1.6913152933120728,0.0,2.307560622692108,0.0,0.6162453293800354,0.0,0.001359616406261921,0.0,0.3714917302131653,0.0,1.6913152933120728,0.0,110.00938224047422,0.0,1.0,PD,ok,
0.001,0.1,0.1,0.1,0.1,0.001,100.0,0.0,False,1,0.8140696883201599,0.0,0.0014119109837338328,0.0,0.8126577734947205,0.0,1.6359302997589111,0.0,2.449999988079071,0.0,0.8140696883201599,0.0,0.0014119109837338328,0.0,0.8126577734947205,0.0,1.6359302997589111,0.0,2.449999988079071,0.0,0.8140696883201599,0.0,0.0014119109837338328,0.0,0.3714917302131653,0.0,1.6359302997589111,0.0,43.913373643066734,0.0,1.0,PD,ok,
0.001,0.01,0.1,0.1,0.1,0.001,100.0,0.0,False,1,0.8138679265975952,0.0,0.001452363678254187,0.0,0.8124155402183533,0.0,1.6939855813980103,0.0,2.5078535079956055,0.0,0.8138679265975952,0.0,0.001452363678254187,0.0,0.8124155402183533,0.0,1.6939855813980103,0.0,2.5078535079956055,0.0,0.8138679265975952,0.0,0.001452363678254187,0.0,0.3714917302131653,0.0,1.6939855813980103,0.0,48.06786994310096,0.0,1.0,PD,ok,
0.001,0.001,0.1,0.1,0.1,0.001,100.0,0.0,False,1,0.8138538002967834,0.0,0.0014563408913090825,0.0,0.8123974800109863,0.0,1.6998441219329834,0.0,2.513697922229767,0.0,0.8138538002967834,0.0,0.0014563408913090825,0.0,0.8123974800109863,0.0,1.6998441219329834,0.0,2.513697922229767,0.0,0.8138538002967834,0.0,0.0014563408913090825,0.0,0.3714917302131653,0.0,1.6998441219329834,0.0,110.60981836728752,0.0,1.0,PD,ok,
0.001,0.0001,0.1,0.1,0.1,0.001,100.0,0.0,False,1,0.8138523101806641,0.0,0.0014567343750968575,0.0,0.8123955726623535,0.0,1.7004326581954956,0.0,2.5142849683761597,0.0,0.8138523101806641,0.0,0.0014567343750968575,0.0,0.8123955726623535,0.0,1.7004326581954956,0.0,2.5142849683761597,0.0,0.8138523101806641,0.0,0.0014567343750968575,0.0,0.3714917302131653,0.0,1.7004326581954956,0.0,103.71295888070017,0.0,1.0,PD,ok,
0.001,0.1,0.001,0.1,0.001,0.01,100.0,0.0,False,1,0.6030137538909912,0.0,0.0016234215581789613,0.0,0.6013903617858887,0.0,1.6859846115112305,0.0,2.2889983654022217,0.0,0.6030137538909912,0.0,0.0016234215581789613,0.0,0.6013903617858887,0.0,1.6859846115112305,0.0,2.2889983654022217,0.0,0.6030137538909912,0.0,0.0016234215581789613,0.0,0.3714917302131653,0.0,1.6859846115112305,0.0,48.04955674894154,0.0,1.0,PD,ok,
0.001,0.01,0.001,0.1,0.001,0.01,100.0,0.0,False,1,0.6027185916900635,0.0,0.00163445551879704,0.0,0.6010841131210327,0.0,1.6888954639434814,0.0,2.291614055633545,0.0,0.6027185916900635,0.0,0.00163445551879704,0.0,0.6010841131210327,0.0,1.6888954639434814,0.0,2.291614055633545,0.0,0.6027185916900635,0.0,0.00163445551879704,0.0,0.3714917302131653,0.0,1.6888954639434814,0.0,109.84958737390116,0.0,1.0,PD,ok,
0.001,0.001,0.001,0.1,0.001,0.01,100.0,0.0,False,1,0.6026929020881653,0.0,0.001635343418456614,0.0,0.6010575294494629,0.0,1.6891746520996094,0.0,2.2918675541877747,0.0,0.6026929020881653,0.0,0.001635343418456614,0.0,0.6010575294494629,0.0,1.6891746520996094,0.0,2.2918675541877747,0.0,0.6026929020881653,0.0,0.001635343418456614,0.0,0.3714917302131653,0.0,1.6891746520996094,0.0,108.69553139153868,0.0,1.0,PD,ok,
0.001,0.0001,0.001,0.1,0.001,0.01,100.0,0.0,False,1,0.6026905179023743,0.0,0.0016354233957827091,0.0,0.6010550856590271,0.0,1.6892027854919434,0.0,2.2918933033943176,0.0,0.6026905179023743,0.0,0.0016354233957827091,0.0,0.6010550856590271,0.0,1.6892027854919434,0.0,2.2918933033943176,0.0,0.6026905179023743,0.0,0.0016354233957827091,0.0,0.3714917302131653,0.0,1.6892027854919434,0.0,117.01218620175496,0.0,1.0,PD,ok,
0.001,0.1,0.01,0.001,0.001,0.01,100.0,0.0,False,1,0.5961781740188599,0.0,0.0024091305676847696,0.0,0.5937690138816833,0.0,1.6884267330169678,0.0,2.2846049070358276,0.0,0.5961781740188599,0.0,0.0024091305676847696,0.0,0.5937690138816833,0.0,1.6884267330169678,0.0,2.2846049070358276,0.0,0.5961781740188599,0.0,0.0024091305676847696,0.0,0.3714917302131653,0.0,1.6884267330169678,0.0,48.3800140209496,0.0,1.0,PD,ok,
0.001,0.01,0.01,0.001,0.001,0.01,100.0,0.0,False,1,0.5958255529403687,0.0,0.002421667566522956,0.0,0.5934038758277893,0.0,1.6911317110061646,0.0,2.286957263946533,0.0,0.5958255529403687,0.0,0.002421667566522956,0.0,0.5934038758277893,0.0,1.6911317110061646,0.0,2.286957263946533,0.0,0.5958255529403687,0.0,0.002421667566522956,0.0,0.3714917302131653,0.0,1.6911317110061646,0.0,107.24630101025105,0.0,1.0,PD,ok,
0.001,0.001,0.01,0.001,0.001,0.01,100.0,0.0,False,1,0.5957935452461243,0.0,0.0024226815439760685,0.0,0.5933708548545837,0.0,1.6913909912109375,0.0,2.2871845364570618,0.0,0.5957935452461243,0.0,0.0024226815439760685,0.0,0.5933708548545837,0.0,1.6913909912109375,0.0,2.2871845364570618,0.0,0.5957935452461243,0.0,0.0024226815439760685,0.0,0.3714917302131653,0.0,1.6913909912109375,0.0,107.51325457915664,0.0,1.0,PD,ok,
0.001,0.0001,0.01,0.001,0.001,0.01,100.0,0.0,False,1,0.5957900881767273,0.0,0.002422771416604519,0.0,0.593367338180542,0.0,1.6914170980453491,0.0,2.2872071862220764,0.0,0.5957900881767273,0.0,0.002422771416604519,0.0,0.593367338180542,0.0,1.6914170980453491,0.0,2.2872071862220764,0.0,0.5957900881767273,0.0,0.002422771416604519,0.0,0.3714917302131653,0.0,1.6914170980453491,0.0,124.6259225900285,0.0,1.0,PD,ok,
0.001,0.1,0.01,0.01,0.001,0.01,100.0,0.0,False,1,0.59502774477005,0.0,0.002436098176985979,0.0,0.5925916433334351,0.0,1.6882574558258057,0.0,2.2832852005958557,0.0,0.59502774477005,0.0,0.002436098176985979,0.0,0.5925916433334351,0.0,1.6882574558258057,0.0,2.2832852005958557,0.0,0.59502774477005,0.0,0.002436098176985979,0.0,0.3714917302131653,0.0,1.6882574558258057,0.0,48.242256014142185,0.0,1.0,PD,ok,
0.001,0.01,0.01,0.01,0.001,0.01,100.0,0.0,False,1,0.5946701169013977,0.0,0.002449844963848591,0.0,0.5922202467918396,0.0,1.690977931022644,0.0,2.2856480479240417,0.0,0.5946701169013977,0.0,0.002449844963848591,0.0,0.5922202467918396,0.0,1.690977931022644,0.0,2.2856480479240417,0.0,0.5946701169013977,0.0,0.002449844963848591,0.0,0.3714917302131653,0.0,1.690977931022644,0.0,107.64528933027759,0.0,1.0,PD,ok,
0.001,0.001,0.01,0.01,0.001,0.01,100.0,0.0,False,1,0.5946366190910339,0.0,0.0024509630165994167,0.0,0.5921856760978699,0.0,1.6912394762039185,0.0,2.2858760952949524,0.0,0.5946366190910339,0.0,0.0024509630165994167,0.0,0.5921856760978699,0.0,1.6912394762039185,0.0,2.2858760952949524,0.0,0.5946366190910339,0.0,0.0024509630165994167,0.0,0.3714917302131653,0.0,1.6912394762039185,0.0,109.74582098564133,0.0,1.0,PD,ok,
0.001,0.0001,0.01,0.01,0.001,0.01,100.0,0.0,False,1,0.5946334004402161,0.0,0.002451077802106738,0.0,0.5921823382377625,0.0,1.691265344619751,0.0,2.285898745059967,0.0,0.5946334004402161,0.0,0.002451077802106738,0.0,0.5921823382377625,0.0,1.691265344619751,0.0,2.285898745059967,0.0,0.5946334004402161,0.0,0.002451077802106738,0.0,0.3714917302131653,0.0,1.691265344619751,0.0,125.79554483108222,0.0,1.0,PD,ok,
0.001,0.1,0.01,0.1,0.001,0.01,100.0,0.0,False,1,0.582715630531311,0.0,0.002737468807026744,0.0,0.5799781680107117,0.0,1.6865601539611816,0.0,2.2692757844924927,0.0,0.582715630531311,0.0,0.002737468807026744,0.0,0.5799781680107117,0.0,1.6865601539611816,0.0,2.2692757844924927,0.0,0.582715630531311,0.0,0.002737468807026744,0.0,0.3714917302131653,0.0,1.6865601539611816,0.0,48.16384732816368,0.0,1.0,PD,ok,
0.001,0.01,0.01,0.1,0.001,0.01,100.0,0.0,False,1,0.5824148058891296,0.0,0.0027658622711896896,0.0,0.5796489715576172,0.0,1.689453363418579,0.0,2.2718681693077087,0.0,0.5824148058891296,0.0,0.0027658622711896896,0.0,0.5796489715576172,0.0,1.689453363418579,0.0,2.2718681693077087,0.0,0.5824148058891296,0.0,0.0027658622711896896,0.0,0.3714917302131653,0.0,1.689453363418579,0.0,100.17394624464214,0.0,1.0,PD,ok,
0.001,0.001,0.01,0.1,0.001,0.01,100.0,0.0,False,1,0.5823881030082703,0.0,0.0027683801017701626,0.0,0.5796197056770325,0.0,1.6897308826446533,0.0,2.2721189856529236,0.0,0.5823881030082703,0.0,0.0027683801017701626,0.0,0.5796197056770325,0.0,1.6897308826446533,0.0,2.2721189856529236,0.0,0.5823881030082703,0.0,0.0027683801017701626,0.0,0.3714917302131653,0.0,1.6897308826446533,0.0,110.04901801841334,0.0,1.0,PD,ok,
0.001,0.0001,0.01,0.1,0.001,0.01,100.0,0.0,False,1,0.5823853015899658,0.0,0.0027686310932040215,0.0,0.5796166658401489,0.0,1.68975830078125,0.0,2.272143602371216,0.0,0.5823853015899658,0.0,0.0027686310932040215,0.0,0.5796166658401489,0.0,1.68975830078125,0.0,2.272143602371216,0.0,0.5823853015899658,0.0,0.0027686310932040215,0.0,0.3714917302131653,0.0,1.68975830078125,0.0,112.35179998213425,0.0,1.0,PD,ok,
0.001,0.1,0.1,0.1,0.01,0.0001,100.0,0.0,False,1,0.8960522413253784,0.0,0.002770789200440049,0.0,0.8932814598083496,0.0,9.39256477355957,0.0,10.288617014884949,0.0,0.8960522413253784,0.0,0.002770789200440049,0.0,0.8932814598083496,0.0,9.39256477355957,0.0,10.288617014884949,0.0,0.8721052408218384,0.0,0.002770789200440049,0.0,0.3714917302131653,0.0,9.39256477355957,0.0,44.71420928975567,0.0,1.0,PD,ok,
0.001,0.1,0.1,0.01,0.01,0.0001,100.0,0.0,False,1,0.8959447145462036,0.0,0.002796281361952424,0.0,0.8931484222412109,0.0,9.379255294799805,0.0,10.275200009346008,0.0,0.8959447145462036,0.0,0.002796281361952424,0.0,0.8931484222412109,0.0,9.379255294799805,0.0,10.275200009346008,0.0,0.8721052408218384,0.0,0.002796281361952424,0.0,0.3714917302131653,0.0,9.379255294799805,0.0,48.311578256543726,0.0,1.0,PD,ok,
0.001,0.1,0.1,0.001,0.01,0.0001,100.0,0.0,False,1,0.8959342241287231,0.0,0.00279881595633924,0.0,0.8931354284286499,0.0,9.377938270568848,0.0,10.27387249469757,0.0,0.8959342241287231,0.0,0.00279881595633924,0.0,0.8931354284286499,0.0,9.377938270568848,0.0,10.27387249469757,0.0,0.8721052408218384,0.0,0.00279881595633924,0.0,0.3714917302131653,0.0,9.377938270568848,0.0,48.008903639391065,0.0,1.0,PD,ok,
0.001,0.1,0.01,0.1,0.01,0.0001,100.0,0.0,False,1,0.8959307074546814,0.0,0.0027996175922453403,0.0,0.8931310772895813,0.0,9.377517700195312,0.0,10.273448407649994,0.0,0.8959307074546814,0.0,0.0027996175922453403,0.0,0.8931310772895813,0.0,9.377517700195312,0.0,10.273448407649994,0.0,0.8721052408218384,0.0,0.0027996175922453403,0.0,0.3714917302131653,0.0,9.377517700195312,0.0,48.063132672104985,0.0,1.0,PD,ok,
0.001,0.1,0.001,0.1,0.01,0.0001,100.0,0.0,False,1,0.8959215879440308,0.0,0.00280178664252162,0.0,0.8931198120117188,0.0,9.376389503479004,0.0,10.272311091423035,0.0,0.8959215879440308,0.0,0.00280178664252162,0.0,0.8931198120117188,0.0,9.376389503479004,0.0,10.272311091423035,0.0,0.8721052408218384,0.0,0.00280178664252162,0.0,0.3714917302131653,0.0,9.376389503479004,0.0,48.1634206478484,0.0,1.0,PD,ok,
0.001,0.01,0.1,0.1,0.01,0.0001,100.0,0.0,False,1,0.8958808779716492,0.0,0.002811458660289645,0.0,0.8930694460868835,0.0,9.461366653442383,0.0,10.357247531414032,0.0,0.8958808779716492,0.0,0.002811458660289645,0.0,0.8930694460868835,0.0,9.461366653442383,0.0,10.357247531414032,0.0,0.8721052408218384,0.0,0.002811458660289645,0.0,0.3714917302131653,0.0,9.461366653442383,0.0,48.01051525492221,0.0,1.0,PD,ok,
0.001,0.001,0.1,0.1,0.01,0.0001,100.0,0.0,False,1,0.8958637714385986,0.0,0.002815555315464735,0.0,0.8930482268333435,0.0,9.468239784240723,0.0,10.364103555679321,0.0,0.8958637714385986,0.0,0.002815555315464735,0.0,0.8930482268333435,0.0,9.468239784240723,0.0,10.364103555679321,0.0,0.8721052408218384,0.0,0.002815555315464735,0.0,0.3714917302131653,0.0,9.468239784240723,0.0,110.2688342356123,0.0,1.0,PD,ok,
0.001,0.0001,0.1,0.1,0.01,0.0001,100.0,0.0,False,1,0.8958619832992554,0.0,0.0028159513603895903,0.0,0.8930460214614868,0.0,9.468937873840332,0.0,10.364799857139587,0.0,0.8958619832992554,0.0,0.0028159513603895903,0.0,0.8930460214614868,0.0,9.468937873840332,0.0,10.364799857139587,0.0,0.8721052408218384,0.0,0.0028159513603895903,0.0,0.3714917302131653,0.0,9.468937873840332,0.0,107.34191559022292,0.0,1.0,PD,ok,
0.001,0.1,0.01,0.01,0.01,0.0001,100.0,0.0,False,1,0.8958185315132141,0.0,0.0028263519052416086,0.0,0.8929921984672546,0.0,9.363655090332031,0.0,10.259473621845245,0.0,0.8958185315132141,0.0,0.0028263519052416086,0.0,0.8929921984672546,0.0,9.363655090332031,0.0,10.259473621845245,0.0,0.8721052408218384,0.0,0.0028263519052416086,0.0,0.3714917302131653,0.0,9.363655090332031,0.0,48.15670648077503,0.0,1.0,PD,ok,
0.001,0.1,0.001,0.01,0.01,0.0001,100.0,0.0,False,1,0.8958092927932739,0.0,0.0028286364395171404,0.0,0.8929806351661682,0.0,9.362475395202637,0.0,10.25828468799591,0.0,0.8958092927932739,0.0,0.0028286364395171404,0.0,0.8929806351661682,0.0,9.362475395202637,0.0,10.25828468799591,0.0,0.8721052408218384,0.0,0.0028286364395171404,0.0,0.3714917302131653,0.0,9.362475395202637,0.0,48.34224408073351,0.0,1.0,PD,ok,
0.001,0.1,0.01,0.001,0.01,0.0001,100.0,0.0,False,1,0.8958073258399963,0.0,0.0028290257323533297,0.0,0.892978310585022,0.0,9.362271308898926,0.0,10.258078634738922,0.0,0.8958073258399963,0.0,0.0028290257323533297,0.0,0.892978310585022,0.0,9.362271308898926,0.0,10.258078634738922,0.0,0.8721052408218384,0.0,0.0028290257323533297,0.0,0.3714917302131653,0.0,9.362271308898926,0.0,48.24980158591643,0.0,1.0,PD,ok,
0.001,0.1,0.001,0.001,0.01,0.0001,100.0,0.0,False,1,0.8957980871200562,0.0,0.0028313156217336655,0.0,0.8929667472839355,0.0,9.361089706420898,0.0,10.256887793540955,0.0,0.8957980871200562,0.0,0.0028313156217336655,0.0,0.8929667472839355,0.0,9.361089706420898,0.0,10.256887793540955,0.0,0.8721052408218384,0.0,0.0028313156217336655,0.0,0.3714917302131653,0.0,9.361089706420898,0.0,48.15613246709108,0.0,1.0,PD,ok,
0.001,0.01,0.1,0.01,0.01,0.0001,100.0,0.0,False,1,0.8957740664482117,0.0,0.002837062580510974,0.0,0.8929370045661926,0.0,9.448128700256348,0.0,10.34390276670456,0.0,0.8957740664482117,0.0,0.002837062580510974,0.0,0.8929370045661926,0.0,9.448128700256348,0.0,10.34390276670456,0.0,0.8721052408218384,0.0,0.002837062580510974,0.0,0.3714917302131653,0.0,9.448128700256348,0.0,48.17037430545315,0.0,1.0,PD,ok,
0.001,0.01,0.1,0.001,0.01,0.0001,100.0,0.0,False,1,0.8957636952400208,0.0,0.002839596476405859,0.0,0.8929240703582764,0.0,9.446818351745605,0.0,10.342582046985626,0.0,0.8957636952400208,0.0,0.002839596476405859,0.0,0.8929240703582764,0.0,9.446818351745605,0.0,10.342582046985626,0.0,0.8721052408218384,0.0,0.002839596476405859,0.0,0.3714917302131653,0.0,9.446818351745605,0.0,48.48234388278797,0.0,1.0,PD,ok,
0.001,0.001,0.1,0.01,0.01,0.0001,100.0,0.0,False,1,0.8957573771476746,0.0,0.002841126872226596,0.0,0.8929162621498108,0.0,9.45503044128418,0.0,10.350787818431854,0.0,0.8957573771476746,0.0,0.002841126872226596,0.0,0.8929162621498108,0.0,9.45503044128418,0.0,10.350787818431854,0.0,0.8721052408218384,0.0,0.002841126872226596,0.0,0.3714917302131653,0.0,9.45503044128418,0.0,108.42220431147143,0.0,1.0,PD,ok,
0.001,0.01,0.01,0.1,0.01,0.0001,100.0,0.0,False,1,0.8957568407058716,0.0,0.0028412642423063517,0.0,0.8929155468940735,0.0,9.44595718383789,0.0,10.341714024543762,0.0,0.8957568407058716,0.0,0.0028412642423063517,0.0,0.8929155468940735,0.0,9.44595718383789,0.0,10.341714024543762,0.0,0.8721052408218384,0.0,0.0028412642423063517,0.0,0.3714917302131653,0.0,9.44595718383789,0.0,99.9736181604676,0.0,1.0,PD,ok,
0.001,0.0001,0.1,0.01,0.01,0.0001,100.0,0.0,False,1,0.8957556486129761,0.0,0.002841539913788438,0.0,0.8929141163825989,0.0,9.455716133117676,0.0,10.351471781730652,0.0,0.8957556486129761,0.0,0.002841539913788438,0.0,0.8929141163825989,0.0,9.455716133117676,0.0,10.351471781730652,0.0,0.8721052408218384,0.0,0.002841539913788438,0.0,0.3714917302131653,0.0,9.455716133117676,0.0,107.05998175544664,0.0,1.0,PD,ok,
0.001,0.01,0.001,0.1,0.01,0.0001,100.0,0.0,False,1,0.895747721195221,0.0,0.002843469614163041,0.0,0.8929042220115662,0.0,9.444825172424316,0.0,10.340572893619537,0.0,0.895747721195221,0.0,0.002843469614163041,0.0,0.8929042220115662,0.0,9.444825172424316,0.0,10.340572893619537,0.0,0.8721052408218384,0.0,0.002843469614163041,0.0,0.3714917302131653,0.0,9.444825172424316,0.0,109.9257925846614,0.0,1.0,PD,ok,
0.001,0.001,0.1,0.001,0.01,0.0001,100.0,0.0,False,1,0.8957468271255493,0.0,0.002843688242137432,0.0,0.8929031491279602,0.0,9.45371150970459,0.0,10.34945833683014,0.0,0.8957468271255493,0.0,0.002843688242137432,0.0,0.8929031491279602,0.0,9.45371150970459,0.0,10.34945833683014,0.0,0.8721052408218384,0.0,0.002843688242137432,0.0,0.3714917302131653,0.0,9.45371150970459,0.0,109.49624247755855,0.0,1.0,PD,ok,
0.001,0.0001,0.1,0.001,0.01,0.0001,100.0,0.0,False,1,0.8957448601722717,0.0,0.002844092436134815,0.0,0.8929007649421692,0.0,9.454400062561035,0.0,10.350144922733307,0.0,0.8957448601722717,0.0,0.002844092436134815,0.0,0.8929007649421692,0.0,9.454400062561035,0.0,10.350144922733307,0.0,0.8721052408218384,0.0,0.002844092436134815,0.0,0.3714917302131653,0.0,9.454400062561035,0.0,109.41337785404176,0.0,1.0,PD,ok,
0.001,0.001,0.01,0.1,0.01,0.0001,100.0,0.0,False,1,0.8957396149635315,0.0,0.0028454659041017294,0.0,0.8928941488265991,0.0,9.45279312133789,0.0,10.348532736301422,0.0,0.8957396149635315,0.0,0.0028454659041017294,0.0,0.8928941488265991,0.0,9.45279312133789,0.0,10.348532736301422,0.0,0.8721052408218384,0.0,0.0028454659041017294,0.0,0.3714917302131653,0.0,9.45279312133789,0.0,109.8906116602011,0.0,1.0,PD,ok,
0.001,0.0001,0.01,0.1,0.01,0.0001,100.0,0.0,False,1,0.8957372903823853,0.0,0.0028458856977522373,0.0,0.8928914070129395,0.0,9.45347785949707,0.0,10.349215149879456,0.0,0.8957372903823853,0.0,0.0028458856977522373,0.0,0.8928914070129395,0.0,9.45347785949707,0.0,10.349215149879456,0.0,0.8721052408218384,0.0,0.0028458856977522373,0.0,0.3714917302131653,0.0,9.45347785949707,0.0,112.39352683583274,0.0,1.0,PD,ok,
0.001,0.001,0.001,0.1,0.01,0.0001,100.0,0.0,False,1,0.8957300782203674,0.0,0.0028476640582084656,0.0,0.8928824067115784,0.0,9.451659202575684,0.0,10.347389280796051,0.0,0.8957300782203674,0.0,0.0028476640582084656,0.0,0.8928824067115784,0.0,9.451659202575684,0.0,10.347389280796051,0.0,0.8721052408218384,0.0,0.0028476640582084656,0.0,0.3714917302131653,0.0,9.451659202575684,0.0,108.82289218204096,0.0,1.0,PD,ok,
0.001,0.0001,0.001,0.1,0.01,0.0001,100.0,0.0,False,1,0.8957284688949585,0.0,0.002848084084689617,0.0,0.892880380153656,0.0,9.45234489440918,0.0,10.348073363304138,0.0,0.8957284688949585,0.0,0.002848084084689617,0.0,0.892880380153656,0.0,9.45234489440918,0.0,10.348073363304138,0.0,0.8721052408218384,0.0,0.002848084084689617,0.0,0.3714917302131653,0.0,9.45234489440918,0.0,118.70668151928112,0.0,1.0,PD,ok,
0.001,0.01,0.01,0.01,0.01,0.0001,100.0,0.0,False,1,0.8956451416015625,0.0,0.002868172014132142,0.0,0.8927769660949707,0.0,9.43213176727295,0.0,10.327776908874512,0.0,0.8956451416015625,0.0,0.002868172014132142,0.0,0.8927769660949707,0.0,9.43213176727295,0.0,10.327776908874512,0.0,0.8721052408218384,0.0,0.002868172014132142,0.0,0.3714917302131653,0.0,9.43213176727295,0.0,102.19331239769235,0.0,1.0,PD,ok,
0.001,0.01,0.001,0.01,0.01,0.0001,100.0,0.0,False,1,0.8956358432769775,0.0,0.0028704532887786627,0.0,0.8927654027938843,0.0,9.430963516235352,0.0,10.326599359512329,0.0,0.8956358432769775,0.0,0.0028704532887786627,0.0,0.8927654027938843,0.0,9.430963516235352,0.0,10.326599359512329,0.0,0.8721052408218384,0.0,0.0028704532887786627,0.0,0.3714917302131653,0.0,9.430963516235352,0.0,107.37956756493077,0.0,1.0,PD,ok,
0.001,0.01,0.01,0.001,0.01,0.0001,100.0,0.0,False,1,0.8956342935562134,0.0,0.0028708684258162975,0.0,0.8927634358406067,0.0,9.430754661560059,0.0,10.326388955116272,0.0,0.8956342935562134,0.0,0.0028708684258162975,0.0,0.8927634358406067,0.0,9.430754661560059,0.0,10.326388955116272,0.0,0.8721052408218384,0.0,0.0028708684258162975,0.0,0.3714917302131653,0.0,9.430754661560059,0.0,107.58441295381635,0.0,1.0,PD,ok,
0.001,0.001,0.01,0.01,0.01,0.0001,100.0,0.0,False,1,0.895628035068512,0.0,0.002872373443096876,0.0,0.8927556872367859,0.0,9.438984870910645,0.0,10.334612905979156,0.0,0.895628035068512,0.0,0.002872373443096876,0.0,0.8927556872367859,0.0,9.438984870910645,0.0,10.334612905979156,0.0,0.8721052408218384,0.0,0.002872373443096876,0.0,0.3714917302131653,0.0,9.438984870910645,0.0,107.65392386959866,0.0,1.0,PD,ok,
0.001,0.0001,0.01,0.01,0.01,0.0001,100.0,0.0,False,1,0.8956263065338135,0.0,0.002872783225029707,0.0,0.892753541469574,0.0,9.43967342376709,0.0,10.335299730300903,0.0,0.8956263065338135,0.0,0.002872783225029707,0.0,0.892753541469574,0.0,9.43967342376709,0.0,10.335299730300903,0.0,0.8721052408218384,0.0,0.002872783225029707,0.0,0.3714917302131653,0.0,9.43967342376709,0.0,115.17742107063532,0.0,1.0,PD,ok,
0.001,0.01,0.001,0.001,0.01,0.0001,100.0,0.0,False,1,0.895624577999115,0.0,0.0028731729835271835,0.0,0.8927513957023621,0.0,9.429571151733398,0.0,10.325195729732513,0.0,0.895624577999115,0.0,0.0028731729835271835,0.0,0.8927513957023621,0.0,9.429571151733398,0.0,10.325195729732513,0.0,0.8721052408218384,0.0,0.0028731729835271835,0.0,0.3714917302131653,0.0,9.429571151733398,0.0,109.54043006012216,0.0,1.0,PD,ok,
0.001,0.001,0.001,0.01,0.01,0.0001,100.0,0.0,False,1,0.8956184983253479,0.0,0.0028746582102030516,0.0,0.8927438259124756,0.0,9.437812805175781,0.0,10.33343130350113,0.0,0.8956184983253479,0.0,0.0028746582102030516,0.0,0.8927438259124756,0.0,9.437812805175781,0.0,10.33343130350113,0.0,0.8721052408218384,0.0,0.0028746582102030516,0.0,0.3714917302131653,0.0,9.437812805175781,0.0,106.11604865221307,0.0,1.0,PD,ok,
0.001,0.001,0.01,0.001,0.01,0.0001,100.0,0.0,False,1,0.8956169486045837,0.0,0.002875072881579399,0.0,0.892741858959198,0.0,9.437601089477539,0.0,10.333218038082123,0.0,0.8956169486045837,0.0,0.002875072881579399,0.0,0.892741858959198,0.0,9.437601089477539,0.0,10.333218038082123,0.0,0.8721052408218384,0.0,0.002875072881579399,0.0,0.3714917302131653,0.0,9.437601089477539,0.0,109.45035196235403,0.0,1.0,PD,ok,
0.001,0.0001,0.001,0.01,0.01,0.0001,100.0,0.0,False,1,0.8956167101860046,0.0,0.002875083591789007,0.0,0.8927416205406189,0.0,9.438496589660645,0.0,10.33411329984665,0.0,0.8956167101860046,0.0,0.002875083591789007,0.0,0.8927416205406189,0.0,9.438496589660645,0.0,10.33411329984665,0.0,0.8721052408218384,0.0,0.002875083591789007,0.0,0.3714917302131653,0.0,9.438496589660645,0.0,118.13977829972282,0.0,1.0,PD,ok,
0.001,0.0001,0.01,0.001,0.01,0.0001,100.0,0.0,False,1,0.8956153392791748,0.0,0.00287547311745584,0.0,0.8927398920059204,0.0,9.4382963180542,0.0,10.333911657333374,0.0,0.8956153392791748,0.0,0.00287547311745584,0.0,0.8927398920059204,0.0,9.4382963180542,0.0,10.333911657333374,0.0,0.8721052408218384,0.0,0.00287547311745584,0.0,0.3714917302131653,0.0,9.4382963180542,0.0,124.67139887111261,0.0,1.0,PD,ok,
0.001,0.001,0.001,0.001,0.01,0.0001,100.0,0.0,False,1,0.8956072926521301,0.0,0.0028773725498467684,0.0,0.8927299380302429,0.0,9.436427116394043,0.0,10.332034409046173,0.0,0.8956072926521301,0.0,0.0028773725498467684,0.0,0.8927299380302429,0.0,9.436427116394043,0.0,10.332034409046173,0.0,0.8721052408218384,0.0,0.0028773725498467684,0.0,0.3714917302131653,0.0,9.436427116394043,0.0,108.89524018205702,0.0,1.0,PD,ok,
0.001,0.0001,0.001,0.001,0.01,0.0001,100.0,0.0,False,1,0.8956055045127869,0.0,0.0028777876868844032,0.0,0.8927277326583862,0.0,9.437112808227539,0.0,10.332718312740326,0.0,0.8956055045127869,0.0,0.0028777876868844032,0.0,0.8927277326583862,0.0,9.437112808227539,0.0,10.332718312740326,0.0,0.8721052408218384,0.0,0.0028777876868844032,0.0,0.3714917302131653,0.0,9.437112808227539,0.0,141.48936526244506,0.0,1.0,PD,ok,
0.001,0.1,0.1,0.1,0.01,0.01,100.0,0.0,False,1,0.589034378528595,0.0,0.0039694528095424175,0.0,0.5850649476051331,0.0,1.6539092063903809,0.0,2.242943584918976,0.0,0.589034378528595,0.0,0.0039694528095424175,0.0,0.5850649476051331,0.0,1.6539092063903809,0.0,2.242943584918976,0.0,0.589034378528595,0.0,0.0039694528095424175,0.0,0.3714917302131653,0.0,1.6539092063903809,0.0,44.4771374752745,0.0,1.0,PD,ok,
0.001,0.01,0.1,0.1,0.01,0.01,100.0,0.0,False,1,0.5882036685943604,0.0,0.004075774922966957,0.0,0.5841279029846191,0.0,1.6566641330718994,0.0,2.2448678016662598,0.0,0.5882036685943604,0.0,0.004075774922966957,0.0,0.5841279029846191,0.0,1.6566641330718994,0.0,2.2448678016662598,0.0,0.5882036685943604,0.0,0.004075774922966957,0.0,0.3714917302131653,0.0,1.6566641330718994,0.0,48.089871902018785,0.0,1.0,PD,ok,
0.001,0.001,0.1,0.1,0.01,0.01,100.0,0.0,False,1,0.5881249308586121,0.0,0.004085971042513847,0.0,0.5840389728546143,0.0,1.6569321155548096,0.0,2.2450570464134216,0.0,0.5881249308586121,0.0,0.004085971042513847,0.0,0.5840389728546143,0.0,1.6569321155548096,0.0,2.2450570464134216,0.0,0.5881249308586121,0.0,0.004085971042513847,0.0,0.3714917302131653,0.0,1.6569321155548096,0.0,110.3906877161935,0.0,1.0,PD,ok,
0.001,0.0001,0.1,0.1,0.01,0.01,100.0,0.0,False,1,0.5881170034408569,0.0,0.004086981527507305,0.0,0.584030032157898,0.0,1.6569591760635376,0.0,2.2450761795043945,0.0,0.5881170034408569,0.0,0.004086981527507305,0.0,0.584030032157898,0.0,1.6569591760635376,0.0,2.2450761795043945,0.0,0.5881170034408569,0.0,0.004086981527507305,0.0,0.3714917302131653,0.0,1.6569591760635376,0.0,103.77264213562012,0.0,1.0,PD,ok,
0.001,0.1,0.1,0.01,0.01,0.01,100.0,0.0,False,1,0.5899451375007629,0.0,0.004098640289157629,0.0,0.585846483707428,0.0,1.6564143896102905,0.0,2.2463595271110535,0.0,0.5899451375007629,0.0,0.004098640289157629,0.0,0.585846483707428,0.0,1.6564143896102905,0.0,2.2463595271110535,0.0,0.5899451375007629,0.0,0.004098640289157629,0.0,0.3714917302131653,0.0,1.6564143896102905,0.0,48.241079547442496,0.0,1.0,PD,ok,
0.001,0.1,0.1,0.001,0.01,0.01,100.0,0.0,False,1,0.5900312662124634,0.0,0.004112385679036379,0.0,0.5859189033508301,0.0,1.6566555500030518,0.0,2.246686816215515,0.0,0.5900312662124634,0.0,0.004112385679036379,0.0,0.5859189033508301,0.0,1.6566555500030518,0.0,2.246686816215515,0.0,0.5900312662124634,0.0,0.004112385679036379,0.0,0.3714917302131653,0.0,1.6566555500030518,0.0,48.12701321579516,0.0,1.0,PD,ok,
0.001,0.01,0.1,0.01,0.01,0.01,100.0,0.0,False,1,0.5891916751861572,0.0,0.0041961269453167915,0.0,0.5849955677986145,0.0,1.6590582132339478,0.0,2.248249888420105,0.0,0.5891916751861572,0.0,0.0041961269453167915,0.0,0.5849955677986145,0.0,1.6590582132339478,0.0,2.248249888420105,0.0,0.5891916751861572,0.0,0.0041961269453167915,0.0,0.3714917302131653,0.0,1.6590582132339478,0.0,48.07290046988055,0.0,1.0,PD,ok,
0.001,0.001,0.1,0.01,0.01,0.01,100.0,0.0,False,1,0.5891203284263611,0.0,0.004205411300063133,0.0,0.5849149227142334,0.0,1.6593152284622192,0.0,2.2484355568885803,0.0,0.5891203284263611,0.0,0.004205411300063133,0.0,0.5849149227142334,0.0,1.6593152284622192,0.0,2.2484355568885803,0.0,0.5891203284263611,0.0,0.004205411300063133,0.0,0.3714917302131653,0.0,1.6593152284622192,0.0,108.65172365587205,0.0,1.0,PD,ok,
0.001,0.0001,0.1,0.01,0.01,0.01,100.0,0.0,False,1,0.5891129374504089,0.0,0.004206311423331499,0.0,0.5849066376686096,0.0,1.6593414545059204,0.0,2.2484543919563293,0.0,0.5891129374504089,0.0,0.004206311423331499,0.0,0.5849066376686096,0.0,1.6593414545059204,0.0,2.2484543919563293,0.0,0.5891129374504089,0.0,0.004206311423331499,0.0,0.3714917302131653,0.0,1.6593414545059204,0.0,107.23757149698213,0.0,1.0,PD,ok,
0.001,0.01,0.1,0.001,0.01,0.01,100.0,0.0,False,1,0.589285135269165,0.0,0.0042089675553143024,0.0,0.5850761532783508,0.0,1.6592886447906494,0.0,2.2485737800598145,0.0,0.589285135269165,0.0,0.0042089675553143024,0.0,0.5850761532783508,0.0,1.6592886447906494,0.0,2.2485737800598145,0.0,0.589285135269165,0.0,0.0042089675553143024,0.0,0.3714917302131653,0.0,1.6592886447906494,0.0,47.94238511007279,0.0,1.0,PD,ok,
0.001,0.001,0.1,0.001,0.01,0.01,100.0,0.0,False,1,0.5892146229743958,0.0,0.004218174610286951,0.0,0.5849964618682861,0.0,1.6595444679260254,0.0,2.248759090900421,0.0,0.5892146229743958,0.0,0.004218174610286951,0.0,0.5849964618682861,0.0,1.6595444679260254,0.0,2.248759090900421,0.0,0.5892146229743958,0.0,0.004218174610286951,0.0,0.3714917302131653,0.0,1.6595444679260254,0.0,109.8287937734276,0.0,1.0,PD,ok,
0.001,0.0001,0.1,0.001,0.01,0.01,100.0,0.0,False,1,0.589207112789154,0.0,0.00421906728297472,0.0,0.5849880576133728,0.0,1.6595704555511475,0.0,2.2487775683403015,0.0,0.589207112789154,0.0,0.00421906728297472,0.0,0.5849880576133728,0.0,1.6595704555511475,0.0,2.2487775683403015,0.0,0.589207112789154,0.0,0.00421906728297472,0.0,0.3714917302131653,0.0,1.6595704555511475,0.0,109.16438414575532,0.0,1.0,PD,ok,
0.001,0.1,0.001,0.1,0.001,0.0001,100.0,0.0,False,1,0.5763962864875793,0.0,0.004958583042025566,0.0,0.5714377164840698,0.0,13.246286392211914,0.0,13.822682678699493,0.0,0.5763962864875793,0.0,0.004958583042025566,0.0,0.5714377164840698,0.0,13.246286392211914,0.0,13.822682678699493,0.0,0.5763962864875793,0.0,0.004958583042025566,0.0,0.3714917302131653,0.0,12.546406745910645,0.0,48.06913755601272,0.0,1.0,PD,ok,
0.001,0.1,0.001,0.01,0.001,0.0001,100.0,0.0,False,1,0.576305627822876,0.0,0.0049665928818285465,0.0,0.5713390111923218,0.0,13.211078643798828,0.0,13.787384271621704,0.0,0.576305627822876,0.0,0.0049665928818285465,0.0,0.5713390111923218,0.0,13.211078643798828,0.0,13.787384271621704,0.0,0.576305627822876,0.0,0.0049665928818285465,0.0,0.3714917302131653,0.0,12.546406745910645,0.0,48.13843720918521,0.0,1.0,PD,ok,
0.001,0.1,0.001,0.001,0.001,0.0001,100.0,0.0,False,1,0.5762964487075806,0.0,0.00496738962829113,0.0,0.5713290572166443,0.0,13.207572937011719,0.0,13.7838693857193,0.0,0.5762964487075806,0.0,0.00496738962829113,0.0,0.5713290572166443,0.0,13.207572937011719,0.0,13.7838693857193,0.0,0.5762964487075806,0.0,0.00496738962829113,0.0,0.3714917302131653,0.0,12.546406745910645,0.0,48.40747514460236,0.0,1.0,PD,ok,
0.001,0.01,0.001,0.1,0.001,0.0001,100.0,0.0,False,1,0.5760192275047302,0.0,0.004969374742358923,0.0,0.5710498690605164,0.0,13.27905559539795,0.0,13.85507482290268,0.0,0.5760192275047302,0.0,0.004969374742358923,0.0,0.5710498690605164,0.0,13.27905559539795,0.0,13.85507482290268,0.0,0.5760192275047302,0.0,0.004969374742358923,0.0,0.3714917302131653,0.0,12.636406898498535,0.0,109.735326978378,0.0,1.0,PD,ok,
0.001,0.001,0.001,0.1,0.001,0.0001,100.0,0.0,False,1,0.5759814381599426,0.0,0.00497046671807766,0.0,0.571010947227478,0.0,13.282336235046387,0.0,13.85831767320633,0.0,0.5759814381599426,0.0,0.00497046671807766,0.0,0.571010947227478,0.0,13.282336235046387,0.0,13.85831767320633,0.0,0.5759814381599426,0.0,0.00497046671807766,0.0,0.3714917302131653,0.0,12.645406723022461,0.0,109.05218174355105,0.0,1.0,PD,ok,
0.001,0.0001,0.001,0.1,0.001,0.0001,100.0,0.0,False,1,0.5759777426719666,0.0,0.0049705724231898785,0.0,0.5710071921348572,0.0,13.282669067382812,0.0,13.858646810054779,0.0,0.5759777426719666,0.0,0.0049705724231898785,0.0,0.5710071921348572,0.0,13.282669067382812,0.0,13.858646810054779,0.0,0.5759777426719666,0.0,0.0049705724231898785,0.0,0.3714917302131653,0.0,12.646306991577148,0.0,117.76807453250512,0.0,1.0,PD,ok,
0.001,0.1,0.01,0.1,0.001,0.0001,100.0,0.0,False,1,0.5763224959373474,0.0,0.004975993186235428,0.0,0.5713465213775635,0.0,13.253565788269043,0.0,13.82988828420639,0.0,0.5763224959373474,0.0,0.004975993186235428,0.0,0.5713465213775635,0.0,13.253565788269043,0.0,13.82988828420639,0.0,0.5763224959373474,0.0,0.004975993186235428,0.0,0.3714917302131653,0.0,12.546406745910645,0.0,48.089667269960046,0.0,1.0,PD,ok,
0.001,0.01,0.001,0.01,0.001,0.0001,100.0,0.0,False,1,0.5759294033050537,0.0,0.004977412987500429,0.0,0.5709519982337952,0.0,13.244000434875488,0.0,13.819929838180542,0.0,0.5759294033050537,0.0,0.004977412987500429,0.0,0.5709519982337952,0.0,13.244000434875488,0.0,13.819929838180542,0.0,0.5759294033050537,0.0,0.004977412987500429,0.0,0.3714917302131653,0.0,12.636406898498535,0.0,110.10681157466024,0.0,1.0,PD,ok,
0.001,0.01,0.001,0.001,0.001,0.0001,100.0,0.0,False,1,0.5759204030036926,0.0,0.0049782185815274715,0.0,0.5709421634674072,0.0,13.240493774414062,0.0,13.816414177417755,0.0,0.5759204030036926,0.0,0.0049782185815274715,0.0,0.5709421634674072,0.0,13.240493774414062,0.0,13.816414177417755,0.0,0.5759204030036926,0.0,0.0049782185815274715,0.0,0.3714917302131653,0.0,12.636406898498535,0.0,107.4857619847171,0.0,1.0,PD,ok,
0.001,0.001,0.001,0.01,0.001,0.0001,100.0,0.0,False,1,0.5758917927742004,0.0,0.004978499375283718,0.0,0.5709133148193359,0.0,13.247300148010254,0.0,13.823191940784454,0.0,0.5758917927742004,0.0,0.004978499375283718,0.0,0.5709133148193359,0.0,13.247300148010254,0.0,13.823191940784454,0.0,0.5758917927742004,0.0,0.004978499375283718,0.0,0.3714917302131653,0.0,12.645406723022461,0.0,109.11462716246024,0.0,1.0,PD,ok,
0.001,0.0001,0.001,0.01,0.001,0.0001,100.0,0.0,False,1,0.5758881568908691,0.0,0.004978606477379799,0.0,0.5709095597267151,0.0,13.247633934020996,0.0,13.823522090911865,0.0,0.5758881568908691,0.0,0.004978606477379799,0.0,0.5709095597267151,0.0,13.247633934020996,0.0,13.823522090911865,0.0,0.5758881568908691,0.0,0.004978606477379799,0.0,0.3714917302131653,0.0,12.646306991577148,0.0,141.28415304841474,0.0,1.0,PD,ok,
0.001,0.001,0.001,0.001,0.001,0.0001,100.0,0.0,False,1,0.5758829712867737,0.0,0.004979300312697887,0.0,0.5709036588668823,0.0,13.243812561035156,0.0,13.81969553232193,0.0,0.5758829712867737,0.0,0.004979300312697887,0.0,0.5709036588668823,0.0,13.243812561035156,0.0,13.81969553232193,0.0,0.5758829712867737,0.0,0.004979300312697887,0.0,0.3714917302131653,0.0,12.645406723022461,0.0,108.81744212983176,0.0,1.0,PD,ok,
0.001,0.0001,0.001,0.001,0.001,0.0001,100.0,0.0,False,1,0.5758791565895081,0.0,0.004979411140084267,0.0,0.5708997249603271,0.0,13.24413776397705,0.0,13.820016920566559,0.0,0.5758791565895081,0.0,0.004979411140084267,0.0,0.5708997249603271,0.0,13.24413776397705,0.0,13.820016920566559,0.0,0.5758791565895081,0.0,0.004979411140084267,0.0,0.3714917302131653,0.0,12.646306991577148,0.0,141.37310728011653,0.0,1.0,PD,ok,
0.001,0.1,0.01,0.01,0.001,0.0001,100.0,0.0,False,1,0.576229453086853,0.0,0.004984479863196611,0.0,0.5712449550628662,0.0,13.218586921691895,0.0,13.794816374778748,0.0,0.576229453086853,0.0,0.004984479863196611,0.0,0.5712449550628662,0.0,13.218586921691895,0.0,13.794816374778748,0.0,0.576229453086853,0.0,0.004984479863196611,0.0,0.3714917302131653,0.0,12.546406745910645,0.0,48.25868558883667,0.0,1.0,PD,ok,
0.001,0.1,0.01,0.001,0.001,0.0001,100.0,0.0,False,1,0.5762202143669128,0.0,0.004985331557691097,0.0,0.5712348818778992,0.0,13.215093612670898,0.0,13.791313827037811,0.0,0.5762202143669128,0.0,0.004985331557691097,0.0,0.5712348818778992,0.0,13.215093612670898,0.0,13.791313827037811,0.0,0.5762202143669128,0.0,0.004985331557691097,0.0,0.3714917302131653,0.0,12.546406745910645,0.0,48.01810844987631,0.0,1.0,PD,ok,
0.001,0.01,0.01,0.1,0.001,0.0001,100.0,0.0,False,1,0.5759448409080505,0.0,0.004986782092601061,0.0,0.5709580779075623,0.0,13.28630542755127,0.0,13.86225026845932,0.0,0.5759448409080505,0.0,0.004986782092601061,0.0,0.5709580779075623,0.0,13.28630542755127,0.0,13.86225026845932,0.0,0.5759448409080505,0.0,0.004986782092601061,0.0,0.3714917302131653,0.0,12.636406898498535,0.0,100.25207229750231,0.0,1.0,PD,ok,
0.001,0.001,0.01,0.1,0.001,0.0001,100.0,0.0,False,1,0.5759068131446838,0.0,0.004987865220755339,0.0,0.5709189772605896,0.0,13.289587020874023,0.0,13.865493834018707,0.0,0.5759068131446838,0.0,0.004987865220755339,0.0,0.5709189772605896,0.0,13.289587020874023,0.0,13.865493834018707,0.0,0.5759068131446838,0.0,0.004987865220755339,0.0,0.3714917302131653,0.0,12.645406723022461,0.0,110.05217153159901,0.0,1.0,PD,ok,
0.001,0.0001,0.01,0.1,0.001,0.0001,100.0,0.0,False,1,0.5759031176567078,0.0,0.0049879723228514194,0.0,0.570915162563324,0.0,13.2899169921875,0.0,13.865820109844208,0.0,0.5759031176567078,0.0,0.0049879723228514194,0.0,0.570915162563324,0.0,13.2899169921875,0.0,13.865820109844208,0.0,0.5759031176567078,0.0,0.0049879723228514194,0.0,0.3714917302131653,0.0,12.646306991577148,0.0,112.32497098622844,0.0,1.0,PD,ok,
0.001,0.01,0.01,0.01,0.001,0.0001,100.0,0.0,False,1,0.5758528113365173,0.0,0.004995290655642748,0.0,0.5708575248718262,0.0,13.251466751098633,0.0,13.82731956243515,0.0,0.5758528113365173,0.0,0.004995290655642748,0.0,0.5708575248718262,0.0,13.251466751098633,0.0,13.82731956243515,0.0,0.5758528113365173,0.0,0.004995290655642748,0.0,0.3714917302131653,0.0,12.636406898498535,0.0,107.8307199277915,0.0,1.0,PD,ok,
0.001,0.01,0.01,0.001,0.001,0.0001,100.0,0.0,False,1,0.5758435726165771,0.0,0.004996150732040405,0.0,0.5708474516868591,0.0,13.2479829788208,0.0,13.823826551437378,0.0,0.5758435726165771,0.0,0.004996150732040405,0.0,0.5708474516868591,0.0,13.2479829788208,0.0,13.823826551437378,0.0,0.5758435726165771,0.0,0.004996150732040405,0.0,0.3714917302131653,0.0,12.636406898498535,0.0,106.95291824359447,0.0,1.0,PD,ok,
0.001,0.001,0.01,0.01,0.001,0.0001,100.0,0.0,False,1,0.5758152008056641,0.0,0.004996379371732473,0.0,0.5708188414573669,0.0,13.254761695861816,0.0,13.83057689666748,0.0,0.5758152008056641,0.0,0.004996379371732473,0.0,0.5708188414573669,0.0,13.254761695861816,0.0,13.83057689666748,0.0,0.5758152008056641,0.0,0.004996379371732473,0.0,0.3714917302131653,0.0,12.645406723022461,0.0,109.40543099166825,0.0,1.0,PD,ok,
0.001,0.0001,0.01,0.01,0.001,0.0001,100.0,0.0,False,1,0.5758113861083984,0.0,0.00499649066478014,0.0,0.5708149075508118,0.0,13.255097389221191,0.0,13.83090877532959,0.0,0.5758113861083984,0.0,0.00499649066478014,0.0,0.5708149075508118,0.0,13.255097389221191,0.0,13.83090877532959,0.0,0.5758113861083984,0.0,0.00499649066478014,0.0,0.3714917302131653,0.0,12.646306991577148,0.0,125.49040888715535,0.0,1.0,PD,ok,
0.001,0.001,0.01,0.001,0.001,0.0001,100.0,0.0,False,1,0.5758062601089478,0.0,0.004997227806597948,0.0,0.570809006690979,0.0,13.251298904418945,0.0,13.827105164527893,0.0,0.5758062601089478,0.0,0.004997227806597948,0.0,0.570809006690979,0.0,13.251298904418945,0.0,13.827105164527893,0.0,0.5758062601089478,0.0,0.004997227806597948,0.0,0.3714917302131653,0.0,12.645406723022461,0.0,107.23397080926225,0.0,1.0,PD,ok,
0.001,0.0001,0.01,0.001,0.001,0.0001,100.0,0.0,False,1,0.5758022665977478,0.0,0.004997339099645615,0.0,0.5708049535751343,0.0,13.251619338989258,0.0,13.827421605587006,0.0,0.5758022665977478,0.0,0.004997339099645615,0.0,0.5708049535751343,0.0,13.251619338989258,0.0,13.827421605587006,0.0,0.5758022665977478,0.0,0.004997339099645615,0.0,0.3714917302131653,0.0,12.646306991577148,0.0,124.82911242777482,0.0,1.0,PD,ok,
0.001,0.1,0.1,0.1,0.001,0.0001,100.0,0.0,False,1,0.5755927562713623,0.0,0.0051551759243011475,0.0,0.5704375505447388,0.0,13.325953483581543,0.0,13.901546239852905,0.0,0.5755927562713623,0.0,0.0051551759243011475,0.0,0.5704375505447388,0.0,13.325953483581543,0.0,13.901546239852905,0.0,0.5755927562713623,0.0,0.0051551759243011475,0.0,0.3714917302131653,0.0,12.546406745910645,0.0,45.51216567493975,0.0,1.0,PD,ok,
0.001,0.01,0.1,0.1,0.001,0.0001,100.0,0.0,False,1,0.5752044916152954,0.0,0.005165845155715942,0.0,0.5700386166572571,0.0,13.358445167541504,0.0,13.9336496591568,0.0,0.5752044916152954,0.0,0.005165845155715942,0.0,0.5700386166572571,0.0,13.358445167541504,0.0,13.9336496591568,0.0,0.5752044916152954,0.0,0.005165845155715942,0.0,0.3714917302131653,0.0,12.636406898498535,0.0,48.25238214246929,0.0,1.0,PD,ok,
0.001,0.001,0.1,0.1,0.001,0.0001,100.0,0.0,False,1,0.5751654505729675,0.0,0.005166915245354176,0.0,0.569998562335968,0.0,13.361688613891602,0.0,13.936854064464569,0.0,0.5751654505729675,0.0,0.005166915245354176,0.0,0.569998562335968,0.0,13.361688613891602,0.0,13.936854064464569,0.0,0.5751654505729675,0.0,0.005166915245354176,0.0,0.3714917302131653,0.0,12.645406723022461,0.0,110.70782690448686,0.0,1.0,PD,ok,
0.001,0.0001,0.1,0.1,0.001,0.0001,100.0,0.0,False,1,0.5751615762710571,0.0,0.005167024210095406,0.0,0.5699945688247681,0.0,13.362010955810547,0.0,13.937172532081604,0.0,0.5751615762710571,0.0,0.005167024210095406,0.0,0.5699945688247681,0.0,13.362010955810547,0.0,13.937172532081604,0.0,0.5751615762710571,0.0,0.005167024210095406,0.0,0.3714917302131653,0.0,12.646306991577148,0.0,107.23678214894608,0.0,1.0,PD,ok,
0.001,0.1,0.1,0.01,0.001,0.0001,100.0,0.0,False,1,0.5754767060279846,0.0,0.005168613977730274,0.0,0.5703080892562866,0.0,13.29329776763916,0.0,13.868774473667145,0.0,0.5754767060279846,0.0,0.005168613977730274,0.0,0.5703080892562866,0.0,13.29329776763916,0.0,13.868774473667145,0.0,0.5754767060279846,0.0,0.005168613977730274,0.0,0.3714917302131653,0.0,12.546406745910645,0.0,48.43948174966499,0.0,1.0,PD,ok,
0.001,0.1,0.1,0.001,0.001,0.0001,100.0,0.0,False,1,0.5754650831222534,0.0,0.0051699671894311905,0.0,0.5702950954437256,0.0,13.29003620147705,0.0,13.865501284599304,0.0,0.5754650831222534,0.0,0.0051699671894311905,0.0,0.5702950954437256,0.0,13.29003620147705,0.0,13.865501284599304,0.0,0.5754650831222534,0.0,0.0051699671894311905,0.0,0.3714917302131653,0.0,12.546406745910645,0.0,48.31946959486231,0.0,1.0,PD,ok,
0.001,0.01,0.1,0.01,0.001,0.0001,100.0,0.0,False,1,0.5750890970230103,0.0,0.0051793004386126995,0.0,0.5699098110198975,0.0,13.325892448425293,0.0,13.900981545448303,0.0,0.5750890970230103,0.0,0.0051793004386126995,0.0,0.5699098110198975,0.0,13.325892448425293,0.0,13.900981545448303,0.0,0.5750890970230103,0.0,0.0051793004386126995,0.0,0.3714917302131653,0.0,12.636406898498535,0.0,48.14715521270409,0.0,1.0,PD,ok,
0.001,0.001,0.1,0.01,0.001,0.0001,100.0,0.0,False,1,0.575050413608551,0.0,0.005180370062589645,0.0,0.5698700547218323,0.0,13.329170227050781,0.0,13.904220640659332,0.0,0.575050413608551,0.0,0.005180370062589645,0.0,0.5698700547218323,0.0,13.329170227050781,0.0,13.904220640659332,0.0,0.575050413608551,0.0,0.005180370062589645,0.0,0.3714917302131653,0.0,12.645406723022461,0.0,110.05023915320635,0.0,1.0,PD,ok,
0.001,0.0001,0.1,0.01,0.001,0.0001,100.0,0.0,False,1,0.5750465393066406,0.0,0.005180479492992163,0.0,0.5698660612106323,0.0,13.329484939575195,0.0,13.904531478881836,0.0,0.5750465393066406,0.0,0.005180479492992163,0.0,0.5698660612106323,0.0,13.329484939575195,0.0,13.904531478881836,0.0,0.5750465393066406,0.0,0.005180479492992163,0.0,0.3714917302131653,0.0,12.646306991577148,0.0,109.3697597864084,0.0,1.0,PD,ok,
0.001,0.01,0.1,0.001,0.001,0.0001,100.0,0.0,False,1,0.5750775933265686,0.0,0.005180658306926489,0.0,0.569896936416626,0.0,13.322646141052246,0.0,13.897723734378815,0.0,0.5750775933265686,0.0,0.005180658306926489,0.0,0.569896936416626,0.0,13.322646141052246,0.0,13.897723734378815,0.0,0.5750775933265686,0.0,0.005180658306926489,0.0,0.3714917302131653,0.0,12.636406898498535,0.0,56.715570610482246,0.0,1.0,PD,ok,
0.001,0.001,0.1,0.001,0.001,0.0001,100.0,0.0,False,1,0.5750388503074646,0.0,0.005181732587516308,0.0,0.569857120513916,0.0,13.325907707214355,0.0,13.90094655752182,0.0,0.5750388503074646,0.0,0.005181732587516308,0.0,0.569857120513916,0.0,13.325907707214355,0.0,13.90094655752182,0.0,0.5750388503074646,0.0,0.005181732587516308,0.0,0.3714917302131653,0.0,12.645406723022461,0.0,107.62088713981211,0.0,1.0,PD,ok,
0.001,0.0001,0.1,0.001,0.001,0.0001,100.0,0.0,False,1,0.5750348567962646,0.0,0.0051818410865962505,0.0,0.5698530077934265,0.0,13.326237678527832,0.0,13.901272535324097,0.0,0.5750348567962646,0.0,0.0051818410865962505,0.0,0.5698530077934265,0.0,13.326237678527832,0.0,13.901272535324097,0.0,0.5750348567962646,0.0,0.0051818410865962505,0.0,0.3714917302131653,0.0,12.646306991577148,0.0,109.03575276723132,0.0,1.0,PD,ok,
0.001,0.1,0.001,0.1,0.1,0.01,100.0,0.0,False,1,0.8092933297157288,0.0,0.005917378235608339,0.0,0.8033759593963623,0.0,1.5049062967300415,0.0,2.3141996264457703,0.0,0.8092933297157288,0.0,0.005917378235608339,0.0,0.8033759593963623,0.0,1.5049062967300415,0.0,2.3141996264457703,0.0,0.8092933297157288,0.0,0.005917378235608339,0.0,0.3714917302131653,0.0,1.5049062967300415,0.0,48.0771620827727,0.0,1.0,PD,ok,
0.001,0.1,0.001,0.01,0.1,0.01,100.0,0.0,False,1,0.8093733191490173,0.0,0.006249111145734787,0.0,0.803124189376831,0.0,1.5049062967300415,0.0,2.314279615879059,0.0,0.8093733191490173,0.0,0.006249111145734787,0.0,0.803124189376831,0.0,1.5049062967300415,0.0,2.314279615879059,0.0,0.8093733191490173,0.0,0.006249111145734787,0.0,0.3714917302131653,0.0,1.5049062967300415,0.0,48.27328825928271,0.0,1.0,PD,ok,
0.001,0.1,0.001,0.001,0.001,0.001,100.0,0.0,False,1,0.5071896314620972,0.0,0.006267049349844456,0.0,0.5009225606918335,0.0,1.6213040351867676,0.0,2.1284936666488647,0.0,0.5071896314620972,0.0,0.006267049349844456,0.0,0.5009225606918335,0.0,1.6213040351867676,0.0,2.1284936666488647,0.0,0.5071896314620972,0.0,0.006267049349844456,0.0,0.3714917302131653,0.0,1.6213040351867676,0.0,48.123060727491975,0.0,1.0,PD,ok,
0.001,0.1,0.001,0.01,0.001,0.001,100.0,0.0,False,1,0.5069953799247742,0.0,0.006271344609558582,0.0,0.5007240176200867,0.0,1.6212624311447144,0.0,2.1282578110694885,0.0,0.5069953799247742,0.0,0.006271344609558582,0.0,0.5007240176200867,0.0,1.6212624311447144,0.0,2.1282578110694885,0.0,0.5069953799247742,0.0,0.006271344609558582,0.0,0.3714917302131653,0.0,1.6212624311447144,0.0,48.26319694984704,0.0,1.0,PD,ok,
0.001,0.1,0.001,0.001,0.1,0.01,100.0,0.0,False,1,0.8093820810317993,0.0,0.006282059941440821,0.0,0.803100049495697,0.0,1.5049062967300415,0.0,2.314288377761841,0.0,0.8093820810317993,0.0,0.006282059941440821,0.0,0.803100049495697,0.0,1.5049062967300415,0.0,2.314288377761841,0.0,0.8093820810317993,0.0,0.006282059941440821,0.0,0.3714917302131653,0.0,1.5049062967300415,0.0,48.04930502502248,0.0,1.0,PD,ok,
0.001,0.01,0.001,0.001,0.001,0.001,100.0,0.0,False,1,0.5069804787635803,0.0,0.006292121950536966,0.0,0.500688374042511,0.0,1.6225050687789917,0.0,2.129485547542572,0.0,0.5069804787635803,0.0,0.006292121950536966,0.0,0.500688374042511,0.0,1.6225050687789917,0.0,2.129485547542572,0.0,0.5069804787635803,0.0,0.006292121950536966,0.0,0.3714917302131653,0.0,1.6225050687789917,0.0,107.98206806881353,0.0,1.0,PD,ok,
0.001,0.001,0.001,0.001,0.001,0.001,100.0,0.0,False,1,0.5069599151611328,0.0,0.006294601131230593,0.0,0.5006653070449829,0.0,1.6226245164871216,0.0,2.1295844316482544,0.0,0.5069599151611328,0.0,0.006294601131230593,0.0,0.5006653070449829,0.0,1.6226245164871216,0.0,2.1295844316482544,0.0,0.5069599151611328,0.0,0.006294601131230593,0.0,0.3714917302131653,0.0,1.6226245164871216,0.0,109.01815364230424,0.0,1.0,PD,ok,
0.001,0.0001,0.001,0.001,0.001,0.001,100.0,0.0,False,1,0.5069579482078552,0.0,0.006294849328696728,0.0,0.5006631016731262,0.0,1.6226364374160767,0.0,2.129594385623932,0.0,0.5069579482078552,0.0,0.006294849328696728,0.0,0.5006631016731262,0.0,1.6226364374160767,0.0,2.129594385623932,0.0,0.5069579482078552,0.0,0.006294849328696728,0.0,0.3714917302131653,0.0,1.6226364374160767,0.0,141.44464910868555,0.0,1.0,PD,ok,
0.001,0.01,0.001,0.01,0.001,0.001,100.0,0.0,False,1,0.5067861676216125,0.0,0.006296483799815178,0.0,0.5004897117614746,0.0,1.6224644184112549,0.0,2.1292505860328674,0.0,0.5067861676216125,0.0,0.006296483799815178,0.0,0.5004897117614746,0.0,1.6224644184112549,0.0,2.1292505860328674,0.0,0.5067861676216125,0.0,0.006296483799815178,0.0,0.3714917302131653,0.0,1.6224644184112549,0.0,109.98596452455968,0.0,1.0,PD,ok,
0.001,0.001,0.001,0.01,0.001,0.001,100.0,0.0,False,1,0.5067654848098755,0.0,0.0062989741563797,0.0,0.500466525554657,0.0,1.6225839853286743,0.0,2.12934947013855,0.0,0.5067654848098755,0.0,0.0062989741563797,0.0,0.500466525554657,0.0,1.6225839853286743,0.0,2.12934947013855,0.0,0.5067654848098755,0.0,0.0062989741563797,0.0,0.3714917302131653,0.0,1.6225839853286743,0.0,109.10095830028877,0.0,1.0,PD,ok,
0.001,0.0001,0.001,0.01,0.001,0.001,100.0,0.0,False,1,0.5067633986473083,0.0,0.006299218162894249,0.0,0.5004642009735107,0.0,1.6225959062576294,0.0,2.1293593049049377,0.0,0.5067633986473083,0.0,0.006299218162894249,0.0,0.5004642009735107,0.0,1.6225959062576294,0.0,2.1293593049049377,0.0,0.5067633986473083,0.0,0.006299218162894249,0.0,0.3714917302131653,0.0,1.6225959062576294,0.0,141.1675503780134,0.0,1.0,PD,ok,
0.001,0.1,0.001,0.1,0.001,0.001,100.0,0.0,False,1,0.5050471425056458,0.0,0.006313774734735489,0.0,0.49873337149620056,0.0,1.620840311050415,0.0,2.125887453556061,0.0,0.5050471425056458,0.0,0.006313774734735489,0.0,0.49873337149620056,0.0,1.620840311050415,0.0,2.125887453556061,0.0,0.5050471425056458,0.0,0.006313774734735489,0.0,0.3714917302131653,0.0,1.620840311050415,0.0,48.33064966648817,0.0,1.0,PD,ok,
0.001,0.01,0.001,0.1,0.001,0.001,100.0,0.0,False,1,0.5048367381095886,0.0,0.006339689716696739,0.0,0.49849703907966614,0.0,1.6220507621765137,0.0,2.1268875002861023,0.0,0.5048367381095886,0.0,0.006339689716696739,0.0,0.49849703907966614,0.0,1.6220507621765137,0.0,2.1268875002861023,0.0,0.5048367381095886,0.0,0.006339689716696739,0.0,0.3714917302131653,0.0,1.6220507621765137,0.0,109.71441266080365,0.0,1.0,PD,ok,
0.001,0.001,0.001,0.1,0.001,0.001,100.0,0.0,False,1,0.5048158168792725,0.0,0.00634224945679307,0.0,0.49847355484962463,0.0,1.622171401977539,0.0,2.1269872188568115,0.0,0.5048158168792725,0.0,0.00634224945679307,0.0,0.49847355484962463,0.0,1.622171401977539,0.0,2.1269872188568115,0.0,0.5048158168792725,0.0,0.00634224945679307,0.0,0.3714917302131653,0.0,1.622171401977539,0.0,108.94061545003206,0.0,1.0,PD,ok,
0.001,0.0001,0.001,0.1,0.001,0.001,100.0,0.0,False,1,0.5048137307167053,0.0,0.006342513021081686,0.0,0.4984712302684784,0.0,1.6221833229064941,0.0,2.1269970536231995,0.0,0.5048137307167053,0.0,0.006342513021081686,0.0,0.4984712302684784,0.0,1.6221833229064941,0.0,2.1269970536231995,0.0,0.5048137307167053,0.0,0.006342513021081686,0.0,0.3714917302131653,0.0,1.6221833229064941,0.0,117.60496931802481,0.0,1.0,PD,ok,
0.001,0.1,0.01,0.001,0.001,0.001,100.0,0.0,False,1,0.5056910514831543,0.0,0.0064416746608912945,0.0,0.4992493689060211,0.0,1.6212230920791626,0.0,2.126914143562317,0.0,0.5056910514831543,0.0,0.0064416746608912945,0.0,0.4992493689060211,0.0,1.6212230920791626,0.0,2.126914143562317,0.0,0.5056910514831543,0.0,0.0064416746608912945,0.0,0.3714917302131653,0.0,1.6212230920791626,0.0,47.88000925909728,0.0,1.0,PD,ok,
0.001,0.01,0.001,0.1,0.1,0.01,100.0,0.0,False,1,0.8094265460968018,0.0,0.006442003883421421,0.0,0.8029845356941223,0.0,1.5049062967300415,0.0,2.3143328428268433,0.0,0.8094265460968018,0.0,0.006442003883421421,0.0,0.8029845356941223,0.0,1.5049062967300415,0.0,2.3143328428268433,0.0,0.8094265460968018,0.0,0.006442003883421421,0.0,0.3714917302131653,0.0,1.5049062967300415,0.0,109.88055358966812,0.0,1.0,PD,ok,
0.001,0.1,0.01,0.01,0.001,0.001,100.0,0.0,False,1,0.5055037140846252,0.0,0.00644525233656168,0.0,0.49905845522880554,0.0,1.6211810111999512,0.0,2.1266847252845764,0.0,0.5055037140846252,0.0,0.00644525233656168,0.0,0.49905845522880554,0.0,1.6211810111999512,0.0,2.1266847252845764,0.0,0.5055037140846252,0.0,0.00644525233656168,0.0,0.3714917302131653,0.0,1.6211810111999512,0.0,48.37958463327959,0.0,1.0,PD,ok,
0.001,0.01,0.01,0.001,0.001,0.001,100.0,0.0,False,1,0.5054839253425598,0.0,0.006467154715210199,0.0,0.49901679158210754,0.0,1.6224230527877808,0.0,2.1279069781303406,0.0,0.5054839253425598,0.0,0.006467154715210199,0.0,0.49901679158210754,0.0,1.6224230527877808,0.0,2.1279069781303406,0.0,0.5054839253425598,0.0,0.006467154715210199,0.0,0.3714917302131653,0.0,1.6224230527877808,0.0,106.8963130027987,0.0,1.0,PD,ok,
0.001,0.001,0.01,0.001,0.001,0.001,100.0,0.0,False,1,0.5054634809494019,0.0,0.00646965904161334,0.0,0.498993843793869,0.0,1.6225426197052002,0.0,2.128006100654602,0.0,0.5054634809494019,0.0,0.00646965904161334,0.0,0.498993843793869,0.0,1.6225426197052002,0.0,2.128006100654602,0.0,0.5054634809494019,0.0,0.00646965904161334,0.0,0.3714917302131653,0.0,1.6225426197052002,0.0,107.19200256187469,0.0,1.0,PD,ok,
0.001,0.0001,0.01,0.001,0.001,0.001,100.0,0.0,False,1,0.5054614543914795,0.0,0.006469914223998785,0.0,0.49899154901504517,0.0,1.6225546598434448,0.0,2.1280161142349243,0.0,0.5054614543914795,0.0,0.006469914223998785,0.0,0.49899154901504517,0.0,1.6225546598434448,0.0,2.1280161142349243,0.0,0.5054614543914795,0.0,0.006469914223998785,0.0,0.3714917302131653,0.0,1.6225546598434448,0.0,125.2713341312483,0.0,1.0,PD,ok,
0.001,0.01,0.01,0.01,0.001,0.001,100.0,0.0,False,1,0.5052964091300964,0.0,0.006470791529864073,0.0,0.49882563948631287,0.0,1.6223822832107544,0.0,2.127678692340851,0.0,0.5052964091300964,0.0,0.006470791529864073,0.0,0.49882563948631287,0.0,1.6223822832107544,0.0,2.127678692340851,0.0,0.5052964091300964,0.0,0.006470791529864073,0.0,0.3714917302131653,0.0,1.6223822832107544,0.0,107.59730709157884,0.0,1.0,PD,ok,
0.001,0.001,0.01,0.01,0.001,0.001,100.0,0.0,False,1,0.5052760243415833,0.0,0.006473321467638016,0.0,0.49880269169807434,0.0,1.6225016117095947,0.0,2.127777636051178,0.0,0.5052760243415833,0.0,0.006473321467638016,0.0,0.49880269169807434,0.0,1.6225016117095947,0.0,2.127777636051178,0.0,0.5052760243415833,0.0,0.006473321467638016,0.0,0.3714917302131653,0.0,1.6225016117095947,0.0,109.88363621803,0.0,1.0,PD,ok,
0.001,0.0001,0.01,0.01,0.001,0.001,100.0,0.0,False,1,0.5052739381790161,0.0,0.006473571062088013,0.0,0.4988003969192505,0.0,1.6225135326385498,0.0,2.127787470817566,0.0,0.5052739381790161,0.0,0.006473571062088013,0.0,0.4988003969192505,0.0,1.6225135326385498,0.0,2.127787470817566,0.0,0.5052739381790161,0.0,0.006473571062088013,0.0,0.3714917302131653,0.0,1.6225135326385498,0.0,121.70296856760979,0.0,1.0,PD,ok,
0.001,0.1,0.01,0.1,0.001,0.001,100.0,0.0,False,1,0.5036196112632751,0.0,0.006480510346591473,0.0,0.4971391260623932,0.0,1.6207550764083862,0.0,2.1243746876716614,0.0,0.5036196112632751,0.0,0.006480510346591473,0.0,0.4971391260623932,0.0,1.6207550764083862,0.0,2.1243746876716614,0.0,0.5036196112632751,0.0,0.006480510346591473,0.0,0.3714917302131653,0.0,1.6207550764083862,0.0,48.07696387870237,0.0,1.0,PD,ok,
0.001,0.001,0.001,0.1,0.1,0.01,100.0,0.0,False,1,0.8094416260719299,0.0,0.0064943949691951275,0.0,0.8029472231864929,0.0,1.5049062967300415,0.0,2.3143479228019714,0.0,0.8094416260719299,0.0,0.0064943949691951275,0.0,0.8029472231864929,0.0,1.5049062967300415,0.0,2.3143479228019714,0.0,0.8094416260719299,0.0,0.0064943949691951275,0.0,0.3714917302131653,0.0,1.5049062967300415,0.0,108.93313411483541,0.0,1.0,PD,ok,
0.001,0.0001,0.001,0.1,0.1,0.01,100.0,0.0,False,1,0.8094432950019836,0.0,0.006499635521322489,0.0,0.8029436469078064,0.0,1.5049062967300415,0.0,2.314349591732025,0.0,0.8094432950019836,0.0,0.006499635521322489,0.0,0.8029436469078064,0.0,1.5049062967300415,0.0,2.314349591732025,0.0,0.8094432950019836,0.0,0.006499635521322489,0.0,0.3714917302131653,0.0,1.5049062967300415,0.0,117.31717010214925,0.0,1.0,PD,ok,
0.001,0.01,0.01,0.1,0.001,0.001,100.0,0.0,False,1,0.5034103989601135,0.0,0.006506841164082289,0.0,0.49690353870391846,0.0,1.6219658851623535,0.0,2.125376284122467,0.0,0.5034103989601135,0.0,0.006506841164082289,0.0,0.49690353870391846,0.0,1.6219658851623535,0.0,2.125376284122467,0.0,0.5034103989601135,0.0,0.006506841164082289,0.0,0.3714917302131653,0.0,1.6219658851623535,0.0,98.85564418556169,0.0,1.0,PD,ok,
0.001,0.001,0.01,0.1,0.001,0.001,100.0,0.0,False,1,0.5033897757530212,0.0,0.00650944234803319,0.0,0.49688035249710083,0.0,1.6220866441726685,0.0,2.1254764199256897,0.0,0.5033897757530212,0.0,0.00650944234803319,0.0,0.49688035249710083,0.0,1.6220866441726685,0.0,2.1254764199256897,0.0,0.5033897757530212,0.0,0.00650944234803319,0.0,0.3714917302131653,0.0,1.6220866441726685,0.0,109.56644458509982,0.0,1.0,PD,ok,
0.001,0.0001,0.01,0.1,0.001,0.001,100.0,0.0,False,1,0.5033877491950989,0.0,0.006509704980999231,0.0,0.4968780279159546,0.0,1.622098684310913,0.0,2.125486433506012,0.0,0.5033877491950989,0.0,0.006509704980999231,0.0,0.4968780279159546,0.0,1.622098684310913,0.0,2.125486433506012,0.0,0.5033877491950989,0.0,0.006509704980999231,0.0,0.3714917302131653,0.0,1.622098684310913,0.0,112.26190610276535,0.0,1.0,PD,ok,
0.001,0.01,0.001,0.01,0.1,0.01,100.0,0.0,False,1,0.8095263242721558,0.0,0.006767940707504749,0.0,0.8027583956718445,0.0,1.5049062967300415,0.0,2.3144326210021973,0.0,0.8095263242721558,0.0,0.006767940707504749,0.0,0.8027583956718445,0.0,1.5049062967300415,0.0,2.3144326210021973,0.0,0.8095263242721558,0.0,0.006767940707504749,0.0,0.3714917302131653,0.0,1.5049062967300415,0.0,107.25778141617775,0.0,1.0,PD,ok,
0.001,0.01,0.001,0.001,0.1,0.01,100.0,0.0,False,1,0.8095368146896362,0.0,0.006799924187362194,0.0,0.8027368783950806,0.0,1.5049062967300415,0.0,2.3144431114196777,0.0,0.8095368146896362,0.0,0.006799924187362194,0.0,0.8027368783950806,0.0,1.5049062967300415,0.0,2.3144431114196777,0.0,0.8095368146896362,0.0,0.006799924187362194,0.0,0.3714917302131653,0.0,1.5049062967300415,0.0,109.90376327140257,0.0,1.0,PD,ok,
0.001,0.001,0.001,0.01,0.1,0.01,100.0,0.0,False,1,0.8095428347587585,0.0,0.00681911688297987,0.0,0.8027237057685852,0.0,1.5049062967300415,0.0,2.3144491314888,0.0,0.8095428347587585,0.0,0.00681911688297987,0.0,0.8027237057685852,0.0,1.5049062967300415,0.0,2.3144491314888,0.0,0.8095428347587585,0.0,0.00681911688297987,0.0,0.3714917302131653,0.0,1.5049062967300415,0.0,105.84525099629536,0.0,1.0,PD,ok,
0.001,0.0001,0.001,0.01,0.1,0.01,100.0,0.0,False,1,0.8095447421073914,0.0,0.006824227049946785,0.0,0.8027204871177673,0.0,1.5049062967300415,0.0,2.314451038837433,0.0,0.8095447421073914,0.0,0.006824227049946785,0.0,0.8027204871177673,0.0,1.5049062967300415,0.0,2.314451038837433,0.0,0.8095447421073914,0.0,0.006824227049946785,0.0,0.3714917302131653,0.0,1.5049062967300415,0.0,117.25539617752656,0.0,1.0,PD,ok,
0.001,0.001,0.001,0.001,0.1,0.01,100.0,0.0,False,1,0.8095536231994629,0.0,0.006850881036370993,0.0,0.8027027249336243,0.0,1.5049062967300415,0.0,2.3144599199295044,0.0,0.8095536231994629,0.0,0.006850881036370993,0.0,0.8027027249336243,0.0,1.5049062967300415,0.0,2.3144599199295044,0.0,0.8095536231994629,0.0,0.006850881036370993,0.0,0.3714917302131653,0.0,1.5049062967300415,0.0,108.92920641880482,0.0,1.0,PD,ok,
0.001,0.0001,0.001,0.001,0.1,0.01,100.0,0.0,False,1,0.8095551133155823,0.0,0.0068559544160962105,0.0,0.8026991486549377,0.0,1.5049062967300415,0.0,2.314461410045624,0.0,0.8095551133155823,0.0,0.0068559544160962105,0.0,0.8026991486549377,0.0,1.5049062967300415,0.0,2.314461410045624,0.0,0.8095551133155823,0.0,0.0068559544160962105,0.0,0.3714917302131653,0.0,1.5049062967300415,0.0,141.14543705014512,0.0,1.0,PD,ok,
0.001,0.1,0.1,0.1,0.001,0.001,100.0,0.0,False,1,0.4901825189590454,0.0,0.008273281157016754,0.0,0.48190924525260925,0.0,1.6198954582214355,0.0,2.110077977180481,0.0,0.4901825189590454,0.0,0.008273281157016754,0.0,0.48190924525260925,0.0,1.6198954582214355,0.0,2.110077977180481,0.0,0.4901825189590454,0.0,0.008273281157016754,0.0,0.3714917302131653,0.0,1.6198954582214355,0.0,45.30864967778325,0.0,1.0,PD,ok,
0.001,0.01,0.1,0.1,0.001,0.001,100.0,0.0,False,1,0.4898865818977356,0.0,0.008303425274789333,0.0,0.4815831482410431,0.0,1.648244023323059,0.0,2.1381306052207947,0.0,0.4898865818977356,0.0,0.008303425274789333,0.0,0.4815831482410431,0.0,1.648244023323059,0.0,2.1381306052207947,0.0,0.4898865818977356,0.0,0.008303425274789333,0.0,0.3714917302131653,0.0,1.648244023323059,0.0,48.14221712341532,0.0,1.0,PD,ok,
0.001,0.001,0.1,0.1,0.001,0.001,100.0,0.0,False,1,0.4898573160171509,0.0,0.008306412026286125,0.0,0.4815509021282196,0.0,1.6537971496582031,0.0,2.143654465675354,0.0,0.4898573160171509,0.0,0.008306412026286125,0.0,0.4815509021282196,0.0,1.6537971496582031,0.0,2.143654465675354,0.0,0.4898573160171509,0.0,0.008306412026286125,0.0,0.3714917302131653,0.0,1.6537971496582031,0.0,110.10994626907632,0.0,1.0,PD,ok,
0.001,0.0001,0.1,0.1,0.001,0.001,100.0,0.0,False,1,0.48985445499420166,0.0,0.008306708186864853,0.0,0.4815477430820465,0.0,1.6543526649475098,0.0,2.1442071199417114,0.0,0.48985445499420166,0.0,0.008306708186864853,0.0,0.4815477430820465,0.0,1.6543526649475098,0.0,2.1442071199417114,0.0,0.48985445499420166,0.0,0.008306708186864853,0.0,0.3714917302131653,0.0,1.6543526649475098,0.0,107.40084818005562,0.0,1.0,PD,ok,
0.001,0.1,0.1,0.01,0.001,0.001,100.0,0.0,False,1,0.49150222539901733,0.0,0.00831727683544159,0.0,0.48318493366241455,0.0,1.6201939582824707,0.0,2.111696183681488,0.0,0.49150222539901733,0.0,0.00831727683544159,0.0,0.48318493366241455,0.0,1.6201939582824707,0.0,2.111696183681488,0.0,0.49150222539901733,0.0,0.00831727683544159,0.0,0.3714917302131653,0.0,1.6201939582824707,0.0,48.29161023860797,0.0,1.0,PD,ok,
0.001,0.1,0.1,0.001,0.001,0.001,100.0,0.0,False,1,0.49163153767585754,0.0,0.008321797475218773,0.0,0.4833097457885742,0.0,1.6202247142791748,0.0,2.1118562519550323,0.0,0.49163153767585754,0.0,0.008321797475218773,0.0,0.4833097457885742,0.0,1.6202247142791748,0.0,2.1118562519550323,0.0,0.49163153767585754,0.0,0.008321797475218773,0.0,0.3714917302131653,0.0,1.6202247142791748,0.0,48.12997855525464,0.0,1.0,PD,ok,
0.001,0.01,0.1,0.01,0.001,0.001,100.0,0.0,False,1,0.49121782183647156,0.0,0.008346730843186378,0.0,0.48287108540534973,0.0,1.621452808380127,0.0,2.1126706302165985,0.0,0.49121782183647156,0.0,0.008346730843186378,0.0,0.48287108540534973,0.0,1.621452808380127,0.0,2.1126706302165985,0.0,0.49121782183647156,0.0,0.008346730843186378,0.0,0.3714917302131653,0.0,1.621452808380127,0.0,48.17630808893591,0.0,1.0,PD,ok,
0.001,0.001,0.1,0.01,0.001,0.001,100.0,0.0,False,1,0.4911891222000122,0.0,0.008349642157554626,0.0,0.4828394651412964,0.0,1.624029278755188,0.0,2.1152184009552,0.0,0.4911891222000122,0.0,0.008349642157554626,0.0,0.4828394651412964,0.0,1.624029278755188,0.0,2.1152184009552,0.0,0.4911891222000122,0.0,0.008349642157554626,0.0,0.3714917302131653,0.0,1.624029278755188,0.0,110.22253250097856,0.0,1.0,PD,ok,
0.001,0.0001,0.1,0.01,0.001,0.001,100.0,0.0,False,1,0.4911862313747406,0.0,0.008349929004907608,0.0,0.4828363060951233,0.0,1.6245921850204468,0.0,2.1157784163951874,0.0,0.4911862313747406,0.0,0.008349929004907608,0.0,0.4828363060951233,0.0,1.6245921850204468,0.0,2.1157784163951874,0.0,0.4911862313747406,0.0,0.008349929004907608,0.0,0.3714917302131653,0.0,1.6245921850204468,0.0,109.18942326121032,0.0,1.0,PD,ok,
0.001,0.01,0.1,0.001,0.001,0.001,100.0,0.0,False,1,0.4913489818572998,0.0,0.008351188153028488,0.0,0.4829978048801422,0.0,1.6214810609817505,0.0,2.1128300428390503,0.0,0.4913489818572998,0.0,0.008351188153028488,0.0,0.4829978048801422,0.0,1.6214810609817505,0.0,2.1128300428390503,0.0,0.4913489818572998,0.0,0.008351188153028488,0.0,0.3714917302131653,0.0,1.6214810609817505,0.0,56.25289400201291,0.0,1.0,PD,ok,
0.001,0.001,0.1,0.001,0.001,0.001,100.0,0.0,False,1,0.4913206696510315,0.0,0.008354094810783863,0.0,0.4829665720462799,0.0,1.6216068267822266,0.0,2.112927496433258,0.0,0.4913206696510315,0.0,0.008354094810783863,0.0,0.4829665720462799,0.0,1.6216068267822266,0.0,2.112927496433258,0.0,0.4913206696510315,0.0,0.008354094810783863,0.0,0.3714917302131653,0.0,1.6216068267822266,0.0,107.93696813751012,0.0,1.0,PD,ok,
0.001,0.0001,0.1,0.001,0.001,0.001,100.0,0.0,False,1,0.49131786823272705,0.0,0.008354388177394867,0.0,0.4829634726047516,0.0,1.6216497421264648,0.0,2.112967610359192,0.0,0.49131786823272705,0.0,0.008354388177394867,0.0,0.4829634726047516,0.0,1.6216497421264648,0.0,2.112967610359192,0.0,0.49131786823272705,0.0,0.008354388177394867,0.0,0.3714917302131653,0.0,1.6216497421264648,0.0,113.1850978541188,0.0,1.0,PD,ok,
0.001,0.1,0.1,0.01,0.1,0.001,100.0,0.0,False,1,0.7407503128051758,0.0,0.010075056925415993,0.0,0.7306752800941467,0.0,1.5313372611999512,0.0,2.272087574005127,0.0,0.7407503128051758,0.0,0.010075056925415993,0.0,0.7306752800941467,0.0,1.5313372611999512,0.0,2.272087574005127,0.0,0.7407503128051758,0.0,0.010075056925415993,0.0,0.3714917302131653,0.0,1.5313372611999512,0.0,48.05853782873601,0.0,1.0,PD,ok,
0.001,0.0001,0.001,0.001,0.01,0.1,100.0,0.0,False,1,0.7041661143302917,0.0,0.010652185417711735,0.0,0.6935139298439026,0.0,1.790541410446167,0.0,2.4947075247764587,0.0,0.7041661143302917,0.0,0.010652185417711735,0.0,0.6935139298439026,0.0,1.790541410446167,0.0,2.4947075247764587,0.0,0.7041661143302917,0.0,0.010652185417711735,0.0,0.3714917302131653,0.0,1.790541410446167,0.0,141.30128387920558,0.0,1.0,PD,ok,
0.001,0.001,0.001,0.001,0.01,0.1,100.0,0.0,False,1,0.7041835188865662,0.0,0.010665902867913246,0.0,0.6935176253318787,0.0,1.790541410446167,0.0,2.494724929332733,0.0,0.7041835188865662,0.0,0.010665902867913246,0.0,0.6935176253318787,0.0,1.790541410446167,0.0,2.494724929332733,0.0,0.7041835188865662,0.0,0.010665902867913246,0.0,0.3714917302131653,0.0,1.790541410446167,0.0,109.03608078463003,0.0,1.0,PD,ok,
0.001,0.0001,0.001,0.01,0.01,0.1,100.0,0.0,False,1,0.7042866349220276,0.0,0.010748161002993584,0.0,0.69353848695755,0.0,1.790541410446167,0.0,2.4948280453681946,0.0,0.7042866349220276,0.0,0.010748161002993584,0.0,0.69353848695755,0.0,1.790541410446167,0.0,2.4948280453681946,0.0,0.7042866349220276,0.0,0.010748161002993584,0.0,0.3714917302131653,0.0,1.790541410446167,0.0,117.3921839077957,0.0,1.0,PD,ok,
0.001,0.001,0.001,0.01,0.01,0.1,100.0,0.0,False,1,0.7043049335479736,0.0,0.010762285441160202,0.0,0.6935426592826843,0.0,1.790541410446167,0.0,2.4948463439941406,0.0,0.7043049335479736,0.0,0.010762285441160202,0.0,0.6935426592826843,0.0,1.790541410446167,0.0,2.4948463439941406,0.0,0.7043049335479736,0.0,0.010762285441160202,0.0,0.3714917302131653,0.0,1.790541410446167,0.0,106.09109226660803,0.0,1.0,PD,ok,
0.001,0.01,0.001,0.001,0.01,0.1,100.0,0.0,False,1,0.7043527960777283,0.0,0.010800228454172611,0.0,0.693552553653717,0.0,1.790541410446167,0.0,2.4948942065238953,0.0,0.7043527960777283,0.0,0.010800228454172611,0.0,0.693552553653717,0.0,1.790541410446167,0.0,2.4948942065238953,0.0,0.7043527960777283,0.0,0.010800228454172611,0.0,0.3714917302131653,0.0,1.790541410446167,0.0,110.0446691266261,0.0,1.0,PD,ok,
0.001,0.01,0.001,0.01,0.01,0.1,100.0,0.0,False,1,0.7044839262962341,0.0,0.010903758928179741,0.0,0.693580150604248,0.0,1.790541410446167,0.0,2.495025336742401,0.0,0.7044839262962341,0.0,0.010903758928179741,0.0,0.693580150604248,0.0,1.790541410446167,0.0,2.495025336742401,0.0,0.7044839262962341,0.0,0.010903758928179741,0.0,0.3714917302131653,0.0,1.790541410446167,0.0,107.36947672069073,0.0,1.0,PD,ok,
0.001,0.1,0.001,0.001,0.01,0.1,100.0,0.0,False,1,0.6975494027137756,0.0,0.016070827841758728,0.0,0.6814785599708557,0.0,1.8198697566986084,0.0,2.517419159412384,0.0,0.6975494027137756,0.0,0.016070827841758728,0.0,0.6814785599708557,0.0,1.8198697566986084,0.0,2.517419159412384,0.0,0.6975494027137756,0.0,0.016070827841758728,0.0,0.3714917302131653,0.0,1.8198697566986084,0.0,48.10762299923226,0.0,1.0,PD,ok,
0.001,0.1,0.1,0.001,0.1,0.001,100.0,0.0,False,1,0.7180271148681641,0.0,0.016110636293888092,0.0,0.7019164562225342,0.0,1.5010863542556763,0.0,2.2191134691238403,0.0,0.7180271148681641,0.0,0.016110636293888092,0.0,0.7019164562225342,0.0,1.5010863542556763,0.0,2.2191134691238403,0.0,0.7180271148681641,0.0,0.016110636293888092,0.0,0.3714917302131653,0.0,1.5010863542556763,0.0,48.1857838104479,0.0,1.0,PD,ok,
0.001,0.1,0.001,0.01,0.01,0.1,100.0,0.0,False,1,0.6977716088294983,0.0,0.01623813807964325,0.0,0.6815334558486938,0.0,1.8198697566986084,0.0,2.5176413655281067,0.0,0.6977716088294983,0.0,0.01623813807964325,0.0,0.6815334558486938,0.0,1.8198697566986084,0.0,2.5176413655281067,0.0,0.6977716088294983,0.0,0.01623813807964325,0.0,0.3714917302131653,0.0,1.8198697566986084,0.0,48.254199071321636,0.0,1.0,PD,ok,
0.001,0.01,0.1,0.01,0.1,0.001,100.0,0.0,False,1,0.7304249405860901,0.0,0.016631094738841057,0.0,0.7137938737869263,0.0,1.4924365282058716,0.0,2.2228614687919617,0.0,0.7304249405860901,0.0,0.016631094738841057,0.0,0.7137938737869263,0.0,1.4924365282058716,0.0,2.2228614687919617,0.0,0.7304249405860901,0.0,0.016631094738841057,0.0,0.3714917302131653,0.0,1.4924365282058716,0.0,48.50980391493067,0.0,1.0,PD,ok,
0.001,0.001,0.1,0.01,0.1,0.001,100.0,0.0,False,1,0.7255089282989502,0.0,0.018053214997053146,0.0,0.7074556946754456,0.0,1.4924564361572266,0.0,2.2179653644561768,0.0,0.7255089282989502,0.0,0.018053214997053146,0.0,0.7074556946754456,0.0,1.4924564361572266,0.0,2.2179653644561768,0.0,0.7255089282989502,0.0,0.018053214997053146,0.0,0.3714917302131653,0.0,1.4924564361572266,0.0,108.78498573182151,0.0,1.0,PD,ok,
0.001,0.0001,0.1,0.01,0.1,0.001,100.0,0.0,False,1,0.7250338792800903,0.0,0.018242059275507927,0.0,0.7067918181419373,0.0,1.4922147989273071,0.0,2.2172486782073975,0.0,0.7250338792800903,0.0,0.018242059275507927,0.0,0.7067918181419373,0.0,1.4922147989273071,0.0,2.2172486782073975,0.0,0.7250338792800903,0.0,0.018242059275507927,0.0,0.3714917302131653,0.0,1.4922147989273071,0.0,103.23283963603899,0.0,1.0,PD,ok,
0.001,0.01,0.1,0.001,0.1,0.001,100.0,0.0,False,1,0.7114872336387634,0.0,0.02173796109855175,0.0,0.6897493004798889,0.0,1.4864280223846436,0.0,2.197915256023407,0.0,0.7114872336387634,0.0,0.02173796109855175,0.0,0.6897493004798889,0.0,1.4864280223846436,0.0,2.197915256023407,0.0,0.7114872336387634,0.0,0.02173796109855175,0.0,0.3714917302131653,0.0,1.4864280223846436,0.0,48.19913899246603,0.0,1.0,PD,ok,
0.001,0.001,0.1,0.001,0.1,0.001,100.0,0.0,False,1,0.7215301394462585,0.0,0.024009736254811287,0.0,0.69752037525177,0.0,1.4858516454696655,0.0,2.207381784915924,0.0,0.7215301394462585,0.0,0.024009736254811287,0.0,0.69752037525177,0.0,1.4858516454696655,0.0,2.207381784915924,0.0,0.7215301394462585,0.0,0.024009736254811287,0.0,0.3714917302131653,0.0,1.4858516454696655,0.0,109.85853244969621,0.0,1.0,PD,ok,
0.001,0.0001,0.1,0.001,0.1,0.001,100.0,0.0,False,1,0.7213706970214844,0.0,0.024067770689725876,0.0,0.6973029375076294,0.0,1.4858886003494263,0.0,2.2072592973709106,0.0,0.7213706970214844,0.0,0.024067770689725876,0.0,0.6973029375076294,0.0,1.4858886003494263,0.0,2.2072592973709106,0.0,0.7213706970214844,0.0,0.024067770689725876,0.0,0.3714917302131653,0.0,1.4858886003494263,0.0,108.8162031318061,0.0,1.0,PD,ok,
0.001,0.1,0.1,0.1,0.001,0.01,100.0,0.0,False,1,0.45552781224250793,0.0,0.025869283825159073,0.0,0.42965853214263916,0.0,1.7003669738769531,0.0,2.155894786119461,0.0,0.45552781224250793,0.0,0.025869283825159073,0.0,0.42965853214263916,0.0,1.7003669738769531,0.0,2.155894786119461,0.0,0.45552781224250793,0.0,0.025869283825159073,0.0,0.3714917302131653,0.0,1.7003669738769531,0.0,45.36428382014856,0.0,1.0,PD,ok,
0.001,0.01,0.1,0.1,0.001,0.01,100.0,0.0,False,1,0.4554300308227539,0.0,0.02597881853580475,0.0,0.42945122718811035,0.0,1.7032694816589355,0.0,2.1586995124816895,0.0,0.4554300308227539,0.0,0.02597881853580475,0.0,0.42945122718811035,0.0,1.7032694816589355,0.0,2.1586995124816895,0.0,0.4554300308227539,0.0,0.02597881853580475,0.0,0.3714917302131653,0.0,1.7032694816589355,0.0,48.04312530672178,0.0,1.0,PD,ok,
0.001,0.001,0.1,0.1,0.001,0.01,100.0,0.0,False,1,0.4554189145565033,0.0,0.025989137589931488,0.0,0.4294297695159912,0.0,1.7035502195358276,0.0,2.158969134092331,0.0,0.4554189145565033,0.0,0.025989137589931488,0.0,0.4294297695159912,0.0,1.7035502195358276,0.0,2.158969134092331,0.0,0.4554189145565033,0.0,0.025989137589931488,0.0,0.3714917302131653,0.0,1.7035502195358276,0.0,110.41305278008804,0.0,1.0,PD,ok,
0.001,0.0001,0.1,0.1,0.001,0.01,100.0,0.0,False,1,0.4554179012775421,0.0,0.02599017135798931,0.0,0.42942774295806885,0.0,1.703577995300293,0.0,2.158995896577835,0.0,0.4554179012775421,0.0,0.02599017135798931,0.0,0.42942774295806885,0.0,1.703577995300293,0.0,2.158995896577835,0.0,0.4554179012775421,0.0,0.02599017135798931,0.0,0.3714917302131653,0.0,1.703577995300293,0.0,107.3343268786557,0.0,1.0,PD,ok,
0.001,0.1,0.1,0.01,0.001,0.01,100.0,0.0,False,1,0.46629562973976135,0.0,0.026474900543689728,0.0,0.4398207366466522,0.0,1.6989424228668213,0.0,2.1652380526065826,0.0,0.46629562973976135,0.0,0.026474900543689728,0.0,0.4398207366466522,0.0,1.6989424228668213,0.0,2.1652380526065826,0.0,0.46629562973976135,0.0,0.026474900543689728,0.0,0.3714917302131653,0.0,1.6989424228668213,0.0,48.243615122977644,0.0,1.0,PD,ok,
0.001,0.1,0.1,0.001,0.001,0.01,100.0,0.0,False,1,0.4673236310482025,0.0,0.026537444442510605,0.0,0.4407861828804016,0.0,1.698828935623169,0.0,2.1661525666713715,0.0,0.4673236310482025,0.0,0.026537444442510605,0.0,0.4407861828804016,0.0,1.698828935623169,0.0,2.1661525666713715,0.0,0.4673236310482025,0.0,0.026537444442510605,0.0,0.3714917302131653,0.0,1.698828935623169,0.0,48.02264898549765,0.0,1.0,PD,ok,
0.001,0.01,0.1,0.01,0.001,0.01,100.0,0.0,False,1,0.4662937819957733,0.0,0.026566173881292343,0.0,0.4397276043891907,0.0,1.7015941143035889,0.0,2.167887896299362,0.0,0.4662937819957733,0.0,0.026566173881292343,0.0,0.4397276043891907,0.0,1.7015941143035889,0.0,2.167887896299362,0.0,0.4662937819957733,0.0,0.026566173881292343,0.0,0.3714917302131653,0.0,1.7015941143035889,0.0,48.267734073102474,0.0,1.0,PD,ok,
0.001,0.001,0.1,0.01,0.001,0.01,100.0,0.0,False,1,0.46629470586776733,0.0,0.026574693620204926,0.0,0.4397200047969818,0.0,1.7018494606018066,0.0,2.168144166469574,0.0,0.46629470586776733,0.0,0.026574693620204926,0.0,0.4397200047969818,0.0,1.7018494606018066,0.0,2.168144166469574,0.0,0.46629470586776733,0.0,0.026574693620204926,0.0,0.3714917302131653,0.0,1.7018494606018066,0.0,110.1685624467209,0.0,1.0,PD,ok,
0.001,0.0001,0.1,0.01,0.001,0.01,100.0,0.0,False,1,0.4662948250770569,0.0,0.02657553181052208,0.0,0.4397192895412445,0.0,1.7018747329711914,0.0,2.1681695580482483,0.0,0.4662948250770569,0.0,0.02657553181052208,0.0,0.4397192895412445,0.0,1.7018747329711914,0.0,2.1681695580482483,0.0,0.4662948250770569,0.0,0.02657553181052208,0.0,0.3714917302131653,0.0,1.7018747329711914,0.0,109.34759677946568,0.0,1.0,PD,ok,
0.001,0.01,0.1,0.001,0.001,0.01,100.0,0.0,False,1,0.46732863783836365,0.0,0.02662692777812481,0.0,0.4407017230987549,0.0,1.701462984085083,0.0,2.1687916219234467,0.0,0.46732863783836365,0.0,0.02662692777812481,0.0,0.4407017230987549,0.0,1.701462984085083,0.0,2.1687916219234467,0.0,0.46732863783836365,0.0,0.02662692777812481,0.0,0.3714917302131653,0.0,1.701462984085083,0.0,55.78113583708182,0.0,1.0,PD,ok,
0.001,0.001,0.1,0.001,0.001,0.01,100.0,0.0,False,1,0.4673302471637726,0.0,0.026635264977812767,0.0,0.44069498777389526,0.0,1.701716423034668,0.0,2.1690466701984406,0.0,0.4673302471637726,0.0,0.026635264977812767,0.0,0.44069498777389526,0.0,1.701716423034668,0.0,2.1690466701984406,0.0,0.4673302471637726,0.0,0.026635264977812767,0.0,0.3714917302131653,0.0,1.701716423034668,0.0,107.78413490951061,0.0,1.0,PD,ok,
0.001,0.0001,0.1,0.001,0.001,0.01,100.0,0.0,False,1,0.4673304855823517,0.0,0.026636099442839622,0.0,0.4406943917274475,0.0,1.7017416954040527,0.0,2.1690721809864044,0.0,0.4673304855823517,0.0,0.026636099442839622,0.0,0.4406943917274475,0.0,1.7017416954040527,0.0,2.1690721809864044,0.0,0.4673304855823517,0.0,0.026636099442839622,0.0,0.3714917302131653,0.0,1.7017416954040527,0.0,113.22148429835215,0.0,1.0,PD,ok,
0.001,0.01,0.01,0.1,0.01,0.1,100.0,0.0,False,1,0.08241602778434753,0.0,0.04537486657500267,0.0,0.037041157484054565,0.0,6.1889424324035645,0.0,6.271358460187912,0.0,0.08241602778434753,0.0,0.04537486657500267,0.0,0.037041157484054565,0.0,6.1889424324035645,0.0,6.271358460187912,0.0,0.08241602778434753,0.0,0.04537486657500267,0.0,0.037041157484054565,0.0,6.1889424324035645,0.0,99.37412597285584,0.0,1.0,PD,ok,
0.001,0.0001,0.001,0.01,0.001,0.1,100.0,0.0,False,1,0.43186649680137634,0.0,0.10810014605522156,0.0,0.3237663507461548,0.0,2.135542631149292,0.0,2.5674091279506683,0.0,0.43186649680137634,0.0,0.10810014605522156,0.0,0.3237663507461548,0.0,2.135542631149292,0.0,2.5674091279506683,0.0,0.43186649680137634,0.0,0.10810014605522156,0.0,0.3237663507461548,0.0,2.135542631149292,0.0,141.16862987075,0.0,1.0,PD,ok,
0.001,0.001,0.001,0.01,0.001,0.1,100.0,0.0,False,1,0.42863622307777405,0.0,0.10822140425443649,0.0,0.32041481137275696,0.0,2.2624452114105225,0.0,2.6910814344882965,0.0,0.42863622307777405,0.0,0.10822140425443649,0.0,0.32041481137275696,0.0,2.2624452114105225,0.0,2.6910814344882965,0.0,0.42863622307777405,0.0,0.10822140425443649,0.0,0.32041481137275696,0.0,2.2624452114105225,0.0,108.80629626661539,0.0,1.0,PD,ok,
0.001,0.001,0.001,0.001,0.001,0.1,100.0,0.0,False,1,0.41833531856536865,0.0,0.12122225761413574,0.0,0.2971130609512329,0.0,2.667768716812134,0.0,3.0861040353775024,0.0,0.41833531856536865,0.0,0.12122225761413574,0.0,0.2971130609512329,0.0,2.667768716812134,0.0,3.0861040353775024,0.0,0.41833531856536865,0.0,0.12122225761413574,0.0,0.2971130609512329,0.0,2.667768716812134,0.0,108.93057176284492,0.0,1.0,PD,ok,
0.001,0.01,0.001,0.01,0.001,0.1,100.0,0.0,False,1,0.4128916263580322,0.0,0.12344586104154587,0.0,0.28944575786590576,0.0,2.616544485092163,0.0,3.0294361114501953,0.0,0.4128916263580322,0.0,0.12344586104154587,0.0,0.28944575786590576,0.0,2.616544485092163,0.0,3.0294361114501953,0.0,0.4128916263580322,0.0,0.12344586104154587,0.0,0.28944575786590576,0.0,2.616544485092163,0.0,109.72394583374262,0.0,1.0,PD,ok,
0.001,0.0001,0.001,0.001,0.001,0.1,100.0,0.0,False,1,0.4155895709991455,0.0,0.1248767077922821,0.0,0.2907128632068634,0.0,2.6555933952331543,0.0,3.0711829662323,0.0,0.4155895709991455,0.0,0.1248767077922821,0.0,0.2907128632068634,0.0,2.6555933952331543,0.0,3.0711829662323,0.0,0.4155895709991455,0.0,0.1248767077922821,0.0,0.2907128632068634,0.0,2.6555933952331543,0.0,141.516091900412,0.0,1.0,PD,ok,
0.001,0.01,0.001,0.001,0.001,0.1,100.0,0.0,False,1,0.4079427421092987,0.0,0.14128032326698303,0.0,0.2666624188423157,0.0,2.2606770992279053,0.0,2.668619841337204,0.0,0.4079427421092987,0.0,0.14128032326698303,0.0,0.2666624188423157,0.0,2.2606770992279053,0.0,2.668619841337204,0.0,0.4079427421092987,0.0,0.14128032326698303,0.0,0.2666624188423157,0.0,2.2606770992279053,0.0,107.87395508447662,0.0,1.0,PD,ok,
0.001,0.0001,0.01,0.1,0.001,0.1,100.0,0.0,False,1,0.3266889750957489,0.0,0.14359359443187714,0.0,0.18309538066387177,0.0,2.6062042713165283,0.0,2.932893246412277,0.0,0.3266889750957489,0.0,0.14359359443187714,0.0,0.18309538066387177,0.0,2.6062042713165283,0.0,2.932893246412277,0.0,0.3266889750957489,0.0,0.14359359443187714,0.0,0.18309538066387177,0.0,2.6062042713165283,0.0,112.27868624823168,0.0,1.0,PD,ok,
0.001,0.001,0.01,0.1,0.001,0.1,100.0,0.0,False,1,0.3281315863132477,0.0,0.14517174661159515,0.0,0.18295983970165253,0.0,2.4012207984924316,0.0,2.7293523848056793,0.0,0.3281315863132477,0.0,0.14517174661159515,0.0,0.18295983970165253,0.0,2.4012207984924316,0.0,2.7293523848056793,0.0,0.3281315863132477,0.0,0.14517174661159515,0.0,0.18295983970165253,0.0,2.4012207984924316,0.0,109.75931587675586,0.0,1.0,PD,ok,
0.001,0.1,0.001,0.01,0.001,0.1,100.0,0.0,False,1,0.5069848299026489,0.0,0.14994683861732483,0.0,0.3570379614830017,0.0,1.1309411525726318,0.0,1.6379259824752808,0.0,0.5069848299026489,0.0,0.14994683861732483,0.0,0.3570379614830017,0.0,1.1309411525726318,0.0,1.6379259824752808,0.0,0.5069848299026489,0.0,0.14994683861732483,0.0,0.3570379614830017,0.0,1.1309411525726318,0.0,47.85271693347022,0.0,1.0,PD,ok,
0.001,0.01,0.01,0.001,0.001,0.1,100.0,0.0,False,1,0.4108441472053528,0.0,0.15140143036842346,0.0,0.2594427168369293,0.0,2.4941344261169434,0.0,2.904978573322296,0.0,0.4108441472053528,0.0,0.15140143036842346,0.0,0.2594427168369293,0.0,2.4941344261169434,0.0,2.904978573322296,0.0,0.4108441472053528,0.0,0.15140143036842346,0.0,0.2594427168369293,0.0,2.4941344261169434,0.0,107.29537405259907,0.0,1.0,PD,ok,
0.001,0.1,0.001,0.001,0.001,0.1,100.0,0.0,False,1,0.47398078441619873,0.0,0.15244527161121368,0.0,0.32153552770614624,0.0,1.1739553213119507,0.0,1.6479361057281494,0.0,0.47398078441619873,0.0,0.15244527161121368,0.0,0.32153552770614624,0.0,1.1739553213119507,0.0,1.6479361057281494,0.0,0.47398078441619873,0.0,0.15244527161121368,0.0,0.32153552770614624,0.0,1.1739553213119507,0.0,48.02790114469826,0.0,1.0,PD,ok,
0.001,0.0001,0.01,0.001,0.001,0.1,100.0,0.0,False,1,0.44450151920318604,0.0,0.16035981476306915,0.0,0.2841417193412781,0.0,2.3183388710021973,0.0,2.7628403902053833,0.0,0.44450151920318604,0.0,0.16035981476306915,0.0,0.2841417193412781,0.0,2.3183388710021973,0.0,2.7628403902053833,0.0,0.44450151920318604,0.0,0.16035981476306915,0.0,0.2841417193412781,0.0,2.3183388710021973,0.0,124.83566769910976,0.0,1.0,PD,ok,
0.001,0.001,0.01,0.001,0.001,0.1,100.0,0.0,False,1,0.44300734996795654,0.0,0.16394314169883728,0.0,0.27906420826911926,0.0,2.3674070835113525,0.0,2.810414433479309,0.0,0.44300734996795654,0.0,0.16394314169883728,0.0,0.27906420826911926,0.0,2.3674070835113525,0.0,2.810414433479309,0.0,0.44300734996795654,0.0,0.16394314169883728,0.0,0.27906420826911926,0.0,2.3674070835113525,0.0,107.07363103237003,0.0,1.0,PD,ok,
0.001,0.1,0.001,0.1,0.001,0.1,100.0,0.0,False,1,0.4086720943450928,0.0,0.16619083285331726,0.0,0.2424812763929367,0.0,0.9819307923316956,0.0,1.3906028866767883,0.0,0.4086720943450928,0.0,0.16619083285331726,0.0,0.2424812763929367,0.0,0.9819307923316956,0.0,1.3906028866767883,0.0,0.4086720943450928,0.0,0.16619083285331726,0.0,0.2424812763929367,0.0,0.9819307923316956,0.0,48.30479923961684,0.0,1.0,PD,ok,
0.001,0.001,0.001,0.1,0.001,0.1,100.0,0.0,False,1,0.5432513356208801,0.0,0.167276531457901,0.0,0.3759748041629791,0.0,1.8328454494476318,0.0,2.376096785068512,0.0,0.5432513356208801,0.0,0.167276531457901,0.0,0.3759748041629791,0.0,1.8328454494476318,0.0,2.376096785068512,0.0,0.5432513356208801,0.0,0.167276531457901,0.0,0.3714917302131653,0.0,1.8328454494476318,0.0,109.06965915858746,0.0,1.0,PD,ok,
0.001,0.0001,0.001,0.1,0.001,0.1,100.0,0.0,False,1,0.527634859085083,0.0,0.16742387413978577,0.0,0.36021098494529724,0.0,1.864776611328125,0.0,2.392411470413208,0.0,0.527634859085083,0.0,0.16742387413978577,0.0,0.36021098494529724,0.0,1.864776611328125,0.0,2.392411470413208,0.0,0.527634859085083,0.0,0.16742387413978577,0.0,0.36021098494529724,0.0,1.864776611328125,0.0,117.26153986342251,0.0,1.0,PD,ok,
0.001,0.01,0.001,0.1,0.001,0.1,100.0,0.0,False,1,0.5320770740509033,0.0,0.17003577947616577,0.0,0.36204132437705994,0.0,1.774742603302002,0.0,2.3068196773529053,0.0,0.5320770740509033,0.0,0.17003577947616577,0.0,0.36204132437705994,0.0,1.774742603302002,0.0,2.3068196773529053,0.0,0.5320770740509033,0.0,0.17003577947616577,0.0,0.36204132437705994,0.0,1.774742603302002,0.0,109.8442785483785,0.0,1.0,PD,ok,
0.001,0.001,0.01,0.01,0.001,0.1,100.0,0.0,False,1,0.4333610534667969,0.0,0.17143990099430084,0.0,0.2619211673736572,0.0,2.249776601791382,0.0,2.6831376552581787,0.0,0.4333610534667969,0.0,0.17143990099430084,0.0,0.2619211673736572,0.0,2.249776601791382,0.0,2.6831376552581787,0.0,0.4333610534667969,0.0,0.17143990099430084,0.0,0.2619211673736572,0.0,2.249776601791382,0.0,109.67997084977105,0.0,1.0,PD,ok,
0.001,0.1,0.01,0.1,0.001,0.1,100.0,0.0,False,1,0.3262782096862793,0.0,0.17249082028865814,0.0,0.15378738939762115,0.0,1.5293784141540527,0.0,1.855656623840332,0.0,0.3262782096862793,0.0,0.17249082028865814,0.0,0.15378738939762115,0.0,1.5293784141540527,0.0,1.855656623840332,0.0,0.3262782096862793,0.0,0.17249082028865814,0.0,0.15378738939762115,0.0,1.5293784141540527,0.0,48.24835638515651,0.0,1.0,PD,ok,
0.001,0.0001,0.01,0.01,0.001,0.1,100.0,0.0,False,1,0.4267180562019348,0.0,0.1725766807794571,0.0,0.25414136052131653,0.0,2.2711405754089355,0.0,2.6978586316108704,0.0,0.4267180562019348,0.0,0.1725766807794571,0.0,0.25414136052131653,0.0,2.2711405754089355,0.0,2.6978586316108704,0.0,0.4267180562019348,0.0,0.1725766807794571,0.0,0.25414136052131653,0.0,2.2711405754089355,0.0,126.04942439170554,0.0,1.0,PD,ok,
0.001,0.01,0.01,0.01,0.001,0.1,100.0,0.0,False,1,0.4251022934913635,0.0,0.1748627871274948,0.0,0.2502395212650299,0.0,2.192899703979492,0.0,2.6180019974708557,0.0,0.4251022934913635,0.0,0.1748627871274948,0.0,0.2502395212650299,0.0,2.192899703979492,0.0,2.6180019974708557,0.0,0.4251022934913635,0.0,0.1748627871274948,0.0,0.2502395212650299,0.0,2.192899703979492,0.0,107.70775702502578,0.0,1.0,PD,ok,
0.001,0.01,0.01,0.1,0.001,0.1,100.0,0.0,False,1,0.36133694648742676,0.0,0.17547976970672607,0.0,0.18585717678070068,0.0,2.330036163330078,0.0,2.691373109817505,0.0,0.36133694648742676,0.0,0.17547976970672607,0.0,0.18585717678070068,0.0,2.330036163330078,0.0,2.691373109817505,0.0,0.36133694648742676,0.0,0.17547976970672607,0.0,0.18585717678070068,0.0,2.330036163330078,0.0,100.07047628425062,0.0,1.0,PD,ok,
0.001,0.1,0.01,0.001,0.001,0.1,100.0,0.0,False,1,0.42991188168525696,0.0,0.18533779680728912,0.0,0.24457408487796783,0.0,1.39327871799469,0.0,1.823190599679947,0.0,0.42991188168525696,0.0,0.18533779680728912,0.0,0.24457408487796783,0.0,1.39327871799469,0.0,1.823190599679947,0.0,0.42991188168525696,0.0,0.18533779680728912,0.0,0.24457408487796783,0.0,1.39327871799469,0.0,48.29860127111897,0.0,1.0,PD,ok,
0.001,0.1,0.01,0.01,0.001,0.1,100.0,0.0,False,1,0.42825835943222046,0.0,0.1861429661512375,0.0,0.24211537837982178,0.0,1.3688634634017944,0.0,1.797121822834015,0.0,0.42825835943222046,0.0,0.1861429661512375,0.0,0.24211537837982178,0.0,1.3688634634017944,0.0,1.797121822834015,0.0,0.42825835943222046,0.0,0.1861429661512375,0.0,0.24211537837982178,0.0,1.3688634634017944,0.0,48.064847256522626,0.0,1.0,PD,ok,
0.001,0.0001,0.1,0.1,0.001,0.1,100.0,0.0,False,1,0.5364616513252258,0.0,0.19754783809185028,0.0,0.33891379833221436,0.0,37.0498161315918,0.0,37.58627778291702,0.0,0.5364616513252258,0.0,0.19754783809185028,0.0,0.33891379833221436,0.0,37.0498161315918,0.0,37.58627778291702,0.0,0.5364616513252258,0.0,0.19754783809185028,0.0,0.33891379833221436,0.0,12.646306991577148,0.0,106.89848114317283,0.0,1.0,PD,ok,
0.001,0.001,0.1,0.1,0.001,0.1,100.0,0.0,False,1,0.5364519953727722,0.0,0.19754846394062042,0.0,0.3389035165309906,0.0,37.04854965209961,0.0,37.58500164747238,0.0,0.5364519953727722,0.0,0.19754846394062042,0.0,0.3389035165309906,0.0,37.04854965209961,0.0,37.58500164747238,0.0,0.5364519953727722,0.0,0.19754846394062042,0.0,0.3389035165309906,0.0,12.645406723022461,0.0,110.56787086976692,0.0,1.0,PD,ok,
0.001,0.01,0.1,0.1,0.001,0.1,100.0,0.0,False,1,0.5363842248916626,0.0,0.197553813457489,0.0,0.3388303816318512,0.0,37.03815841674805,0.0,37.57454264163971,0.0,0.5363842248916626,0.0,0.197553813457489,0.0,0.3388303816318512,0.0,37.03815841674805,0.0,37.57454264163971,0.0,0.5363842248916626,0.0,0.197553813457489,0.0,0.3388303816318512,0.0,12.636406898498535,0.0,48.262142296880484,0.0,1.0,PD,ok,
0.001,0.1,0.1,0.1,0.001,0.1,100.0,0.0,False,1,0.5359683036804199,0.0,0.19758784770965576,0.0,0.33838045597076416,0.0,37.01511001586914,0.0,37.55107831954956,0.0,0.5359683036804199,0.0,0.19758784770965576,0.0,0.33838045597076416,0.0,37.01511001586914,0.0,37.55107831954956,0.0,0.5359683036804199,0.0,0.19758784770965576,0.0,0.33838045597076416,0.0,12.546406745910645,0.0,44.92998641123995,0.0,1.0,PD,ok,
0.001,0.0001,0.001,0.001,0.0001,0.1,100.0,0.0,False,1,0.2192063182592392,0.0,0.19986696541309357,0.0,0.01933935098350048,0.0,2.9940707683563232,0.0,3.2132770866155624,0.0,0.2192063182592392,0.0,0.19986696541309357,0.0,0.01933935098350048,0.0,2.9940707683563232,0.0,3.2132770866155624,0.0,0.2192063182592392,0.0,0.19986696541309357,0.0,0.01933935098350048,0.0,2.9940707683563232,0.0,141.62357170134783,0.0,1.0,PD,ok,
0.001,0.001,0.001,0.001,0.0001,0.1,100.0,0.0,False,1,0.21919743716716766,0.0,0.19986937940120697,0.0,0.019328055903315544,0.0,2.985503911972046,0.0,3.2047013491392136,0.0,0.21919743716716766,0.0,0.19986937940120697,0.0,0.019328055903315544,0.0,2.985503911972046,0.0,3.2047013491392136,0.0,0.21919743716716766,0.0,0.19986937940120697,0.0,0.019328055903315544,0.0,2.985503911972046,0.0,108.7143169650808,0.0,1.0,PD,ok,
0.001,0.01,0.001,0.001,0.0001,0.1,100.0,0.0,False,1,0.21909885108470917,0.0,0.19989539682865143,0.0,0.01920345611870289,0.0,2.8995554447174072,0.0,3.1186542958021164,0.0,0.21909885108470917,0.0,0.19989539682865143,0.0,0.01920345611870289,0.0,2.8995554447174072,0.0,3.1186542958021164,0.0,0.21909885108470917,0.0,0.19989539682865143,0.0,0.01920345611870289,0.0,2.8995554447174072,0.0,107.64212644193321,0.0,1.0,PD,ok,
0.001,0.1,0.001,0.001,0.0001,0.1,100.0,0.0,False,1,0.2179528772830963,0.0,0.20018886029720306,0.0,0.017764024436473846,0.0,2.019144296646118,0.0,2.2370971739292145,0.0,0.2179528772830963,0.0,0.20018886029720306,0.0,0.017764024436473846,0.0,2.019144296646118,0.0,2.2370971739292145,0.0,0.2179528772830963,0.0,0.20018886029720306,0.0,0.017764024436473846,0.0,2.019144296646118,0.0,48.31260484363884,0.0,1.0,PD,ok,
0.001,0.1,0.001,0.01,0.0001,0.1,100.0,0.0,False,1,0.2167636901140213,0.0,0.20025521516799927,0.0,0.016508471220731735,0.0,1.8426098823547363,0.0,2.0593735724687576,0.0,0.2167636901140213,0.0,0.20025521516799927,0.0,0.016508471220731735,0.0,1.8426098823547363,0.0,2.0593735724687576,0.0,0.2167636901140213,0.0,0.20025521516799927,0.0,0.016508471220731735,0.0,1.8426098823547363,0.0,48.25761992763728,0.0,1.0,PD,ok,
0.001,0.0001,0.001,0.01,0.0001,0.1,100.0,0.0,False,1,0.21644480526447296,0.0,0.20028816163539886,0.0,0.016156641766428947,0.0,2.8736560344696045,0.0,3.0901008397340775,0.0,0.21644480526447296,0.0,0.20028816163539886,0.0,0.016156641766428947,0.0,2.8736560344696045,0.0,3.0901008397340775,0.0,0.21644480526447296,0.0,0.20028816163539886,0.0,0.016156641766428947,0.0,2.8736560344696045,0.0,141.44375130161643,0.0,1.0,PD,ok,
0.001,0.001,0.001,0.01,0.0001,0.1,100.0,0.0,False,1,0.21644645929336548,0.0,0.20028837025165558,0.0,0.016158096492290497,0.0,2.8646018505096436,0.0,3.081048309803009,0.0,0.21644645929336548,0.0,0.20028837025165558,0.0,0.016158096492290497,0.0,2.8646018505096436,0.0,3.081048309803009,0.0,0.21644645929336548,0.0,0.20028837025165558,0.0,0.016158096492290497,0.0,2.8646018505096436,0.0,106.34586922125891,0.0,1.0,PD,ok,
0.001,0.01,0.001,0.01,0.0001,0.1,100.0,0.0,False,1,0.21646305918693542,0.0,0.20029021799564362,0.0,0.01617284305393696,0.0,2.77390718460083,0.0,2.9903702437877655,0.0,0.21646305918693542,0.0,0.20029021799564362,0.0,0.01617284305393696,0.0,2.77390718460083,0.0,2.9903702437877655,0.0,0.21646305918693542,0.0,0.20029021799564362,0.0,0.01617284305393696,0.0,2.77390718460083,0.0,109.91836075484753,0.0,1.0,PD,ok,
0.001,0.0001,0.1,0.01,0.001,0.1,100.0,0.0,False,1,0.41225916147232056,0.0,0.20323112607002258,0.0,0.20902805030345917,0.0,12.869224548339844,0.0,13.281483709812164,0.0,0.41225916147232056,0.0,0.20323112607002258,0.0,0.20902805030345917,0.0,12.869224548339844,0.0,13.281483709812164,0.0,0.41225916147232056,0.0,0.20323112607002258,0.0,0.20902805030345917,0.0,12.646306991577148,0.0,109.39158084569499,0.0,1.0,PD,ok,
0.001,0.001,0.1,0.01,0.001,0.1,100.0,0.0,False,1,0.41224080324172974,0.0,0.20323362946510315,0.0,0.2090071737766266,0.0,12.863378524780273,0.0,13.275619328022003,0.0,0.41224080324172974,0.0,0.20323362946510315,0.0,0.2090071737766266,0.0,12.863378524780273,0.0,13.275619328022003,0.0,0.41224080324172974,0.0,0.20323362946510315,0.0,0.2090071737766266,0.0,12.645406723022461,0.0,109.99020882789046,0.0,1.0,PD,ok,
0.001,0.01,0.1,0.01,0.001,0.1,100.0,0.0,False,1,0.41205543279647827,0.0,0.2032587230205536,0.0,0.20879670977592468,0.0,12.804309844970703,0.0,13.216365277767181,0.0,0.41205543279647827,0.0,0.2032587230205536,0.0,0.20879670977592468,0.0,12.804309844970703,0.0,13.216365277767181,0.0,0.41205543279647827,0.0,0.2032587230205536,0.0,0.20879670977592468,0.0,12.636406898498535,0.0,48.131881260313094,0.0,1.0,PD,ok,
0.001,0.0001,0.1,0.001,0.001,0.1,100.0,0.0,False,1,0.41407260298728943,0.0,0.2033853679895401,0.0,0.21068723499774933,0.0,12.898702621459961,0.0,13.31277522444725,0.0,0.41407260298728943,0.0,0.2033853679895401,0.0,0.21068723499774933,0.0,12.898702621459961,0.0,13.31277522444725,0.0,0.41407260298728943,0.0,0.2033853679895401,0.0,0.21068723499774933,0.0,12.646306991577148,0.0,113.12785292696208,0.0,1.0,PD,ok,
0.001,0.001,0.1,0.001,0.001,0.1,100.0,0.0,False,1,0.414059042930603,0.0,0.20338673889636993,0.0,0.2106723040342331,0.0,12.893285751342773,0.0,13.307344794273376,0.0,0.414059042930603,0.0,0.20338673889636993,0.0,0.2106723040342331,0.0,12.893285751342773,0.0,13.307344794273376,0.0,0.414059042930603,0.0,0.20338673889636993,0.0,0.2106723040342331,0.0,12.645406723022461,0.0,107.53360386239365,0.0,1.0,PD,ok,
0.001,0.01,0.1,0.001,0.001,0.1,100.0,0.0,False,1,0.4139362573623657,0.0,0.2033989578485489,0.0,0.21053728461265564,0.0,12.839089393615723,0.0,13.253025650978088,0.0,0.4139362573623657,0.0,0.2033989578485489,0.0,0.21053728461265564,0.0,12.839089393615723,0.0,13.253025650978088,0.0,0.4139362573623657,0.0,0.2033989578485489,0.0,0.21053728461265564,0.0,12.636406898498535,0.0,55.522357458248734,0.0,1.0,PD,ok,
0.001,0.1,0.1,0.01,0.001,0.1,100.0,0.0,False,1,0.4102627635002136,0.0,0.20342399179935455,0.0,0.20683878660202026,0.0,12.19031810760498,0.0,12.600580871105194,0.0,0.4102627635002136,0.0,0.20342399179935455,0.0,0.20683878660202026,0.0,12.19031810760498,0.0,12.600580871105194,0.0,0.4102627635002136,0.0,0.20342399179935455,0.0,0.20683878660202026,0.0,12.19031810760498,0.0,48.31975344847888,0.0,1.0,PD,ok,
0.001,0.1,0.1,0.001,0.001,0.1,100.0,0.0,False,1,0.41217026114463806,0.0,0.20358295738697052,0.0,0.20858730375766754,0.0,12.245153427124023,0.0,12.657323688268661,0.0,0.41217026114463806,0.0,0.20358295738697052,0.0,0.20858730375766754,0.0,12.245153427124023,0.0,12.657323688268661,0.0,0.41217026114463806,0.0,0.20358295738697052,0.0,0.20858730375766754,0.0,12.245153427124023,0.0,48.16480906587094,0.0,1.0,PD,ok,
0.001,0.0001,0.001,0.1,0.0001,0.1,100.0,0.0,False,1,0.29918038845062256,0.0,0.20417439937591553,0.0,0.09500598162412643,0.0,3.353727340698242,0.0,3.6529077291488647,0.0,0.29918038845062256,0.0,0.20417439937591553,0.0,0.09500598162412643,0.0,3.353727340698242,0.0,3.6529077291488647,0.0,0.29918038845062256,0.0,0.20417439937591553,0.0,0.09500598162412643,0.0,3.353727340698242,0.0,117.97862060880288,0.0,1.0,PD,ok,
0.001,0.001,0.001,0.1,0.0001,0.1,100.0,0.0,False,1,0.29920727014541626,0.0,0.20417660474777222,0.0,0.09503065794706345,0.0,3.345040798187256,0.0,3.644248068332672,0.0,0.29920727014541626,0.0,0.20417660474777222,0.0,0.09503065794706345,0.0,3.345040798187256,0.0,3.644248068332672,0.0,0.29920727014541626,0.0,0.20417660474777222,0.0,0.09503065794706345,0.0,3.345040798187256,0.0,108.77378015546128,0.0,1.0,PD,ok,
0.001,0.01,0.001,0.1,0.0001,0.1,100.0,0.0,False,1,0.2994768023490906,0.0,0.20419754087924957,0.0,0.0952792763710022,0.0,3.257824182510376,0.0,3.5573009848594666,0.0,0.2994768023490906,0.0,0.20419754087924957,0.0,0.0952792763710022,0.0,3.257824182510376,0.0,3.5573009848594666,0.0,0.2994768023490906,0.0,0.20419754087924957,0.0,0.0952792763710022,0.0,3.257824182510376,0.0,109.83358504669741,0.0,1.0,PD,ok,
0.001,0.1,0.001,0.1,0.0001,0.1,100.0,0.0,False,1,0.30251818895339966,0.0,0.20436953008174896,0.0,0.09814867377281189,0.0,2.359135866165161,0.0,2.661654055118561,0.0,0.30251818895339966,0.0,0.20436953008174896,0.0,0.09814867377281189,0.0,2.359135866165161,0.0,2.661654055118561,0.0,0.30251818895339966,0.0,0.20436953008174896,0.0,0.09814867377281189,0.0,2.359135866165161,0.0,48.21821257378906,0.0,1.0,PD,ok,
0.001,0.1,0.01,0.01,0.0001,0.1,100.0,0.0,False,1,0.22685213387012482,0.0,0.2055349349975586,0.0,0.021317195147275925,0.0,1.8136839866638184,0.0,2.040536120533943,0.0,0.22685213387012482,0.0,0.2055349349975586,0.0,0.021317195147275925,0.0,1.8136839866638184,0.0,2.040536120533943,0.0,0.22685213387012482,0.0,0.2055349349975586,0.0,0.021317195147275925,0.0,1.8136839866638184,0.0,48.09684196487069,0.0,1.0,PD,ok,
0.001,0.01,0.01,0.01,0.0001,0.1,100.0,0.0,False,1,0.22515761852264404,0.0,0.2057262361049652,0.0,0.01943138986825943,0.0,2.7158315181732178,0.0,2.940989136695862,0.0,0.22515761852264404,0.0,0.2057262361049652,0.0,0.01943138986825943,0.0,2.7158315181732178,0.0,2.940989136695862,0.0,0.22515761852264404,0.0,0.2057262361049652,0.0,0.01943138986825943,0.0,2.7158315181732178,0.0,107.50446407310665,0.0,1.0,PD,ok,
0.001,0.001,0.01,0.01,0.0001,0.1,100.0,0.0,False,1,0.22500501573085785,0.0,0.20574700832366943,0.0,0.019258007407188416,0.0,2.805285930633545,0.0,3.0302909463644028,0.0,0.22500501573085785,0.0,0.20574700832366943,0.0,0.019258007407188416,0.0,2.805285930633545,0.0,3.0302909463644028,0.0,0.22500501573085785,0.0,0.20574700832366943,0.0,0.019258007407188416,0.0,2.805285930633545,0.0,109.92585503868759,0.0,1.0,PD,ok,
0.001,0.0001,0.01,0.01,0.0001,0.1,100.0,0.0,False,1,0.22499020397663116,0.0,0.20574909448623657,0.0,0.019241105765104294,0.0,2.814223051071167,0.0,3.039213255047798,0.0,0.22499020397663116,0.0,0.20574909448623657,0.0,0.019241105765104294,0.0,2.814223051071167,0.0,3.039213255047798,0.0,0.22499020397663116,0.0,0.20574909448623657,0.0,0.019241105765104294,0.0,2.814223051071167,0.0,121.23225346626714,0.0,1.0,PD,ok,
0.001,0.1,0.01,0.001,0.0001,0.1,100.0,0.0,False,1,0.22274550795555115,0.0,0.20675897598266602,0.0,0.015986530110239983,0.0,1.9939954280853271,0.0,2.2167409360408783,0.0,0.22274550795555115,0.0,0.20675897598266602,0.0,0.015986530110239983,0.0,1.9939954280853271,0.0,2.2167409360408783,0.0,0.22274550795555115,0.0,0.20675897598266602,0.0,0.015986530110239983,0.0,1.9939954280853271,0.0,48.19591109501198,0.0,1.0,PD,ok,
0.001,0.0001,0.01,0.001,0.0001,0.1,100.0,0.0,False,1,0.2219373732805252,0.0,0.2067825347185135,0.0,0.015154844149947166,0.0,2.986271858215332,0.0,3.2082092314958572,0.0,0.2219373732805252,0.0,0.2067825347185135,0.0,0.015154844149947166,0.0,2.986271858215332,0.0,3.2082092314958572,0.0,0.2219373732805252,0.0,0.2067825347185135,0.0,0.015154844149947166,0.0,2.986271858215332,0.0,125.47663426026702,0.0,1.0,PD,ok,
0.001,0.001,0.01,0.001,0.0001,0.1,100.0,0.0,False,1,0.22194364666938782,0.0,0.20678287744522095,0.0,0.015160770155489445,0.0,2.9775772094726562,0.0,3.199520856142044,0.0,0.22194364666938782,0.0,0.20678287744522095,0.0,0.015160770155489445,0.0,2.9775772094726562,0.0,3.199520856142044,0.0,0.22194364666938782,0.0,0.20678287744522095,0.0,0.015160770155489445,0.0,2.9775772094726562,0.0,107.07388492673635,0.0,1.0,PD,ok,
0.001,0.01,0.01,0.001,0.0001,0.1,100.0,0.0,False,1,0.22200912237167358,0.0,0.2067856341600418,0.0,0.0152234872803092,0.0,2.890350103378296,0.0,3.1123592257499695,0.0,0.22200912237167358,0.0,0.2067856341600418,0.0,0.0152234872803092,0.0,2.890350103378296,0.0,3.1123592257499695,0.0,0.22200912237167358,0.0,0.2067856341600418,0.0,0.0152234872803092,0.0,2.890350103378296,0.0,106.92166487406939,0.0,1.0,PD,ok,
0.001,0.1,0.01,0.1,0.0001,0.1,100.0,0.0,False,1,0.3248228430747986,0.0,0.2104383111000061,0.0,0.11438452452421188,0.0,2.367248296737671,0.0,2.6920711398124695,0.0,0.3248228430747986,0.0,0.2104383111000061,0.0,0.11438452452421188,0.0,2.367248296737671,0.0,2.6920711398124695,0.0,0.3248228430747986,0.0,0.2104383111000061,0.0,0.11438452452421188,0.0,2.367248296737671,0.0,47.88435398507863,0.0,1.0,PD,ok,
0.001,0.01,0.01,0.1,0.0001,0.1,100.0,0.0,False,1,0.3264644145965576,0.0,0.2107667326927185,0.0,0.11569768190383911,0.0,3.317706823348999,0.0,3.6441712379455566,0.0,0.3264644145965576,0.0,0.2107667326927185,0.0,0.11569768190383911,0.0,3.317706823348999,0.0,3.6441712379455566,0.0,0.3264644145965576,0.0,0.2107667326927185,0.0,0.11569768190383911,0.0,3.317706823348999,0.0,100.39599041454494,0.0,1.0,PD,ok,
0.001,0.001,0.01,0.1,0.0001,0.1,100.0,0.0,False,1,0.32644784450531006,0.0,0.21077992022037506,0.0,0.1156679317355156,0.0,3.40875244140625,0.0,3.73520028591156,0.0,0.32644784450531006,0.0,0.21077992022037506,0.0,0.1156679317355156,0.0,3.40875244140625,0.0,3.73520028591156,0.0,0.32644784450531006,0.0,0.21077992022037506,0.0,0.1156679317355156,0.0,3.40875244140625,0.0,109.94993943581358,0.0,1.0,PD,ok,
0.001,0.0001,0.01,0.1,0.0001,0.1,100.0,0.0,False,1,0.3264433741569519,0.0,0.21078096330165863,0.0,0.11566240340471268,0.0,3.4178149700164795,0.0,3.7442583441734314,0.0,0.3264433741569519,0.0,0.21078096330165863,0.0,0.11566240340471268,0.0,3.4178149700164795,0.0,3.7442583441734314,0.0,0.3264433741569519,0.0,0.21078096330165863,0.0,0.11566240340471268,0.0,3.4178149700164795,0.0,112.34801561525092,0.0,1.0,PD,ok,
0.001,0.001,0.01,0.01,0.01,0.1,100.0,0.0,False,1,0.24602602422237396,0.0,0.21394136548042297,0.0,0.03208465874195099,0.0,43.82621383666992,0.0,44.072239860892296,0.0,0.24602602422237396,0.0,0.21394136548042297,0.0,0.03208465874195099,0.0,43.82621383666992,0.0,44.072239860892296,0.0,0.24602602422237396,0.0,0.21394136548042297,0.0,0.03208465874195099,0.0,12.645406723022461,0.0,108.01470306748524,0.0,1.0,PD,ok,
0.001,0.1,0.001,0.1,0.01,0.1,100.0,0.0,False,1,0.8461850881576538,0.0,0.21586936712265015,0.0,0.6303157210350037,0.0,599.9659423828125,0.0,600.8121274709702,0.0,0.8461850881576538,0.0,0.21586936712265015,0.0,0.6303157210350037,0.0,599.9659423828125,0.0,600.8121274709702,0.0,0.8461850881576538,0.0,0.21586936712265015,0.0,0.3714917302131653,0.0,12.546406745910645,0.0,48.4324949150905,0.0,1.0,PD,ok,
0.001,0.0001,0.001,0.1,0.01,0.1,100.0,0.0,False,1,0.8461861610412598,0.0,0.21587017178535461,0.0,0.6303159594535828,0.0,597.5433349609375,0.0,598.3895211219788,0.0,0.8461861610412598,0.0,0.21587017178535461,0.0,0.6303159594535828,0.0,597.5433349609375,0.0,598.3895211219788,0.0,0.8461861610412598,0.0,0.21587017178535461,0.0,0.3714917302131653,0.0,12.646306991577148,0.0,118.11839030869305,0.0,1.0,PD,ok,
0.001,0.1,0.01,0.001,0.01,0.1,100.0,0.0,False,1,0.2831133306026459,0.0,0.2261814922094345,0.0,0.05693184211850166,0.0,38.49797439575195,0.0,38.7810877263546,0.0,0.2831133306026459,0.0,0.2261814922094345,0.0,0.05693184211850166,0.0,38.49797439575195,0.0,38.7810877263546,0.0,0.2831133306026459,0.0,0.2261814922094345,0.0,0.05693184211850166,0.0,12.546406745910645,0.0,47.95737300813198,0.0,1.0,PD,ok,
0.001,0.01,0.01,0.01,0.01,0.1,100.0,0.0,False,1,0.27890878915786743,0.0,0.2268543839454651,0.0,0.05205442011356354,0.0,50.17927551269531,0.0,50.45818430185318,0.0,0.27890878915786743,0.0,0.2268543839454651,0.0,0.05205442011356354,0.0,50.17927551269531,0.0,50.45818430185318,0.0,0.27890878915786743,0.0,0.2268543839454651,0.0,0.05205442011356354,0.0,12.636406898498535,0.0,101.83570749126375,0.0,1.0,PD,ok,
0.001,0.0001,0.001,0.1,0.0001,0.01,100.0,0.0,False,1,0.48863834142684937,0.0,0.22696609795093536,0.0,0.2616722285747528,0.0,1.6977710723876953,0.0,2.1864094138145447,0.0,0.48863834142684937,0.0,0.22696609795093536,0.0,0.2616722285747528,0.0,1.6977710723876953,0.0,2.1864094138145447,0.0,0.48863834142684937,0.0,0.22696609795093536,0.0,0.2616722285747528,0.0,1.6977710723876953,0.0,117.56363192154095,0.0,1.0,PD,ok,
0.001,0.001,0.001,0.1,0.0001,0.01,100.0,0.0,False,1,0.4886411428451538,0.0,0.2269679456949234,0.0,0.2616732120513916,0.0,1.6977678537368774,0.0,2.1864089965820312,0.0,0.4886411428451538,0.0,0.2269679456949234,0.0,0.2616732120513916,0.0,1.6977678537368774,0.0,2.1864089965820312,0.0,0.4886411428451538,0.0,0.2269679456949234,0.0,0.2616732120513916,0.0,1.6977678537368774,0.0,108.94583313539624,0.0,1.0,PD,ok,
0.001,0.01,0.001,0.1,0.0001,0.01,100.0,0.0,False,1,0.48866957426071167,0.0,0.22698631882667542,0.0,0.26168325543403625,0.0,1.6977368593215942,0.0,2.186406433582306,0.0,0.48866957426071167,0.0,0.22698631882667542,0.0,0.26168325543403625,0.0,1.6977368593215942,0.0,2.186406433582306,0.0,0.48866957426071167,0.0,0.22698631882667542,0.0,0.26168325543403625,0.0,1.6977368593215942,0.0,109.58200296293944,0.0,1.0,PD,ok,
0.001,0.0001,0.001,0.01,0.0001,0.01,100.0,0.0,False,1,0.49183225631713867,0.0,0.22702951729297638,0.0,0.2648027539253235,0.0,1.7024855613708496,0.0,2.1943178176879883,0.0,0.49183225631713867,0.0,0.22702951729297638,0.0,0.2648027539253235,0.0,1.7024855613708496,0.0,2.1943178176879883,0.0,0.49183225631713867,0.0,0.22702951729297638,0.0,0.2648027539253235,0.0,1.7024855613708496,0.0,141.0850685206242,0.0,1.0,PD,ok,
0.001,0.001,0.001,0.01,0.0001,0.01,100.0,0.0,False,1,0.4918351173400879,0.0,0.2270313799381256,0.0,0.2648037374019623,0.0,1.7024825811386108,0.0,2.1943176984786987,0.0,0.4918351173400879,0.0,0.2270313799381256,0.0,0.2648037374019623,0.0,1.7024825811386108,0.0,2.1943176984786987,0.0,0.4918351173400879,0.0,0.2270313799381256,0.0,0.2648037374019623,0.0,1.7024825811386108,0.0,108.81979413703084,0.0,1.0,PD,ok,
0.001,0.0001,0.001,0.001,0.0001,0.01,100.0,0.0,False,1,0.49214407801628113,0.0,0.22703605890274048,0.0,0.26510801911354065,0.0,1.7029565572738647,0.0,2.195100635290146,0.0,0.49214407801628113,0.0,0.22703605890274048,0.0,0.26510801911354065,0.0,1.7029565572738647,0.0,2.195100635290146,0.0,0.49214407801628113,0.0,0.22703605890274048,0.0,0.26510801911354065,0.0,1.7029565572738647,0.0,141.25346729438752,0.0,1.0,PD,ok,
0.001,0.001,0.001,0.001,0.0001,0.01,100.0,0.0,False,1,0.49214690923690796,0.0,0.22703783214092255,0.0,0.2651090621948242,0.0,1.7029533386230469,0.0,2.195100247859955,0.0,0.49214690923690796,0.0,0.22703783214092255,0.0,0.2651090621948242,0.0,1.7029533386230469,0.0,2.195100247859955,0.0,0.49214690923690796,0.0,0.22703783214092255,0.0,0.2651090621948242,0.0,1.7029533386230469,0.0,106.42624844191596,0.0,1.0,PD,ok,
0.001,0.01,0.001,0.01,0.0001,0.01,100.0,0.0,False,1,0.4918630123138428,0.0,0.22704927623271942,0.0,0.26481375098228455,0.0,1.7024527788162231,0.0,2.194315791130066,0.0,0.4918630123138428,0.0,0.22704927623271942,0.0,0.26481375098228455,0.0,1.7024527788162231,0.0,2.194315791130066,0.0,0.4918630123138428,0.0,0.22704927623271942,0.0,0.26481375098228455,0.0,1.7024527788162231,0.0,109.99837342323735,0.0,1.0,PD,ok,
0.001,0.01,0.001,0.001,0.0001,0.01,100.0,0.0,False,1,0.4921749234199524,0.0,0.22705574333667755,0.0,0.26511916518211365,0.0,1.7029242515563965,0.0,2.195099174976349,0.0,0.4921749234199524,0.0,0.22705574333667755,0.0,0.26511916518211365,0.0,1.7029242515563965,0.0,2.195099174976349,0.0,0.4921749234199524,0.0,0.22705574333667755,0.0,0.26511916518211365,0.0,1.7029242515563965,0.0,107.39212483726442,0.0,1.0,PD,ok,
0.001,0.1,0.001,0.1,0.0001,0.01,100.0,0.0,False,1,0.488961398601532,0.0,0.22717389464378357,0.0,0.2617875039577484,0.0,1.697426438331604,0.0,2.186387836933136,0.0,0.488961398601532,0.0,0.22717389464378357,0.0,0.2617875039577484,0.0,1.697426438331604,0.0,2.186387836933136,0.0,0.488961398601532,0.0,0.22717389464378357,0.0,0.2617875039577484,0.0,1.697426438331604,0.0,47.96461810590699,0.0,1.0,PD,ok,
0.001,0.1,0.001,0.01,0.0001,0.01,100.0,0.0,False,1,0.4921499192714691,0.0,0.22723272442817688,0.0,0.26491719484329224,0.0,1.7021472454071045,0.0,2.1942971646785736,0.0,0.4921499192714691,0.0,0.22723272442817688,0.0,0.26491719484329224,0.0,1.7021472454071045,0.0,2.1942971646785736,0.0,0.4921499192714691,0.0,0.22723272442817688,0.0,0.26491719484329224,0.0,1.7021472454071045,0.0,48.245156227145344,0.0,1.0,PD,ok,
0.001,0.1,0.001,0.001,0.0001,0.01,100.0,0.0,False,1,0.49246156215667725,0.0,0.22723877429962158,0.0,0.26522278785705566,0.0,1.7026187181472778,0.0,2.195080280303955,0.0,0.49246156215667725,0.0,0.22723877429962158,0.0,0.26522278785705566,0.0,1.7026187181472778,0.0,2.195080280303955,0.0,0.49246156215667725,0.0,0.22723877429962158,0.0,0.26522278785705566,0.0,1.7026187181472778,0.0,48.27775120548904,0.0,1.0,PD,ok,
0.001,0.0001,0.01,0.1,0.0001,0.01,100.0,0.0,False,1,0.48932892084121704,0.0,0.22786234319210052,0.0,0.2614665925502777,0.0,1.6975383758544922,0.0,2.1868672966957092,0.0,0.48932892084121704,0.0,0.22786234319210052,0.0,0.2614665925502777,0.0,1.6975383758544922,0.0,2.1868672966957092,0.0,0.48932892084121704,0.0,0.22786234319210052,0.0,0.2614665925502777,0.0,1.6975383758544922,0.0,112.51016508229077,0.0,1.0,PD,ok,
0.001,0.001,0.01,0.1,0.0001,0.01,100.0,0.0,False,1,0.48933181166648865,0.0,0.22786420583724976,0.0,0.2614676058292389,0.0,1.6975352764129639,0.0,2.1868670880794525,0.0,0.48933181166648865,0.0,0.22786420583724976,0.0,0.2614676058292389,0.0,1.6975352764129639,0.0,2.1868670880794525,0.0,0.48933181166648865,0.0,0.22786420583724976,0.0,0.2614676058292389,0.0,1.6975352764129639,0.0,109.95215100003406,0.0,1.0,PD,ok,
0.001,0.01,0.01,0.1,0.0001,0.01,100.0,0.0,False,1,0.48936036229133606,0.0,0.22788259387016296,0.0,0.2614777684211731,0.0,1.6975055932998657,0.0,2.186865955591202,0.0,0.48936036229133606,0.0,0.22788259387016296,0.0,0.2614777684211731,0.0,1.6975055932998657,0.0,2.186865955591202,0.0,0.48936036229133606,0.0,0.22788259387016296,0.0,0.2614777684211731,0.0,1.6975055932998657,0.0,100.12777253147215,0.0,1.0,PD,ok,
0.001,0.0001,0.01,0.01,0.0001,0.01,100.0,0.0,False,1,0.4925112724304199,0.0,0.22795695066452026,0.0,0.26455432176589966,0.0,1.7021883726119995,0.0,2.1946996450424194,0.0,0.4925112724304199,0.0,0.22795695066452026,0.0,0.26455432176589966,0.0,1.7021883726119995,0.0,2.1946996450424194,0.0,0.4925112724304199,0.0,0.22795695066452026,0.0,0.26455432176589966,0.0,1.7021883726119995,0.0,121.25744744483382,0.0,1.0,PD,ok,
0.001,0.001,0.01,0.01,0.0001,0.01,100.0,0.0,False,1,0.49251410365104675,0.0,0.2279587686061859,0.0,0.26455533504486084,0.0,1.7021872997283936,0.0,2.1947014033794403,0.0,0.49251410365104675,0.0,0.2279587686061859,0.0,0.26455533504486084,0.0,1.7021872997283936,0.0,2.1947014033794403,0.0,0.49251410365104675,0.0,0.2279587686061859,0.0,0.26455533504486084,0.0,1.7021872997283936,0.0,109.88164928229526,0.0,1.0,PD,ok,
0.001,0.0001,0.01,0.001,0.0001,0.01,100.0,0.0,False,1,0.49282199144363403,0.0,0.2279665619134903,0.0,0.26485541462898254,0.0,1.7026541233062744,0.0,2.1954761147499084,0.0,0.49282199144363403,0.0,0.2279665619134903,0.0,0.26485541462898254,0.0,1.7026541233062744,0.0,2.1954761147499084,0.0,0.49282199144363403,0.0,0.2279665619134903,0.0,0.26485541462898254,0.0,1.7026541233062744,0.0,120.41711336979643,0.0,1.0,PD,ok,
0.001,0.001,0.01,0.001,0.0001,0.01,100.0,0.0,False,1,0.49282482266426086,0.0,0.22796833515167236,0.0,0.2648564875125885,0.0,1.7026513814926147,0.0,2.1954762041568756,0.0,0.49282482266426086,0.0,0.22796833515167236,0.0,0.2648564875125885,0.0,1.7026513814926147,0.0,2.1954762041568756,0.0,0.49282482266426086,0.0,0.22796833515167236,0.0,0.2648564875125885,0.0,1.7026513814926147,0.0,107.24154761619866,0.0,1.0,PD,ok,
0.001,0.01,0.01,0.01,0.0001,0.01,100.0,0.0,False,1,0.49254217743873596,0.0,0.22797679901123047,0.0,0.2645653784275055,0.0,1.702156662940979,0.0,2.194698840379715,0.0,0.49254217743873596,0.0,0.22797679901123047,0.0,0.2645653784275055,0.0,1.702156662940979,0.0,2.194698840379715,0.0,0.49254217743873596,0.0,0.22797679901123047,0.0,0.2645653784275055,0.0,1.702156662940979,0.0,107.83379562525079,0.0,1.0,PD,ok,
0.001,0.01,0.01,0.001,0.0001,0.01,100.0,0.0,False,1,0.49285292625427246,0.0,0.22798632085323334,0.0,0.26486659049987793,0.0,1.7026219367980957,0.0,2.195474863052368,0.0,0.49285292625427246,0.0,0.22798632085323334,0.0,0.26486659049987793,0.0,1.7026219367980957,0.0,2.195474863052368,0.0,0.49285292625427246,0.0,0.22798632085323334,0.0,0.26486659049987793,0.0,1.7026219367980957,0.0,106.87364435521886,0.0,1.0,PD,ok,
0.001,0.1,0.01,0.1,0.0001,0.01,100.0,0.0,False,1,0.4896537661552429,0.0,0.2280706912279129,0.0,0.2615830600261688,0.0,1.6971940994262695,0.0,2.1868478655815125,0.0,0.4896537661552429,0.0,0.2280706912279129,0.0,0.2615830600261688,0.0,1.6971940994262695,0.0,2.1868478655815125,0.0,0.4896537661552429,0.0,0.2280706912279129,0.0,0.2615830600261688,0.0,1.6971940994262695,0.0,48.355178511701524,0.0,1.0,PD,ok,
0.001,0.1,0.01,0.01,0.0001,0.01,100.0,0.0,False,1,0.49282968044281006,0.0,0.22816070914268494,0.0,0.2646689713001251,0.0,1.7018510103225708,0.0,2.194680690765381,0.0,0.49282968044281006,0.0,0.22816070914268494,0.0,0.2646689713001251,0.0,1.7018510103225708,0.0,2.194680690765381,0.0,0.49282968044281006,0.0,0.22816070914268494,0.0,0.2646689713001251,0.0,1.7018510103225708,0.0,48.34630473703146,0.0,1.0,PD,ok,
0.001,0.1,0.01,0.001,0.0001,0.01,100.0,0.0,False,1,0.4931405484676361,0.0,0.22816985845565796,0.0,0.26497069001197815,0.0,1.7023156881332397,0.0,2.195456236600876,0.0,0.4931405484676361,0.0,0.22816985845565796,0.0,0.26497069001197815,0.0,1.7023156881332397,0.0,2.195456236600876,0.0,0.4931405484676361,0.0,0.22816985845565796,0.0,0.26497069001197815,0.0,1.7023156881332397,0.0,48.096123756840825,0.0,1.0,PD,ok,
0.001,0.0001,0.01,0.001,0.1,0.01,100.0,0.0,False,1,0.23301585018634796,0.0,0.23266439139842987,0.0,0.00035146501613780856,0.0,1.7175847291946411,0.0,1.950600579380989,0.0,0.23301585018634796,0.0,0.23266439139842987,0.0,0.00035146501613780856,0.0,1.7175847291946411,0.0,1.950600579380989,0.0,0.23301585018634796,0.0,0.23266439139842987,0.0,0.00035146501613780856,0.0,1.7175847291946411,0.0,125.25807061837986,0.0,1.0,PD,ok,
0.001,0.0001,0.01,0.01,0.1,0.01,100.0,0.0,False,1,0.23301585018634796,0.0,0.23266439139842987,0.0,0.00035146501613780856,0.0,1.7175847291946411,0.0,1.950600579380989,0.0,0.23301585018634796,0.0,0.23266439139842987,0.0,0.00035146501613780856,0.0,1.7175847291946411,0.0,1.950600579380989,0.0,0.23301585018634796,0.0,0.23266439139842987,0.0,0.00035146501613780856,0.0,1.7175847291946411,0.0,115.58781490055844,0.0,1.0,PD,ok,
0.001,0.0001,0.01,0.1,0.1,0.01,100.0,0.0,False,1,0.23301585018634796,0.0,0.23266439139842987,0.0,0.00035146501613780856,0.0,1.7175847291946411,0.0,1.950600579380989,0.0,0.23301585018634796,0.0,0.23266439139842987,0.0,0.00035146501613780856,0.0,1.7175847291946411,0.0,1.950600579380989,0.0,0.23301585018634796,0.0,0.23266439139842987,0.0,0.00035146501613780856,0.0,1.7175847291946411,0.0,112.23809004342183,0.0,1.0,PD,ok,
0.001,0.001,0.01,0.001,0.1,0.01,100.0,0.0,False,1,0.23301585018634796,0.0,0.23266439139842987,0.0,0.00035146501613780856,0.0,1.673477292060852,0.0,1.9064931422472,0.0,0.23301585018634796,0.0,0.23266439139842987,0.0,0.00035146501613780856,0.0,1.673477292060852,0.0,1.9064931422472,0.0,0.23301585018634796,0.0,0.23266439139842987,0.0,0.00035146501613780856,0.0,1.673477292060852,0.0,109.66190231172368,0.0,1.0,PD,ok,
0.001,0.001,0.01,0.01,0.1,0.01,100.0,0.0,False,1,0.23301585018634796,0.0,0.23266439139842987,0.0,0.00035146501613780856,0.0,1.673477292060852,0.0,1.9064931422472,0.0,0.23301585018634796,0.0,0.23266439139842987,0.0,0.00035146501613780856,0.0,1.673477292060852,0.0,1.9064931422472,0.0,0.23301585018634796,0.0,0.23266439139842987,0.0,0.00035146501613780856,0.0,1.673477292060852,0.0,107.72055416507646,0.0,1.0,PD,ok,
0.001,0.01,0.01,0.001,0.1,0.01,100.0,0.0,False,1,0.23301585018634796,0.0,0.23266439139842987,0.0,0.00035146501613780856,0.0,1.2324001789093018,0.0,1.4654160290956497,0.0,0.23301585018634796,0.0,0.23266439139842987,0.0,0.00035146501613780856,0.0,1.2324001789093018,0.0,1.4654160290956497,0.0,0.23301585018634796,0.0,0.23266439139842987,0.0,0.00035146501613780856,0.0,1.2324001789093018,0.0,107.49872941570356,0.0,1.0,PD,ok,
0.001,0.01,0.01,0.01,0.1,0.01,100.0,0.0,False,1,0.23301585018634796,0.0,0.23266439139842987,0.0,0.00035146501613780856,0.0,1.2324001789093018,0.0,1.4654160290956497,0.0,0.23301585018634796,0.0,0.23266439139842987,0.0,0.00035146501613780856,0.0,1.2324001789093018,0.0,1.4654160290956497,0.0,0.23301585018634796,0.0,0.23266439139842987,0.0,0.00035146501613780856,0.0,1.2324001789093018,0.0,102.13719287561253,0.0,1.0,PD,ok,
0.001,0.1,0.01,0.001,0.1,0.01,100.0,0.0,False,1,0.23301585018634796,0.0,0.23266439139842987,0.0,0.00035146501613780856,0.0,3.1784396171569824,0.0,3.4114554673433304,0.0,0.23301585018634796,0.0,0.23266439139842987,0.0,0.00035146501613780856,0.0,3.1784396171569824,0.0,3.4114554673433304,0.0,0.23301585018634796,0.0,0.23266439139842987,0.0,0.00035146501613780856,0.0,3.1784396171569824,0.0,48.14506939332932,0.0,1.0,PD,ok,
0.001,0.1,0.01,0.01,0.01,0.1,100.0,0.0,False,1,1.0421040058135986,0.0,0.23266439139842987,0.0,0.8094395995140076,0.0,1775.9683837890625,0.0,1777.010487794876,0.0,1.0421040058135986,0.0,0.23266439139842987,0.0,0.8094395995140076,0.0,1775.9683837890625,0.0,1777.010487794876,0.0,0.8721052408218384,0.0,0.23266439139842987,0.0,0.3714917302131653,0.0,12.546406745910645,0.0,48.19626708002761,0.0,1.0,PD,ok,
0.001,0.1,0.01,0.01,0.1,0.01,100.0,0.0,False,1,0.23301585018634796,0.0,0.23266439139842987,0.0,0.00035146501613780856,0.0,3.1784396171569824,0.0,3.4114554673433304,0.0,0.23301585018634796,0.0,0.23266439139842987,0.0,0.00035146501613780856,0.0,3.1784396171569824,0.0,3.4114554673433304,0.0,0.23301585018634796,0.0,0.23266439139842987,0.0,0.00035146501613780856,0.0,3.1784396171569824,0.0,48.15658098645508,0.0,1.0,PD,ok,
0.001,0.1,0.01,0.1,0.1,0.01,100.0,0.0,False,1,0.23301585018634796,0.0,0.23266439139842987,0.0,0.00035146501613780856,0.0,3.1784398555755615,0.0,3.4114557057619095,0.0,0.23301585018634796,0.0,0.23266439139842987,0.0,0.00035146501613780856,0.0,3.1784398555755615,0.0,3.4114557057619095,0.0,0.23301585018634796,0.0,0.23266439139842987,0.0,0.00035146501613780856,0.0,3.1784398555755615,0.0,48.186974194832146,0.0,1.0,PD,ok,
0.001,0.1,0.1,0.001,0.1,0.01,100.0,0.0,False,1,0.2328934520483017,0.0,0.23266439139842987,0.0,0.00022906652884557843,0.0,3.931572914123535,0.0,4.164466366171837,0.0,0.2328934520483017,0.0,0.23266439139842987,0.0,0.00022906652884557843,0.0,3.931572914123535,0.0,4.164466366171837,0.0,0.2328934520483017,0.0,0.23266439139842987,0.0,0.00022906652884557843,0.0,3.931572914123535,0.0,48.002562650013715,0.0,1.0,PD,ok,
0.001,0.1,0.1,0.01,0.1,0.01,100.0,0.0,False,1,0.2328934520483017,0.0,0.23266439139842987,0.0,0.00022906652884557843,0.0,3.931572914123535,0.0,4.164466366171837,0.0,0.2328934520483017,0.0,0.23266439139842987,0.0,0.00022906652884557843,0.0,3.931572914123535,0.0,4.164466366171837,0.0,0.2328934520483017,0.0,0.23266439139842987,0.0,0.00022906652884557843,0.0,3.931572914123535,0.0,47.91877618152648,0.0,1.0,PD,ok,
0.001,0.1,0.1,0.1,0.1,0.01,100.0,0.0,False,1,0.2328934520483017,0.0,0.23266439139842987,0.0,0.00022906652884557843,0.0,3.931572914123535,0.0,4.164466366171837,0.0,0.2328934520483017,0.0,0.23266439139842987,0.0,0.00022906652884557843,0.0,3.931572914123535,0.0,4.164466366171837,0.0,0.2328934520483017,0.0,0.23266439139842987,0.0,0.00022906652884557843,0.0,3.931572914123535,0.0,43.90095909871161,0.0,1.0,PD,ok,
0.001,0.0001,0.1,0.1,0.0001,0.01,100.0,0.0,False,1,0.49599289894104004,0.0,0.2364034652709961,0.0,0.25958943367004395,0.0,1.6953239440917969,0.0,2.191316843032837,0.0,0.49599289894104004,0.0,0.2364034652709961,0.0,0.25958943367004395,0.0,1.6953239440917969,0.0,2.191316843032837,0.0,0.49599289894104004,0.0,0.2364034652709961,0.0,0.25958943367004395,0.0,1.6953239440917969,0.0,107.14687711186707,0.0,1.0,PD,ok,
0.001,0.001,0.1,0.1,0.0001,0.01,100.0,0.0,False,1,0.4959959387779236,0.0,0.2364053726196289,0.0,0.2595905661582947,0.0,1.695322036743164,0.0,2.1913179755210876,0.0,0.4959959387779236,0.0,0.2364053726196289,0.0,0.2595905661582947,0.0,1.695322036743164,0.0,2.1913179755210876,0.0,0.4959959387779236,0.0,0.2364053726196289,0.0,0.2595905661582947,0.0,1.695322036743164,0.0,110.40845855977386,0.0,1.0,PD,ok,
0.001,0.01,0.1,0.1,0.0001,0.01,100.0,0.0,False,1,0.4960259795188904,0.0,0.23642432689666748,0.0,0.2596016526222229,0.0,1.695290207862854,0.0,2.1913161873817444,0.0,0.4960259795188904,0.0,0.23642432689666748,0.0,0.2596016526222229,0.0,1.695290207862854,0.0,2.1913161873817444,0.0,0.4960259795188904,0.0,0.23642432689666748,0.0,0.2596016526222229,0.0,1.695290207862854,0.0,48.25311473058537,0.0,1.0,PD,ok,
0.001,0.1,0.1,0.1,0.0001,0.01,100.0,0.0,False,1,0.49633410573005676,0.0,0.23661792278289795,0.0,0.2597161829471588,0.0,1.6949703693389893,0.0,2.191304475069046,0.0,0.49633410573005676,0.0,0.23661792278289795,0.0,0.2597161829471588,0.0,1.6949703693389893,0.0,2.191304475069046,0.0,0.49633410573005676,0.0,0.23661792278289795,0.0,0.2597161829471588,0.0,1.6949703693389893,0.0,45.59178541973233,0.0,1.0,PD,ok,
0.001,0.0001,0.1,0.01,0.0001,0.01,100.0,0.0,False,1,0.49902474880218506,0.0,0.23677238821983337,0.0,0.2622523605823517,0.0,1.6993969678878784,0.0,2.1984217166900635,0.0,0.49902474880218506,0.0,0.23677238821983337,0.0,0.2622523605823517,0.0,1.6993969678878784,0.0,2.1984217166900635,0.0,0.49902474880218506,0.0,0.23677238821983337,0.0,0.2622523605823517,0.0,1.6993969678878784,0.0,108.97329130070284,0.0,1.0,PD,ok,
0.001,0.001,0.1,0.01,0.0001,0.01,100.0,0.0,False,1,0.4990274906158447,0.0,0.23677419126033783,0.0,0.2622533142566681,0.0,1.6993937492370605,0.0,2.1984212398529053,0.0,0.4990274906158447,0.0,0.23677419126033783,0.0,0.2622533142566681,0.0,1.6993937492370605,0.0,2.1984212398529053,0.0,0.4990274906158447,0.0,0.23677419126033783,0.0,0.2622533142566681,0.0,1.6993937492370605,0.0,109.67742701200768,0.0,1.0,PD,ok,
0.001,0.01,0.1,0.01,0.0001,0.01,100.0,0.0,False,1,0.49905645847320557,0.0,0.23679284751415253,0.0,0.26226362586021423,0.0,1.699362874031067,0.0,2.1984193325042725,0.0,0.49905645847320557,0.0,0.23679284751415253,0.0,0.26226362586021423,0.0,1.699362874031067,0.0,2.1984193325042725,0.0,0.49905645847320557,0.0,0.23679284751415253,0.0,0.26226362586021423,0.0,1.699362874031067,0.0,48.277844712138176,0.0,1.0,PD,ok,
0.001,0.0001,0.1,0.001,0.0001,0.01,100.0,0.0,False,1,0.49932861328125,0.0,0.23680955171585083,0.0,0.26251906156539917,0.0,1.6998021602630615,0.0,2.1991307735443115,0.0,0.49932861328125,0.0,0.23680955171585083,0.0,0.26251906156539917,0.0,1.6998021602630615,0.0,2.1991307735443115,0.0,0.49932861328125,0.0,0.23680955171585083,0.0,0.26251906156539917,0.0,1.6998021602630615,0.0,109.07506432617083,0.0,1.0,PD,ok,
0.001,0.001,0.1,0.001,0.0001,0.01,100.0,0.0,False,1,0.499331533908844,0.0,0.23681141436100006,0.0,0.26252010464668274,0.0,1.699798345565796,0.0,2.19912987947464,0.0,0.499331533908844,0.0,0.23681141436100006,0.0,0.26252010464668274,0.0,1.699798345565796,0.0,2.19912987947464,0.0,0.499331533908844,0.0,0.23681141436100006,0.0,0.26252010464668274,0.0,1.699798345565796,0.0,107.62262789253145,0.0,1.0,PD,ok,
0.001,0.01,0.1,0.001,0.0001,0.01,100.0,0.0,False,1,0.4993602931499481,0.0,0.236829936504364,0.0,0.2625303566455841,0.0,1.6997675895690918,0.0,2.19912788271904,0.0,0.4993602931499481,0.0,0.236829936504364,0.0,0.2625303566455841,0.0,1.6997675895690918,0.0,2.19912788271904,0.0,0.4993602931499481,0.0,0.236829936504364,0.0,0.2625303566455841,0.0,1.6997675895690918,0.0,56.67320068925619,0.0,1.0,PD,ok,
0.001,0.1,0.1,0.01,0.0001,0.01,100.0,0.0,False,1,0.4993530511856079,0.0,0.2369827777147293,0.0,0.2623702883720398,0.0,1.6990478038787842,0.0,2.198400855064392,0.0,0.4993530511856079,0.0,0.2369827777147293,0.0,0.2623702883720398,0.0,1.6990478038787842,0.0,2.198400855064392,0.0,0.4993530511856079,0.0,0.2369827777147293,0.0,0.2623702883720398,0.0,1.6990478038787842,0.0,48.058108737226576,0.0,1.0,PD,ok,
0.001,0.1,0.1,0.001,0.0001,0.01,100.0,0.0,False,1,0.49965590238571167,0.0,0.2370195984840393,0.0,0.26263630390167236,0.0,1.699452519416809,0.0,2.1991084218025208,0.0,0.49965590238571167,0.0,0.2370195984840393,0.0,0.26263630390167236,0.0,1.699452519416809,0.0,2.1991084218025208,0.0,0.49965590238571167,0.0,0.2370195984840393,0.0,0.26263630390167236,0.0,1.699452519416809,0.0,48.18669224483892,0.0,1.0,PD,ok,
0.001,0.01,0.1,0.001,0.1,0.01,100.0,0.0,False,1,0.23854047060012817,0.0,0.23831140995025635,0.0,0.00022906652884557843,0.0,2.5436694622039795,0.0,2.7822099328041077,0.0,0.23854047060012817,0.0,0.23831140995025635,0.0,0.00022906652884557843,0.0,2.5436694622039795,0.0,2.7822099328041077,0.0,0.23854047060012817,0.0,0.23831140995025635,0.0,0.00022906652884557843,0.0,2.5436694622039795,0.0,48.19439304759726,0.0,1.0,PD,ok,
0.001,0.01,0.1,0.01,0.1,0.01,100.0,0.0,False,1,0.23854047060012817,0.0,0.23831140995025635,0.0,0.00022906652884557843,0.0,2.5436694622039795,0.0,2.7822099328041077,0.0,0.23854047060012817,0.0,0.23831140995025635,0.0,0.00022906652884557843,0.0,2.5436694622039795,0.0,2.7822099328041077,0.0,0.23854047060012817,0.0,0.23831140995025635,0.0,0.00022906652884557843,0.0,2.5436694622039795,0.0,48.46488352166489,0.0,1.0,PD,ok,
0.001,0.1,0.1,0.1,0.0001,0.1,100.0,0.0,False,1,0.586551308631897,0.0,0.2386557012796402,0.0,0.34789562225341797,0.0,58.8099479675293,0.0,59.396499276161194,0.0,0.586551308631897,0.0,0.2386557012796402,0.0,0.34789562225341797,0.0,58.8099479675293,0.0,59.396499276161194,0.0,0.586551308631897,0.0,0.2386557012796402,0.0,0.34789562225341797,0.0,12.546406745910645,0.0,45.48603503825143,0.0,1.0,PD,ok,
0.001,0.01,0.1,0.1,0.0001,0.1,100.0,0.0,False,1,0.5824141502380371,0.0,0.238783061504364,0.0,0.3436310887336731,0.0,59.07773971557617,0.0,59.66015386581421,0.0,0.5824141502380371,0.0,0.238783061504364,0.0,0.3436310887336731,0.0,59.07773971557617,0.0,59.66015386581421,0.0,0.5824141502380371,0.0,0.238783061504364,0.0,0.3436310887336731,0.0,12.636406898498535,0.0,48.216741499491036,0.0,1.0,PD,ok,
0.001,0.001,0.1,0.1,0.0001,0.1,100.0,0.0,False,1,0.5820408463478088,0.0,0.23879675567150116,0.0,0.34324410557746887,0.0,59.0787467956543,0.0,59.660787642002106,0.0,0.5820408463478088,0.0,0.23879675567150116,0.0,0.34324410557746887,0.0,59.0787467956543,0.0,59.660787642002106,0.0,0.5820408463478088,0.0,0.23879675567150116,0.0,0.34324410557746887,0.0,12.645406723022461,0.0,110.42480379436165,0.0,1.0,PD,ok,
0.001,0.0001,0.1,0.1,0.0001,0.1,100.0,0.0,False,1,0.5820037126541138,0.0,0.2387981414794922,0.0,0.3432055711746216,0.0,59.07855987548828,0.0,59.660563588142395,0.0,0.5820037126541138,0.0,0.2387981414794922,0.0,0.3432055711746216,0.0,59.07855987548828,0.0,59.660563588142395,0.0,0.5820037126541138,0.0,0.2387981414794922,0.0,0.3432055711746216,0.0,12.646306991577148,0.0,107.12331537157297,0.0,1.0,PD,ok,
0.001,0.0001,0.001,0.001,0.1,0.1,100.0,0.0,False,1,0.30652108788490295,0.0,0.2409077137708664,0.0,0.06561336666345596,0.0,399.2099609375,0.0,399.5164820253849,0.0,0.30652108788490295,0.0,0.2409077137708664,0.0,0.06561336666345596,0.0,399.2099609375,0.0,399.5164820253849,0.0,0.30652108788490295,0.0,0.2409077137708664,0.0,0.06561336666345596,0.0,12.646306991577148,0.0,141.13937203912064,0.0,1.0,PD,ok,
0.001,0.0001,0.001,0.01,0.1,0.1,100.0,0.0,False,1,0.30652108788490295,0.0,0.2409077137708664,0.0,0.06561336666345596,0.0,399.2173767089844,0.0,399.5238977968693,0.0,0.30652108788490295,0.0,0.2409077137708664,0.0,0.06561336666345596,0.0,399.2173767089844,0.0,399.5238977968693,0.0,0.30652108788490295,0.0,0.2409077137708664,0.0,0.06561336666345596,0.0,12.646306991577148,0.0,118.15728745469823,0.0,1.0,PD,ok,
0.001,0.0001,0.001,0.1,0.1,0.1,100.0,0.0,False,1,0.30652108788490295,0.0,0.2409077137708664,0.0,0.06561336666345596,0.0,399.29193115234375,0.0,399.59845224022865,0.0,0.30652108788490295,0.0,0.2409077137708664,0.0,0.06561336666345596,0.0,399.29193115234375,0.0,399.59845224022865,0.0,0.30652108788490295,0.0,0.2409077137708664,0.0,0.06561336666345596,0.0,12.646306991577148,0.0,118.21547134034336,0.0,1.0,PD,ok,
0.001,0.001,0.001,0.001,0.1,0.1,100.0,0.0,False,1,0.30652108788490295,0.0,0.2409077137708664,0.0,0.06561336666345596,0.0,399.1618957519531,0.0,399.468416839838,0.0,0.30652108788490295,0.0,0.2409077137708664,0.0,0.06561336666345596,0.0,399.1618957519531,0.0,399.468416839838,0.0,0.30652108788490295,0.0,0.2409077137708664,0.0,0.06561336666345596,0.0,12.645406723022461,0.0,109.2335121743381,0.0,1.0,PD,ok,
0.001,0.001,0.001,0.01,0.1,0.1,100.0,0.0,False,1,0.30652108788490295,0.0,0.2409077137708664,0.0,0.06561336666345596,0.0,399.1693420410156,0.0,399.4758631289005,0.0,0.30652108788490295,0.0,0.2409077137708664,0.0,0.06561336666345596,0.0,399.1693420410156,0.0,399.4758631289005,0.0,0.30652108788490295,0.0,0.2409077137708664,0.0,0.06561336666345596,0.0,12.645406723022461,0.0,106.09514817688614,0.0,1.0,PD,ok,
0.001,0.001,0.001,0.1,0.1,0.1,100.0,0.0,False,1,0.30652108788490295,0.0,0.2409077137708664,0.0,0.06561336666345596,0.0,399.2439270019531,0.0,399.550448089838,0.0,0.30652108788490295,0.0,0.2409077137708664,0.0,0.06561336666345596,0.0,399.2439270019531,0.0,399.550448089838,0.0,0.30652108788490295,0.0,0.2409077137708664,0.0,0.06561336666345596,0.0,12.645406723022461,0.0,108.53771794773638,0.0,1.0,PD,ok,
0.001,0.01,0.001,0.001,0.1,0.1,100.0,0.0,False,1,0.30652108788490295,0.0,0.2409077137708664,0.0,0.06561336666345596,0.0,398.68115234375,0.0,398.9876734316349,0.0,0.30652108788490295,0.0,0.2409077137708664,0.0,0.06561336666345596,0.0,398.68115234375,0.0,398.9876734316349,0.0,0.30652108788490295,0.0,0.2409077137708664,0.0,0.06561336666345596,0.0,12.636406898498535,0.0,109.5240034982562,0.0,1.0,PD,ok,
0.001,0.01,0.001,0.01,0.1,0.1,100.0,0.0,False,1,0.30652108788490295,0.0,0.2409077137708664,0.0,0.06561336666345596,0.0,398.6886291503906,0.0,398.9951502382755,0.0,0.30652108788490295,0.0,0.2409077137708664,0.0,0.06561336666345596,0.0,398.6886291503906,0.0,398.9951502382755,0.0,0.30652108788490295,0.0,0.2409077137708664,0.0,0.06561336666345596,0.0,12.636406898498535,0.0,107.51832531765103,0.0,1.0,PD,ok,
0.001,0.01,0.001,0.1,0.1,0.1,100.0,0.0,False,1,0.30652108788490295,0.0,0.2409077137708664,0.0,0.06561336666345596,0.0,398.7632141113281,0.0,399.069735199213,0.0,0.30652108788490295,0.0,0.2409077137708664,0.0,0.06561336666345596,0.0,398.7632141113281,0.0,399.069735199213,0.0,0.30652108788490295,0.0,0.2409077137708664,0.0,0.06561336666345596,0.0,12.636406898498535,0.0,109.69534886674955,0.0,1.0,PD,ok,
0.001,0.1,0.001,0.001,0.1,0.1,100.0,0.0,False,1,0.30652108788490295,0.0,0.2409077137708664,0.0,0.06561336666345596,0.0,393.8639221191406,0.0,394.1704432070255,0.0,0.30652108788490295,0.0,0.2409077137708664,0.0,0.06561336666345596,0.0,393.8639221191406,0.0,394.1704432070255,0.0,0.30652108788490295,0.0,0.2409077137708664,0.0,0.06561336666345596,0.0,12.546406745910645,0.0,48.30625704256818,0.0,1.0,PD,ok,
0.001,0.1,0.001,0.01,0.1,0.1,100.0,0.0,False,1,0.30652108788490295,0.0,0.2409077137708664,0.0,0.06561336666345596,0.0,393.87152099609375,0.0,394.17804208397865,0.0,0.30652108788490295,0.0,0.2409077137708664,0.0,0.06561336666345596,0.0,393.87152099609375,0.0,394.17804208397865,0.0,0.30652108788490295,0.0,0.2409077137708664,0.0,0.06561336666345596,0.0,12.546406745910645,0.0,48.296058976557106,0.0,1.0,PD,ok,
0.001,0.1,0.001,0.1,0.1,0.1,100.0,0.0,False,1,0.30652108788490295,0.0,0.2409077137708664,0.0,0.06561336666345596,0.0,393.9470520019531,0.0,394.253573089838,0.0,0.30652108788490295,0.0,0.2409077137708664,0.0,0.06561336666345596,0.0,393.9470520019531,0.0,394.253573089838,0.0,0.30652108788490295,0.0,0.2409077137708664,0.0,0.06561336666345596,0.0,12.546406745910645,0.0,48.29127614805475,0.0,1.0,PD,ok,
0.001,0.001,0.1,0.01,0.1,0.01,100.0,0.0,False,1,0.241363987326622,0.0,0.24113492667675018,0.0,0.00022906652884557843,0.0,2.5436673164367676,0.0,2.7850313037633896,0.0,0.241363987326622,0.0,0.24113492667675018,0.0,0.00022906652884557843,0.0,2.5436673164367676,0.0,2.7850313037633896,0.0,0.241363987326622,0.0,0.24113492667675018,0.0,0.00022906652884557843,0.0,2.5436673164367676,0.0,108.60515855485573,0.0,1.0,PD,ok,
0.001,0.001,0.1,0.001,0.1,0.01,100.0,0.0,False,1,0.2417168915271759,0.0,0.24148783087730408,0.0,0.00022906652884557843,0.0,2.5436673164367676,0.0,2.7853842079639435,0.0,0.2417168915271759,0.0,0.24148783087730408,0.0,0.00022906652884557843,0.0,2.5436673164367676,0.0,2.7853842079639435,0.0,0.2417168915271759,0.0,0.24148783087730408,0.0,0.00022906652884557843,0.0,2.5436673164367676,0.0,110.0289141763933,0.0,1.0,PD,ok,
0.001,0.0001,0.1,0.001,0.1,0.01,100.0,0.0,False,1,0.24277575314044952,0.0,0.2425466924905777,0.0,0.00022906652884557843,0.0,2.5436670780181885,0.0,2.786442831158638,0.0,0.24277575314044952,0.0,0.2425466924905777,0.0,0.00022906652884557843,0.0,2.5436670780181885,0.0,2.786442831158638,0.0,0.24277575314044952,0.0,0.2425466924905777,0.0,0.00022906652884557843,0.0,2.5436670780181885,0.0,109.24788388470188,0.0,1.0,PD,ok,
0.001,0.0001,0.1,0.01,0.1,0.01,100.0,0.0,False,1,0.24277575314044952,0.0,0.2425466924905777,0.0,0.00022906652884557843,0.0,2.5436670780181885,0.0,2.786442831158638,0.0,0.24277575314044952,0.0,0.2425466924905777,0.0,0.00022906652884557843,0.0,2.5436670780181885,0.0,2.786442831158638,0.0,0.24277575314044952,0.0,0.2425466924905777,0.0,0.00022906652884557843,0.0,2.5436670780181885,0.0,107.17974407738075,0.0,1.0,PD,ok,
0.001,0.0001,0.1,0.1,0.1,0.01,100.0,0.0,False,1,0.24312865734100342,0.0,0.2428995966911316,0.0,0.00022906652884557843,0.0,2.5436670780181885,0.0,2.786795735359192,0.0,0.24312865734100342,0.0,0.2428995966911316,0.0,0.00022906652884557843,0.0,2.5436670780181885,0.0,2.786795735359192,0.0,0.24312865734100342,0.0,0.2428995966911316,0.0,0.00022906652884557843,0.0,2.5436670780181885,0.0,103.66540960408747,0.0,1.0,PD,ok,
0.001,0.001,0.1,0.1,0.1,0.01,100.0,0.0,False,1,0.24383455514907837,0.0,0.24360549449920654,0.0,0.00022906652884557843,0.0,2.5436673164367676,0.0,2.787501871585846,0.0,0.24383455514907837,0.0,0.24360549449920654,0.0,0.00022906652884557843,0.0,2.5436673164367676,0.0,2.787501871585846,0.0,0.24383455514907837,0.0,0.24360549449920654,0.0,0.00022906652884557843,0.0,2.5436673164367676,0.0,110.73650156753138,0.0,1.0,PD,ok,
0.001,0.0001,0.01,0.01,0.1,0.1,100.0,0.0,False,1,0.24642755091190338,0.0,0.2460760921239853,0.0,0.00035146501613780856,0.0,1.7175830602645874,0.0,1.9640106111764908,0.0,0.24642755091190338,0.0,0.2460760921239853,0.0,0.00035146501613780856,0.0,1.7175830602645874,0.0,1.9640106111764908,0.0,0.24642755091190338,0.0,0.2460760921239853,0.0,0.00035146501613780856,0.0,1.7175830602645874,0.0,112.2439069757238,0.0,1.0,PD,ok,
0.001,0.1,0.01,0.001,0.1,0.1,100.0,0.0,False,1,0.24678048491477966,0.0,0.24642902612686157,0.0,0.00035146501613780856,0.0,3.178436517715454,0.0,3.4252170026302338,0.0,0.24678048491477966,0.0,0.24642902612686157,0.0,0.00035146501613780856,0.0,3.178436517715454,0.0,3.4252170026302338,0.0,0.24678048491477966,0.0,0.24642902612686157,0.0,0.00035146501613780856,0.0,3.178436517715454,0.0,48.09538110019639,0.0,1.0,PD,ok,
0.001,0.1,0.01,0.01,0.1,0.1,100.0,0.0,False,1,0.24678048491477966,0.0,0.24642902612686157,0.0,0.00035146501613780856,0.0,3.178436517715454,0.0,3.4252170026302338,0.0,0.24678048491477966,0.0,0.24642902612686157,0.0,0.00035146501613780856,0.0,3.178436517715454,0.0,3.4252170026302338,0.0,0.24678048491477966,0.0,0.24642902612686157,0.0,0.00035146501613780856,0.0,3.178436517715454,0.0,48.122088079340756,0.0,1.0,PD,ok,
0.001,0.1,0.01,0.1,0.1,0.1,100.0,0.0,False,1,0.24713340401649475,0.0,0.24678194522857666,0.0,0.00035146501613780856,0.0,3.178436517715454,0.0,3.425569921731949,0.0,0.24713340401649475,0.0,0.24678194522857666,0.0,0.00035146501613780856,0.0,3.178436517715454,0.0,3.425569921731949,0.0,0.24713340401649475,0.0,0.24678194522857666,0.0,0.00035146501613780856,0.0,3.178436517715454,0.0,48.17100835684687,0.0,1.0,PD,ok,
0.001,0.0001,0.01,0.001,0.1,0.1,100.0,0.0,False,1,0.24854518473148346,0.0,0.24819372594356537,0.0,0.00035146501613780856,0.0,1.7175830602645874,0.0,1.9661282449960709,0.0,0.24854518473148346,0.0,0.24819372594356537,0.0,0.00035146501613780856,0.0,1.7175830602645874,0.0,1.9661282449960709,0.0,0.24854518473148346,0.0,0.24819372594356537,0.0,0.00035146501613780856,0.0,1.7175830602645874,0.0,125.36091906577349,0.0,1.0,PD,ok,
0.001,0.0001,0.1,0.001,0.01,0.1,100.0,0.0,False,1,0.2484227865934372,0.0,0.24819372594356537,0.0,0.00022906652884557843,0.0,2.5440287590026855,0.0,2.7924515455961227,0.0,0.2484227865934372,0.0,0.24819372594356537,0.0,0.00022906652884557843,0.0,2.5440287590026855,0.0,2.7924515455961227,0.0,0.2484227865934372,0.0,0.24819372594356537,0.0,0.00022906652884557843,0.0,2.5440287590026855,0.0,108.95197091065347,0.0,1.0,PD,ok,
0.001,0.0001,0.1,0.01,0.01,0.1,100.0,0.0,False,1,0.2484227865934372,0.0,0.24819372594356537,0.0,0.00022906652884557843,0.0,2.5440287590026855,0.0,2.7924515455961227,0.0,0.2484227865934372,0.0,0.24819372594356537,0.0,0.00022906652884557843,0.0,2.5440287590026855,0.0,2.7924515455961227,0.0,0.2484227865934372,0.0,0.24819372594356537,0.0,0.00022906652884557843,0.0,2.5440287590026855,0.0,107.15374808385968,0.0,1.0,PD,ok,
0.001,0.0001,0.1,0.1,0.01,0.1,100.0,0.0,False,1,0.2484227865934372,0.0,0.24819372594356537,0.0,0.00022906652884557843,0.0,2.5440289974212646,0.0,2.792451784014702,0.0,0.2484227865934372,0.0,0.24819372594356537,0.0,0.00022906652884557843,0.0,2.5440289974212646,0.0,2.792451784014702,0.0,0.2484227865934372,0.0,0.24819372594356537,0.0,0.00022906652884557843,0.0,2.5440289974212646,0.0,103.50441473443061,0.0,1.0,PD,ok,
0.001,0.001,0.1,0.001,0.01,0.1,100.0,0.0,False,1,0.2484227865934372,0.0,0.24819372594356537,0.0,0.00022906652884557843,0.0,2.5440285205841064,0.0,2.7924513071775436,0.0,0.2484227865934372,0.0,0.24819372594356537,0.0,0.00022906652884557843,0.0,2.5440285205841064,0.0,2.7924513071775436,0.0,0.2484227865934372,0.0,0.24819372594356537,0.0,0.00022906652884557843,0.0,2.5440285205841064,0.0,110.00056242523715,0.0,1.0,PD,ok,
0.001,0.001,0.1,0.01,0.01,0.1,100.0,0.0,False,1,0.2484227865934372,0.0,0.24819372594356537,0.0,0.00022906652884557843,0.0,2.5440285205841064,0.0,2.7924513071775436,0.0,0.2484227865934372,0.0,0.24819372594356537,0.0,0.00022906652884557843,0.0,2.5440285205841064,0.0,2.7924513071775436,0.0,0.2484227865934372,0.0,0.24819372594356537,0.0,0.00022906652884557843,0.0,2.5440285205841064,0.0,108.54725435422733,0.0,1.0,PD,ok,
0.001,0.001,0.1,0.1,0.01,0.1,100.0,0.0,False,1,0.2484227865934372,0.0,0.24819372594356537,0.0,0.00022906652884557843,0.0,2.5440287590026855,0.0,2.7924515455961227,0.0,0.2484227865934372,0.0,0.24819372594356537,0.0,0.00022906652884557843,0.0,2.5440287590026855,0.0,2.7924515455961227,0.0,0.2484227865934372,0.0,0.24819372594356537,0.0,0.00022906652884557843,0.0,2.5440287590026855,0.0,110.63873447943479,0.0,1.0,PD,ok,
0.001,0.01,0.1,0.001,0.01,0.1,100.0,0.0,False,1,0.2484227865934372,0.0,0.24819372594356537,0.0,0.00022906652884557843,0.0,2.544025182723999,0.0,2.792447969317436,0.0,0.2484227865934372,0.0,0.24819372594356537,0.0,0.00022906652884557843,0.0,2.544025182723999,0.0,2.792447969317436,0.0,0.2484227865934372,0.0,0.24819372594356537,0.0,0.00022906652884557843,0.0,2.544025182723999,0.0,48.13575973222032,0.0,1.0,PD,ok,
0.001,0.01,0.1,0.01,0.01,0.1,100.0,0.0,False,1,0.2484227865934372,0.0,0.24819372594356537,0.0,0.00022906652884557843,0.0,2.544025182723999,0.0,2.792447969317436,0.0,0.2484227865934372,0.0,0.24819372594356537,0.0,0.00022906652884557843,0.0,2.544025182723999,0.0,2.792447969317436,0.0,0.2484227865934372,0.0,0.24819372594356537,0.0,0.00022906652884557843,0.0,2.544025182723999,0.0,48.11078654322773,0.0,1.0,PD,ok,
0.001,0.01,0.1,0.1,0.01,0.1,100.0,0.0,False,1,0.2484227865934372,0.0,0.24819372594356537,0.0,0.00022906652884557843,0.0,2.544025421142578,0.0,2.7924482077360153,0.0,0.2484227865934372,0.0,0.24819372594356537,0.0,0.00022906652884557843,0.0,2.544025421142578,0.0,2.7924482077360153,0.0,0.2484227865934372,0.0,0.24819372594356537,0.0,0.00022906652884557843,0.0,2.544025421142578,0.0,48.45251880539581,0.0,1.0,PD,ok,
0.001,0.01,0.1,0.1,0.1,0.01,100.0,0.0,False,1,0.2484227865934372,0.0,0.24819372594356537,0.0,0.00022906652884557843,0.0,2.5436694622039795,0.0,2.7920922487974167,0.0,0.2484227865934372,0.0,0.24819372594356537,0.0,0.00022906652884557843,0.0,2.5436694622039795,0.0,2.7920922487974167,0.0,0.2484227865934372,0.0,0.24819372594356537,0.0,0.00022906652884557843,0.0,2.5436694622039795,0.0,48.236375061329454,0.0,1.0,PD,ok,
0.001,0.1,0.1,0.001,0.01,0.1,100.0,0.0,False,1,0.2484227865934372,0.0,0.24819372594356537,0.0,0.00022906652884557843,0.0,3.932340621948242,0.0,4.180763408541679,0.0,0.2484227865934372,0.0,0.24819372594356537,0.0,0.00022906652884557843,0.0,3.932340621948242,0.0,4.180763408541679,0.0,0.2484227865934372,0.0,0.24819372594356537,0.0,0.00022906652884557843,0.0,3.932340621948242,0.0,48.48470695363358,0.0,1.0,PD,ok,
0.001,0.1,0.1,0.01,0.01,0.1,100.0,0.0,False,1,0.2484227865934372,0.0,0.24819372594356537,0.0,0.00022906652884557843,0.0,3.932340621948242,0.0,4.180763408541679,0.0,0.2484227865934372,0.0,0.24819372594356537,0.0,0.00022906652884557843,0.0,3.932340621948242,0.0,4.180763408541679,0.0,0.2484227865934372,0.0,0.24819372594356537,0.0,0.00022906652884557843,0.0,3.932340621948242,0.0,48.277075834106654,0.0,1.0,PD,ok,
0.001,0.1,0.1,0.1,0.01,0.1,100.0,0.0,False,1,0.2484227865934372,0.0,0.24819372594356537,0.0,0.00022906652884557843,0.0,3.9323408603668213,0.0,4.1807636469602585,0.0,0.2484227865934372,0.0,0.24819372594356537,0.0,0.00022906652884557843,0.0,3.9323408603668213,0.0,4.1807636469602585,0.0,0.2484227865934372,0.0,0.24819372594356537,0.0,0.00022906652884557843,0.0,3.9323408603668213,0.0,44.18235498247668,0.0,1.0,PD,ok,
0.001,0.001,0.01,0.001,0.1,0.1,100.0,0.0,False,1,0.24889813363552094,0.0,0.24854667484760284,0.0,0.00035146501613780856,0.0,1.673475742340088,0.0,1.9223738759756088,0.0,0.24889813363552094,0.0,0.24854667484760284,0.0,0.00035146501613780856,0.0,1.673475742340088,0.0,1.9223738759756088,0.0,0.24889813363552094,0.0,0.24854667484760284,0.0,0.00035146501613780856,0.0,1.673475742340088,0.0,109.56679454632103,0.0,1.0,PD,ok,
0.001,0.001,0.01,0.01,0.1,0.1,100.0,0.0,False,1,0.24889813363552094,0.0,0.24854667484760284,0.0,0.00035146501613780856,0.0,1.673475742340088,0.0,1.9223738759756088,0.0,0.24889813363552094,0.0,0.24854667484760284,0.0,0.00035146501613780856,0.0,1.673475742340088,0.0,1.9223738759756088,0.0,0.24889813363552094,0.0,0.24854667484760284,0.0,0.00035146501613780856,0.0,1.673475742340088,0.0,107.92054799105972,0.0,1.0,PD,ok,
0.001,0.0001,0.1,0.001,0.1,0.1,100.0,0.0,False,1,0.24912869930267334,0.0,0.2488996386528015,0.0,0.00022906652884557843,0.0,2.543755054473877,0.0,2.7928837537765503,0.0,0.24912869930267334,0.0,0.2488996386528015,0.0,0.00022906652884557843,0.0,2.543755054473877,0.0,2.7928837537765503,0.0,0.24912869930267334,0.0,0.2488996386528015,0.0,0.00022906652884557843,0.0,2.543755054473877,0.0,109.31095724646002,0.0,1.0,PD,ok,
0.001,0.0001,0.1,0.01,0.1,0.1,100.0,0.0,False,1,0.24912869930267334,0.0,0.2488996386528015,0.0,0.00022906652884557843,0.0,2.543755054473877,0.0,2.7928837537765503,0.0,0.24912869930267334,0.0,0.2488996386528015,0.0,0.00022906652884557843,0.0,2.543755054473877,0.0,2.7928837537765503,0.0,0.24912869930267334,0.0,0.2488996386528015,0.0,0.00022906652884557843,0.0,2.543755054473877,0.0,107.24390930635855,0.0,1.0,PD,ok,
0.001,0.0001,0.1,0.1,0.1,0.1,100.0,0.0,False,1,0.24912869930267334,0.0,0.2488996386528015,0.0,0.00022906652884557843,0.0,2.543754816055298,0.0,2.792883515357971,0.0,0.24912869930267334,0.0,0.2488996386528015,0.0,0.00022906652884557843,0.0,2.543754816055298,0.0,2.792883515357971,0.0,0.24912869930267334,0.0,0.2488996386528015,0.0,0.00022906652884557843,0.0,2.543754816055298,0.0,103.67388113262132,0.0,1.0,PD,ok,
0.001,0.001,0.1,0.001,0.1,0.1,100.0,0.0,False,1,0.24912869930267334,0.0,0.2488996386528015,0.0,0.00022906652884557843,0.0,2.543755292892456,0.0,2.7928839921951294,0.0,0.24912869930267334,0.0,0.2488996386528015,0.0,0.00022906652884557843,0.0,2.543755292892456,0.0,2.7928839921951294,0.0,0.24912869930267334,0.0,0.2488996386528015,0.0,0.00022906652884557843,0.0,2.543755292892456,0.0,110.11239461088553,0.0,1.0,PD,ok,
0.001,0.001,0.1,0.01,0.1,0.1,100.0,0.0,False,1,0.24912869930267334,0.0,0.2488996386528015,0.0,0.00022906652884557843,0.0,2.543755292892456,0.0,2.7928839921951294,0.0,0.24912869930267334,0.0,0.2488996386528015,0.0,0.00022906652884557843,0.0,2.543755292892456,0.0,2.7928839921951294,0.0,0.24912869930267334,0.0,0.2488996386528015,0.0,0.00022906652884557843,0.0,2.543755292892456,0.0,108.76991799706593,0.0,1.0,PD,ok,
0.001,0.001,0.1,0.1,0.1,0.1,100.0,0.0,False,1,0.24912869930267334,0.0,0.2488996386528015,0.0,0.00022906652884557843,0.0,2.543755054473877,0.0,2.7928837537765503,0.0,0.24912869930267334,0.0,0.2488996386528015,0.0,0.00022906652884557843,0.0,2.543755054473877,0.0,2.7928837537765503,0.0,0.24912869930267334,0.0,0.2488996386528015,0.0,0.00022906652884557843,0.0,2.543755054473877,0.0,110.46331180771813,0.0,1.0,PD,ok,
0.001,0.01,0.1,0.001,0.1,0.1,100.0,0.0,False,1,0.24912869930267334,0.0,0.2488996386528015,0.0,0.00022906652884557843,0.0,2.543757200241089,0.0,2.792885899543762,0.0,0.24912869930267334,0.0,0.2488996386528015,0.0,0.00022906652884557843,0.0,2.543757200241089,0.0,2.792885899543762,0.0,0.24912869930267334,0.0,0.2488996386528015,0.0,0.00022906652884557843,0.0,2.543757200241089,0.0,48.41722524352372,0.0,1.0,PD,ok,
0.001,0.01,0.1,0.01,0.1,0.1,100.0,0.0,False,1,0.24912869930267334,0.0,0.2488996386528015,0.0,0.00022906652884557843,0.0,2.543757200241089,0.0,2.792885899543762,0.0,0.24912869930267334,0.0,0.2488996386528015,0.0,0.00022906652884557843,0.0,2.543757200241089,0.0,2.792885899543762,0.0,0.24912869930267334,0.0,0.2488996386528015,0.0,0.00022906652884557843,0.0,2.543757200241089,0.0,48.3027227842249,0.0,1.0,PD,ok,
0.001,0.01,0.1,0.1,0.1,0.1,100.0,0.0,False,1,0.24912869930267334,0.0,0.2488996386528015,0.0,0.00022906652884557843,0.0,2.5437569618225098,0.0,2.792885661125183,0.0,0.24912869930267334,0.0,0.2488996386528015,0.0,0.00022906652884557843,0.0,2.5437569618225098,0.0,2.792885661125183,0.0,0.24912869930267334,0.0,0.2488996386528015,0.0,0.00022906652884557843,0.0,2.5437569618225098,0.0,48.49936457304284,0.0,1.0,PD,ok,
0.001,0.1,0.1,0.001,0.1,0.1,100.0,0.0,False,1,0.24912869930267334,0.0,0.2488996386528015,0.0,0.00022906652884557843,0.0,3.9317891597747803,0.0,4.180917859077454,0.0,0.24912869930267334,0.0,0.2488996386528015,0.0,0.00022906652884557843,0.0,3.9317891597747803,0.0,4.180917859077454,0.0,0.24912869930267334,0.0,0.2488996386528015,0.0,0.00022906652884557843,0.0,3.9317891597747803,0.0,48.174702916294336,0.0,1.0,PD,ok,
0.001,0.1,0.1,0.01,0.1,0.1,100.0,0.0,False,1,0.24912869930267334,0.0,0.2488996386528015,0.0,0.00022906652884557843,0.0,3.9317891597747803,0.0,4.180917859077454,0.0,0.24912869930267334,0.0,0.2488996386528015,0.0,0.00022906652884557843,0.0,3.9317891597747803,0.0,4.180917859077454,0.0,0.24912869930267334,0.0,0.2488996386528015,0.0,0.00022906652884557843,0.0,3.9317891597747803,0.0,47.7851474233903,0.0,1.0,PD,ok,
0.001,0.1,0.1,0.1,0.1,0.1,100.0,0.0,False,1,0.24912869930267334,0.0,0.2488996386528015,0.0,0.00022906652884557843,0.0,3.931788921356201,0.0,4.1809176206588745,0.0,0.24912869930267334,0.0,0.2488996386528015,0.0,0.00022906652884557843,0.0,3.931788921356201,0.0,4.1809176206588745,0.0,0.24912869930267334,0.0,0.2488996386528015,0.0,0.00022906652884557843,0.0,3.931788921356201,0.0,43.816452940460294,0.0,1.0,PD,ok,
0.001,0.001,0.01,0.001,0.01,0.1,100.0,0.0,False,1,0.24995523691177368,0.0,0.24923132359981537,0.0,0.0007239207625389099,0.0,0.7674544453620911,0.0,1.0174096822738647,0.0,0.24995523691177368,0.0,0.24923132359981537,0.0,0.0007239207625389099,0.0,0.7674544453620911,0.0,1.0174096822738647,0.0,0.24995523691177368,0.0,0.24923132359981537,0.0,0.0007239207625389099,0.0,0.7674544453620911,0.0,109.68292878614739,0.0,1.0,PD,ok,
0.001,0.01,0.01,0.1,0.1,0.1,100.0,0.0,False,1,0.2496040016412735,0.0,0.2492525428533554,0.0,0.00035146501613780856,0.0,1.2323989868164062,0.0,1.4820029884576797,0.0,0.2496040016412735,0.0,0.2492525428533554,0.0,0.00035146501613780856,0.0,1.2323989868164062,0.0,1.4820029884576797,0.0,0.2496040016412735,0.0,0.2492525428533554,0.0,0.00035146501613780856,0.0,1.2323989868164062,0.0,98.39953666832298,0.0,1.0,PD,ok,
0.001,0.1,0.1,0.01,0.0001,0.1,100.0,0.0,False,1,0.47019362449645996,0.0,0.24991841614246368,0.0,0.22027519345283508,0.0,15.945725440979004,0.0,16.415919065475464,0.0,0.47019362449645996,0.0,0.24991841614246368,0.0,0.22027519345283508,0.0,15.945725440979004,0.0,16.415919065475464,0.0,0.47019362449645996,0.0,0.24991841614246368,0.0,0.22027519345283508,0.0,12.546406745910645,0.0,48.174239525571465,0.0,1.0,PD,ok,
0.001,0.01,0.1,0.01,0.0001,0.1,100.0,0.0,False,1,0.4642406404018402,0.0,0.25002604722976685,0.0,0.21421459317207336,0.0,14.858527183532715,0.0,15.322767823934555,0.0,0.4642406404018402,0.0,0.25002604722976685,0.0,0.21421459317207336,0.0,14.858527183532715,0.0,15.322767823934555,0.0,0.4642406404018402,0.0,0.25002604722976685,0.0,0.21421459317207336,0.0,12.636406898498535,0.0,48.26640466041863,0.0,1.0,PD,ok,
0.001,0.001,0.1,0.01,0.0001,0.1,100.0,0.0,False,1,0.4637065529823303,0.0,0.2500351667404175,0.0,0.21367140114307404,0.0,14.77369499206543,0.0,15.23740154504776,0.0,0.4637065529823303,0.0,0.2500351667404175,0.0,0.21367140114307404,0.0,14.77369499206543,0.0,15.23740154504776,0.0,0.4637065529823303,0.0,0.2500351667404175,0.0,0.21367140114307404,0.0,12.645406723022461,0.0,109.96779554570094,0.0,1.0,PD,ok,
0.001,0.0001,0.1,0.01,0.0001,0.1,100.0,0.0,False,1,0.46365347504615784,0.0,0.2500362992286682,0.0,0.21361717581748962,0.0,14.765433311462402,0.0,15.22908678650856,0.0,0.46365347504615784,0.0,0.2500362992286682,0.0,0.21361717581748962,0.0,14.765433311462402,0.0,15.22908678650856,0.0,0.46365347504615784,0.0,0.2500362992286682,0.0,0.21361717581748962,0.0,12.646306991577148,0.0,109.25039829546586,0.0,1.0,PD,ok,
0.001,0.01,0.01,0.001,0.01,0.1,100.0,0.0,False,1,0.25034841895103455,0.0,0.2500370144844055,0.0,0.00031141849467530847,0.0,0.3786918520927429,0.0,0.6290402710437775,0.0,0.25034841895103455,0.0,0.2500370144844055,0.0,0.00031141849467530847,0.0,0.3786918520927429,0.0,0.6290402710437775,0.0,0.25034841895103455,0.0,0.2500370144844055,0.0,0.00031141849467530847,0.0,0.3786918520927429,0.0,107.6214484279044,0.0,1.0,PD,ok,
0.001,0.1,0.1,0.001,0.0001,0.1,100.0,0.0,False,1,0.4641946852207184,0.0,0.25037074089050293,0.0,0.21382394433021545,0.0,13.905208587646484,0.0,14.369403272867203,0.0,0.4641946852207184,0.0,0.25037074089050293,0.0,0.21382394433021545,0.0,13.905208587646484,0.0,14.369403272867203,0.0,0.4641946852207184,0.0,0.25037074089050293,0.0,0.21382394433021545,0.0,12.546406745910645,0.0,48.28921992564574,0.0,1.0,PD,ok,
0.001,0.01,0.1,0.001,0.0001,0.1,100.0,0.0,False,1,0.4593995213508606,0.0,0.2505539059638977,0.0,0.2088456153869629,0.0,13.122498512268066,0.0,13.581898033618927,0.0,0.4593995213508606,0.0,0.2505539059638977,0.0,0.2088456153869629,0.0,13.122498512268066,0.0,13.581898033618927,0.0,0.4593995213508606,0.0,0.2505539059638977,0.0,0.2088456153869629,0.0,12.636406898498535,0.0,57.00312227010727,0.0,1.0,PD,ok,
0.001,0.001,0.1,0.001,0.0001,0.1,100.0,0.0,False,1,0.4590338468551636,0.0,0.2505779564380646,0.0,0.2084559053182602,0.0,13.071673393249512,0.0,13.530707240104675,0.0,0.4590338468551636,0.0,0.2505779564380646,0.0,0.2084559053182602,0.0,13.071673393249512,0.0,13.530707240104675,0.0,0.4590338468551636,0.0,0.2505779564380646,0.0,0.2084559053182602,0.0,12.645406723022461,0.0,107.65220448095351,0.0,1.0,PD,ok,
0.001,0.0001,0.1,0.001,0.0001,0.1,100.0,0.0,False,1,0.4589979946613312,0.0,0.25058040022850037,0.0,0.2084175944328308,0.0,13.06692886352539,0.0,13.525926858186722,0.0,0.4589979946613312,0.0,0.25058040022850037,0.0,0.2084175944328308,0.0,13.06692886352539,0.0,13.525926858186722,0.0,0.4589979946613312,0.0,0.25058040022850037,0.0,0.2084175944328308,0.0,12.646306991577148,0.0,109.09407127508894,0.0,1.0,PD,ok,
0.001,0.01,0.01,0.001,0.1,0.1,100.0,0.0,False,1,0.2580746114253998,0.0,0.2577231526374817,0.0,0.00035146501613780856,0.0,1.2323989868164062,0.0,1.490473598241806,0.0,0.2580746114253998,0.0,0.2577231526374817,0.0,0.00035146501613780856,0.0,1.2323989868164062,0.0,1.490473598241806,0.0,0.2580746114253998,0.0,0.2577231526374817,0.0,0.00035146501613780856,0.0,1.2323989868164062,0.0,107.35428113350645,0.0,1.0,PD,ok,
0.001,0.0001,0.01,0.1,0.1,0.1,100.0,0.0,False,1,0.25878041982650757,0.0,0.2584289610385895,0.0,0.00035146501613780856,0.0,1.7175830602645874,0.0,1.976363480091095,0.0,0.25878041982650757,0.0,0.2584289610385895,0.0,0.00035146501613780856,0.0,1.7175830602645874,0.0,1.976363480091095,0.0,0.25878041982650757,0.0,0.2584289610385895,0.0,0.00035146501613780856,0.0,1.7175830602645874,0.0,112.18133203219622,0.0,1.0,PD,ok,
0.001,0.001,0.01,0.1,0.1,0.1,100.0,0.0,False,1,0.25983926653862,0.0,0.2594878077507019,0.0,0.00035146501613780856,0.0,1.673475742340088,0.0,1.9333150088787079,0.0,0.25983926653862,0.0,0.2594878077507019,0.0,0.00035146501613780856,0.0,1.673475742340088,0.0,1.9333150088787079,0.0,0.25983926653862,0.0,0.2594878077507019,0.0,0.00035146501613780856,0.0,1.673475742340088,0.0,110.13858541473746,0.0,1.0,PD,ok,
0.001,0.01,0.01,0.01,0.1,0.1,100.0,0.0,False,1,0.26019224524497986,0.0,0.25984078645706177,0.0,0.00035146501613780856,0.0,1.2323989868164062,0.0,1.492591232061386,0.0,0.26019224524497986,0.0,0.25984078645706177,0.0,0.00035146501613780856,0.0,1.2323989868164062,0.0,1.492591232061386,0.0,0.26019224524497986,0.0,0.25984078645706177,0.0,0.00035146501613780856,0.0,1.2323989868164062,0.0,102.28609143057838,0.0,1.0,PD,ok,
0.001,0.0001,0.001,0.001,0.0001,0.001,100.0,0.0,False,1,0.5546839833259583,0.0,0.26295769214630127,0.0,0.291726291179657,0.0,2.1512670516967773,0.0,2.7059510350227356,0.0,0.5546839833259583,0.0,0.26295769214630127,0.0,0.291726291179657,0.0,2.1512670516967773,0.0,2.7059510350227356,0.0,0.5546839833259583,0.0,0.26295769214630127,0.0,0.291726291179657,0.0,2.1512670516967773,0.0,141.3249754407443,0.0,1.0,PD,ok,
0.001,0.001,0.001,0.001,0.0001,0.001,100.0,0.0,False,1,0.554689884185791,0.0,0.2629603147506714,0.0,0.29172953963279724,0.0,2.1506521701812744,0.0,2.7053420543670654,0.0,0.554689884185791,0.0,0.2629603147506714,0.0,0.29172953963279724,0.0,2.1506521701812744,0.0,2.7053420543670654,0.0,0.554689884185791,0.0,0.2629603147506714,0.0,0.29172953963279724,0.0,2.1506521701812744,0.0,108.55421722633764,0.0,1.0,PD,ok,
0.001,0.0001,0.001,0.01,0.0001,0.001,100.0,0.0,False,1,0.5546769499778748,0.0,0.2629661560058594,0.0,0.2917107939720154,0.0,2.1527044773101807,0.0,2.7073814272880554,0.0,0.5546769499778748,0.0,0.2629661560058594,0.0,0.2917107939720154,0.0,2.1527044773101807,0.0,2.7073814272880554,0.0,0.5546769499778748,0.0,0.2629661560058594,0.0,0.2917107939720154,0.0,2.1527044773101807,0.0,141.0165032162331,0.0,1.0,PD,ok,
0.001,0.001,0.001,0.01,0.0001,0.001,100.0,0.0,False,1,0.5546827912330627,0.0,0.2629687488079071,0.0,0.29171404242515564,0.0,2.1520886421203613,0.0,2.706771433353424,0.0,0.5546827912330627,0.0,0.2629687488079071,0.0,0.29171404242515564,0.0,2.1520886421203613,0.0,2.706771433353424,0.0,0.5546827912330627,0.0,0.2629687488079071,0.0,0.29171404242515564,0.0,2.1520886421203613,0.0,108.88302031718194,0.0,1.0,PD,ok,
0.001,0.01,0.001,0.001,0.0001,0.001,100.0,0.0,False,1,0.5547485947608948,0.0,0.26298582553863525,0.0,0.2917627692222595,0.0,2.1444900035858154,0.0,2.69923859834671,0.0,0.5547485947608948,0.0,0.26298582553863525,0.0,0.2917627692222595,0.0,2.1444900035858154,0.0,2.69923859834671,0.0,0.5547485947608948,0.0,0.26298582553863525,0.0,0.2917627692222595,0.0,2.1444900035858154,0.0,107.36538630537689,0.0,1.0,PD,ok,
0.001,0.01,0.001,0.01,0.0001,0.001,100.0,0.0,False,1,0.5547417402267456,0.0,0.2629943788051605,0.0,0.2917473614215851,0.0,2.1459298133850098,0.0,2.7006715536117554,0.0,0.5547417402267456,0.0,0.2629943788051605,0.0,0.2917473614215851,0.0,2.1459298133850098,0.0,2.7006715536117554,0.0,0.5547417402267456,0.0,0.2629943788051605,0.0,0.2917473614215851,0.0,2.1459298133850098,0.0,109.69405374350026,0.0,1.0,PD,ok,
0.001,0.0001,0.001,0.1,0.0001,0.001,100.0,0.0,False,1,0.5546025037765503,0.0,0.2630510628223419,0.0,0.29155147075653076,0.0,2.167227268218994,0.0,2.7218297719955444,0.0,0.5546025037765503,0.0,0.2630510628223419,0.0,0.29155147075653076,0.0,2.167227268218994,0.0,2.7218297719955444,0.0,0.5546025037765503,0.0,0.2630510628223419,0.0,0.29155147075653076,0.0,2.167227268218994,0.0,116.91284011490643,0.0,1.0,PD,ok,
0.001,0.001,0.001,0.1,0.0001,0.001,100.0,0.0,False,1,0.5546084642410278,0.0,0.26305365562438965,0.0,0.2915548086166382,0.0,2.1666200160980225,0.0,2.7212284803390503,0.0,0.5546084642410278,0.0,0.26305365562438965,0.0,0.2915548086166382,0.0,2.1666200160980225,0.0,2.7212284803390503,0.0,0.5546084642410278,0.0,0.26305365562438965,0.0,0.2915548086166382,0.0,2.1666200160980225,0.0,108.68929137894884,0.0,1.0,PD,ok,
0.001,0.01,0.001,0.1,0.0001,0.001,100.0,0.0,False,1,0.5546669960021973,0.0,0.26307934522628784,0.0,0.2915876507759094,0.0,2.1604928970336914,0.0,2.7151598930358887,0.0,0.5546669960021973,0.0,0.26307934522628784,0.0,0.2915876507759094,0.0,2.1604928970336914,0.0,2.7151598930358887,0.0,0.5546669960021973,0.0,0.26307934522628784,0.0,0.2915876507759094,0.0,2.1604928970336914,0.0,109.73205427313223,0.0,1.0,PD,ok,
0.001,0.0001,0.01,0.001,0.0001,0.001,100.0,0.0,False,1,0.5548141002655029,0.0,0.2630839943885803,0.0,0.2917301058769226,0.0,2.1536521911621094,0.0,2.7084662914276123,0.0,0.5548141002655029,0.0,0.2630839943885803,0.0,0.2917301058769226,0.0,2.1536521911621094,0.0,2.7084662914276123,0.0,0.5548141002655029,0.0,0.2630839943885803,0.0,0.2917301058769226,0.0,2.1536521911621094,0.0,124.72071106918156,0.0,1.0,PD,ok,
0.001,0.001,0.01,0.001,0.0001,0.001,100.0,0.0,False,1,0.5548199415206909,0.0,0.2630865275859833,0.0,0.29173344373703003,0.0,2.153033971786499,0.0,2.70785391330719,0.0,0.5548199415206909,0.0,0.2630865275859833,0.0,0.29173344373703003,0.0,2.153033971786499,0.0,2.70785391330719,0.0,0.5548199415206909,0.0,0.2630865275859833,0.0,0.29173344373703003,0.0,2.153033971786499,0.0,107.46550961118191,0.0,1.0,PD,ok,
0.001,0.0001,0.01,0.01,0.0001,0.001,100.0,0.0,False,1,0.5548067092895508,0.0,0.26309213042259216,0.0,0.291714608669281,0.0,2.155081033706665,0.0,2.709887742996216,0.0,0.5548067092895508,0.0,0.26309213042259216,0.0,0.291714608669281,0.0,2.155081033706665,0.0,2.709887742996216,0.0,0.5548067092895508,0.0,0.26309213042259216,0.0,0.291714608669281,0.0,2.155081033706665,0.0,121.23688210593536,0.0,1.0,PD,ok,
0.001,0.001,0.01,0.01,0.0001,0.001,100.0,0.0,False,1,0.5548125505447388,0.0,0.26309460401535034,0.0,0.2917179465293884,0.0,2.154466152191162,0.0,2.709278702735901,0.0,0.5548125505447388,0.0,0.26309460401535034,0.0,0.2917179465293884,0.0,2.154466152191162,0.0,2.709278702735901,0.0,0.5548125505447388,0.0,0.26309460401535034,0.0,0.2917179465293884,0.0,2.154466152191162,0.0,109.58013099757954,0.0,1.0,PD,ok,
0.001,0.01,0.01,0.001,0.0001,0.001,100.0,0.0,False,1,0.5548788905143738,0.0,0.2631121575832367,0.0,0.2917667329311371,0.0,2.146876811981201,0.0,2.701755702495575,0.0,0.5548788905143738,0.0,0.2631121575832367,0.0,0.2917667329311371,0.0,2.146876811981201,0.0,2.701755702495575,0.0,0.5548788905143738,0.0,0.2631121575832367,0.0,0.2917667329311371,0.0,2.146876811981201,0.0,106.78031988115981,0.0,1.0,PD,ok,
0.001,0.01,0.01,0.01,0.0001,0.001,100.0,0.0,False,1,0.5548714399337769,0.0,0.26312023401260376,0.0,0.2917512357234955,0.0,2.1483099460601807,0.0,2.7031813859939575,0.0,0.5548714399337769,0.0,0.26312023401260376,0.0,0.2917512357234955,0.0,2.1483099460601807,0.0,2.7031813859939575,0.0,0.5548714399337769,0.0,0.26312023401260376,0.0,0.2917512357234955,0.0,2.1483099460601807,0.0,107.23103671567515,0.0,1.0,PD,ok,
0.001,0.001,0.01,0.1,0.01,0.1,100.0,0.0,False,1,0.7395346164703369,0.0,0.26316598057746887,0.0,0.47636866569519043,0.0,1305.8089599609375,0.0,1306.5484945774078,0.0,0.7395346164703369,0.0,0.26316598057746887,0.0,0.47636866569519043,0.0,1305.8089599609375,0.0,1306.5484945774078,0.0,0.7395346164703369,0.0,0.26316598057746887,0.0,0.3714917302131653,0.0,12.645406723022461,0.0,110.00841625314206,0.0,1.0,PD,ok,
0.001,0.0001,0.01,0.1,0.0001,0.001,100.0,0.0,False,1,0.5547275543212891,0.0,0.26317277550697327,0.0,0.2915547490119934,0.0,2.169524908065796,0.0,2.724252462387085,0.0,0.5547275543212891,0.0,0.26317277550697327,0.0,0.2915547490119934,0.0,2.169524908065796,0.0,2.724252462387085,0.0,0.5547275543212891,0.0,0.26317277550697327,0.0,0.2915547490119934,0.0,2.169524908065796,0.0,112.44476635241881,0.0,1.0,PD,ok,
0.001,0.001,0.01,0.1,0.0001,0.001,100.0,0.0,False,1,0.5547332763671875,0.0,0.26317527890205383,0.0,0.29155802726745605,0.0,2.168912887573242,0.0,2.7236461639404297,0.0,0.5547332763671875,0.0,0.26317527890205383,0.0,0.29155802726745605,0.0,2.168912887573242,0.0,2.7236461639404297,0.0,0.5547332763671875,0.0,0.26317527890205383,0.0,0.29155802726745605,0.0,2.168912887573242,0.0,109.98219239292666,0.0,1.0,PD,ok,
0.001,0.01,0.01,0.1,0.0001,0.001,100.0,0.0,False,1,0.5547919273376465,0.0,0.2632009983062744,0.0,0.2915908992290497,0.0,2.1627871990203857,0.0,2.7175791263580322,0.0,0.5547919273376465,0.0,0.2632009983062744,0.0,0.2915908992290497,0.0,2.1627871990203857,0.0,2.7175791263580322,0.0,0.5547919273376465,0.0,0.2632009983062744,0.0,0.2915908992290497,0.0,2.1627871990203857,0.0,100.56061334023252,0.0,1.0,PD,ok,
0.001,0.1,0.001,0.001,0.0001,0.001,100.0,0.0,False,1,0.5553390383720398,0.0,0.26324284076690674,0.0,0.29209619760513306,0.0,2.0831477642059326,0.0,2.6384868025779724,0.0,0.5553390383720398,0.0,0.26324284076690674,0.0,0.29209619760513306,0.0,2.0831477642059326,0.0,2.6384868025779724,0.0,0.5553390383720398,0.0,0.26324284076690674,0.0,0.29209619760513306,0.0,2.0831477642059326,0.0,48.21360407071188,0.0,1.0,PD,ok,
0.001,0.1,0.001,0.01,0.0001,0.001,100.0,0.0,False,1,0.5553315877914429,0.0,0.263251394033432,0.0,0.29208022356033325,0.0,2.0846164226531982,0.0,2.639948010444641,0.0,0.5553315877914429,0.0,0.263251394033432,0.0,0.29208022356033325,0.0,2.0846164226531982,0.0,2.639948010444641,0.0,0.5553315877914429,0.0,0.263251394033432,0.0,0.29208022356033325,0.0,2.0846164226531982,0.0,48.08683150773868,0.0,1.0,PD,ok,
0.001,0.1,0.001,0.1,0.0001,0.001,100.0,0.0,False,1,0.5552545785903931,0.0,0.2633373737335205,0.0,0.29191717505455017,0.0,2.0994627475738525,0.0,2.6547173261642456,0.0,0.5552545785903931,0.0,0.2633373737335205,0.0,0.29191717505455017,0.0,2.0994627475738525,0.0,2.6547173261642456,0.0,0.5552545785903931,0.0,0.2633373737335205,0.0,0.29191717505455017,0.0,2.0994627475738525,0.0,48.19999951450154,0.0,1.0,PD,ok,
0.001,0.1,0.01,0.001,0.0001,0.001,100.0,0.0,False,1,0.5554688572883606,0.0,0.26336920261383057,0.0,0.29209965467453003,0.0,2.0855484008789062,0.0,2.641017258167267,0.0,0.5554688572883606,0.0,0.26336920261383057,0.0,0.29209965467453003,0.0,2.0855484008789062,0.0,2.641017258167267,0.0,0.5554688572883606,0.0,0.26336920261383057,0.0,0.29209965467453003,0.0,2.0855484008789062,0.0,48.00985356466845,0.0,1.0,PD,ok,
0.001,0.1,0.01,0.01,0.0001,0.001,100.0,0.0,False,1,0.555461049079895,0.0,0.26337730884552,0.0,0.2920837700366974,0.0,2.08701229095459,0.0,2.642473340034485,0.0,0.555461049079895,0.0,0.26337730884552,0.0,0.2920837700366974,0.0,2.08701229095459,0.0,2.642473340034485,0.0,0.555461049079895,0.0,0.26337730884552,0.0,0.2920837700366974,0.0,2.08701229095459,0.0,48.35259731346741,0.0,1.0,PD,ok,
0.001,0.1,0.01,0.1,0.0001,0.001,100.0,0.0,False,1,0.5553791522979736,0.0,0.2634589672088623,0.0,0.2919202148914337,0.0,2.101771831512451,0.0,2.657150983810425,0.0,0.5553791522979736,0.0,0.2634589672088623,0.0,0.2919202148914337,0.0,2.101771831512451,0.0,2.657150983810425,0.0,0.5553791522979736,0.0,0.2634589672088623,0.0,0.2919202148914337,0.0,2.101771831512451,0.0,48.16597187053412,0.0,1.0,PD,ok,
0.001,0.0001,0.1,0.001,0.0001,0.001,100.0,0.0,False,1,0.556110143661499,0.0,0.26434123516082764,0.0,0.2917689383029938,0.0,2.177600145339966,0.0,2.733710289001465,0.0,0.556110143661499,0.0,0.26434123516082764,0.0,0.2917689383029938,0.0,2.177600145339966,0.0,2.733710289001465,0.0,0.556110143661499,0.0,0.26434123516082764,0.0,0.2917689383029938,0.0,2.177600145339966,0.0,113.02539402805269,0.0,1.0,PD,ok,
0.001,0.001,0.1,0.001,0.0001,0.001,100.0,0.0,False,1,0.556115984916687,0.0,0.264343798160553,0.0,0.29177218675613403,0.0,2.1769866943359375,0.0,2.7331026792526245,0.0,0.556115984916687,0.0,0.264343798160553,0.0,0.29177218675613403,0.0,2.1769866943359375,0.0,2.7331026792526245,0.0,0.556115984916687,0.0,0.264343798160553,0.0,0.29177218675613403,0.0,2.1769866943359375,0.0,107.79382934560999,0.0,1.0,PD,ok,
0.001,0.0001,0.1,0.01,0.0001,0.001,100.0,0.0,False,1,0.5560979843139648,0.0,0.2643451392650604,0.0,0.2917528450489044,0.0,2.178950548171997,0.0,2.735048532485962,0.0,0.5560979843139648,0.0,0.2643451392650604,0.0,0.2917528450489044,0.0,2.178950548171997,0.0,2.735048532485962,0.0,0.5560979843139648,0.0,0.2643451392650604,0.0,0.2917528450489044,0.0,2.178950548171997,0.0,113.25321198999882,0.0,1.0,PD,ok,
0.001,0.001,0.1,0.01,0.0001,0.001,100.0,0.0,False,1,0.5561037063598633,0.0,0.26434773206710815,0.0,0.2917559742927551,0.0,2.1783363819122314,0.0,2.7344400882720947,0.0,0.5561037063598633,0.0,0.26434773206710815,0.0,0.2917559742927551,0.0,2.1783363819122314,0.0,2.7344400882720947,0.0,0.5561037063598633,0.0,0.26434773206710815,0.0,0.2917559742927551,0.0,2.1783363819122314,0.0,110.09327971143648,0.0,1.0,PD,ok,
0.001,0.01,0.1,0.001,0.0001,0.001,100.0,0.0,False,1,0.5561745166778564,0.0,0.264369398355484,0.0,0.29180511832237244,0.0,2.1708474159240723,0.0,2.7270219326019287,0.0,0.5561745166778564,0.0,0.264369398355484,0.0,0.29180511832237244,0.0,2.1708474159240723,0.0,2.7270219326019287,0.0,0.5561745166778564,0.0,0.264369398355484,0.0,0.29180511832237244,0.0,2.1708474159240723,0.0,56.90714879985899,0.0,1.0,PD,ok,
0.001,0.01,0.1,0.01,0.0001,0.001,100.0,0.0,False,1,0.5561622381210327,0.0,0.2643733322620392,0.0,0.29178887605667114,0.0,2.172199010848999,0.0,2.7283612489700317,0.0,0.5561622381210327,0.0,0.2643733322620392,0.0,0.29178887605667114,0.0,2.172199010848999,0.0,2.7283612489700317,0.0,0.5561622381210327,0.0,0.2643733322620392,0.0,0.29178887605667114,0.0,2.172199010848999,0.0,48.15140929771587,0.0,1.0,PD,ok,
0.001,0.0001,0.1,0.1,0.0001,0.001,100.0,0.0,False,1,0.5559723377227783,0.0,0.26438450813293457,0.0,0.29158779978752136,0.0,2.192586898803711,0.0,2.7485592365264893,0.0,0.5559723377227783,0.0,0.26438450813293457,0.0,0.29158779978752136,0.0,2.192586898803711,0.0,2.7485592365264893,0.0,0.5559723377227783,0.0,0.26438450813293457,0.0,0.29158779978752136,0.0,2.192586898803711,0.0,106.92578922305256,0.0,1.0,PD,ok,
0.001,0.001,0.1,0.1,0.0001,0.001,100.0,0.0,False,1,0.5559782385826111,0.0,0.2643871009349823,0.0,0.2915911376476288,0.0,2.19197678565979,0.0,2.747955024242401,0.0,0.5559782385826111,0.0,0.2643871009349823,0.0,0.2915911376476288,0.0,2.19197678565979,0.0,2.747955024242401,0.0,0.5559782385826111,0.0,0.2643871009349823,0.0,0.2915911376476288,0.0,2.19197678565979,0.0,110.52110824221745,0.0,1.0,PD,ok,
0.001,0.01,0.1,0.1,0.0001,0.001,100.0,0.0,False,1,0.556036651134491,0.0,0.26441270112991333,0.0,0.29162395000457764,0.0,2.1858654022216797,0.0,2.7419020533561707,0.0,0.556036651134491,0.0,0.26441270112991333,0.0,0.29162395000457764,0.0,2.1858654022216797,0.0,2.7419020533561707,0.0,0.556036651134491,0.0,0.26441270112991333,0.0,0.29162395000457764,0.0,2.1858654022216797,0.0,48.09059842675924,0.0,1.0,PD,ok,
0.001,0.1,0.1,0.001,0.0001,0.001,100.0,0.0,False,1,0.5567607879638672,0.0,0.2646263539791107,0.0,0.2921344041824341,0.0,2.109687328338623,0.0,2.6664481163024902,0.0,0.5567607879638672,0.0,0.2646263539791107,0.0,0.2921344041824341,0.0,2.109687328338623,0.0,2.6664481163024902,0.0,0.5567607879638672,0.0,0.2646263539791107,0.0,0.2921344041824341,0.0,2.109687328338623,0.0,48.15777789661661,0.0,1.0,PD,ok,
0.001,0.1,0.1,0.01,0.0001,0.001,100.0,0.0,False,1,0.5567483901977539,0.0,0.26463037729263306,0.0,0.29211804270744324,0.0,2.111071825027466,0.0,2.6678202152252197,0.0,0.5567483901977539,0.0,0.26463037729263306,0.0,0.29211804270744324,0.0,2.111071825027466,0.0,2.6678202152252197,0.0,0.5567483901977539,0.0,0.26463037729263306,0.0,0.29211804270744324,0.0,2.111071825027466,0.0,48.3004121449776,0.0,1.0,PD,ok,
0.001,0.1,0.1,0.1,0.0001,0.001,100.0,0.0,False,1,0.5566232204437256,0.0,0.2646706998348236,0.0,0.2919524908065796,0.0,2.124957799911499,0.0,2.6815810203552246,0.0,0.5566232204437256,0.0,0.2646706998348236,0.0,0.2919524908065796,0.0,2.124957799911499,0.0,2.6815810203552246,0.0,0.5566232204437256,0.0,0.2646706998348236,0.0,0.2919524908065796,0.0,2.124957799911499,0.0,45.92408698890358,0.0,1.0,PD,ok,
0.001,0.0001,0.01,0.1,0.01,0.1,100.0,0.0,False,1,1.0773980617523193,0.0,0.267958402633667,0.0,0.8094395995140076,0.0,891.1422729492188,0.0,892.2196710109711,0.0,1.0773980617523193,0.0,0.267958402633667,0.0,0.8094395995140076,0.0,891.1422729492188,0.0,892.2196710109711,0.0,0.8721052408218384,0.0,0.267958402633667,0.0,0.3714917302131653,0.0,12.646306991577148,0.0,112.24461847171187,0.0,1.0,PD,ok,
0.001,0.001,0.01,0.1,0.1,0.01,100.0,0.0,False,1,0.2683098614215851,0.0,0.267958402633667,0.0,0.00035146501613780856,0.0,1.673477292060852,0.0,1.9417871534824371,0.0,0.2683098614215851,0.0,0.267958402633667,0.0,0.00035146501613780856,0.0,1.673477292060852,0.0,1.9417871534824371,0.0,0.2683098614215851,0.0,0.267958402633667,0.0,0.00035146501613780856,0.0,1.673477292060852,0.0,109.8857744242996,0.0,1.0,PD,ok,
0.001,0.01,0.01,0.1,0.1,0.01,100.0,0.0,False,1,0.2683098614215851,0.0,0.267958402633667,0.0,0.00035146501613780856,0.0,1.2324001789093018,0.0,1.5007100403308868,0.0,0.2683098614215851,0.0,0.267958402633667,0.0,0.00035146501613780856,0.0,1.2324001789093018,0.0,1.5007100403308868,0.0,0.2683098614215851,0.0,0.267958402633667,0.0,0.00035146501613780856,0.0,1.2324001789093018,0.0,98.54786826111376,0.0,1.0,PD,ok,
0.001,0.0001,0.01,0.001,0.01,0.1,100.0,0.0,False,1,0.283753365278244,0.0,0.2802584767341614,0.0,0.003494902281090617,0.0,3.2172038555145264,0.0,3.5009572207927704,0.0,0.283753365278244,0.0,0.2802584767341614,0.0,0.003494902281090617,0.0,3.2172038555145264,0.0,3.5009572207927704,0.0,0.283753365278244,0.0,0.2802584767341614,0.0,0.003494902281090617,0.0,3.2172038555145264,0.0,124.85812914604321,0.0,1.0,PD,ok,
0.001,0.001,0.001,0.1,0.01,0.1,100.0,0.0,False,1,0.9169192314147949,0.0,0.2866000831127167,0.0,0.6303191781044006,0.0,597.5685424804688,0.0,598.4854617118835,0.0,0.9169192314147949,0.0,0.2866000831127167,0.0,0.6303191781044006,0.0,597.5685424804688,0.0,598.4854617118835,0.0,0.8721052408218384,0.0,0.2866000831127167,0.0,0.3714917302131653,0.0,12.645406723022461,0.0,108.834175768774,0.0,1.0,PD,ok,
0.001,0.01,0.001,0.1,0.01,0.1,100.0,0.0,False,1,0.9169192314147949,0.0,0.2866000831127167,0.0,0.6303191781044006,0.0,597.7871704101562,0.0,598.704089641571,0.0,0.9169192314147949,0.0,0.2866000831127167,0.0,0.6303191781044006,0.0,597.7871704101562,0.0,598.704089641571,0.0,0.8721052408218384,0.0,0.2866000831127167,0.0,0.3714917302131653,0.0,12.636406898498535,0.0,109.84394888486713,0.0,1.0,PD,ok,
0.001,0.1,0.01,0.1,0.01,0.1,100.0,0.0,False,1,0.5686383247375488,0.0,0.2927246391773224,0.0,0.27591371536254883,0.0,612.5790405273438,0.0,613.1476788520813,0.0,0.5686383247375488,0.0,0.2927246391773224,0.0,0.27591371536254883,0.0,612.5790405273438,0.0,613.1476788520813,0.0,0.5686383247375488,0.0,0.2927246391773224,0.0,0.27591371536254883,0.0,12.546406745910645,0.0,48.470546297263354,0.0,1.0,PD,ok,
0.001,0.0001,0.001,0.001,0.0001,0.0001,100.0,0.0,False,1,0.6914405822753906,0.0,0.3166361153125763,0.0,0.3748044967651367,0.0,10.329644203186035,0.0,11.021084785461426,0.0,0.6914405822753906,0.0,0.3166361153125763,0.0,0.3748044967651367,0.0,10.329644203186035,0.0,11.021084785461426,0.0,0.6914405822753906,0.0,0.3166361153125763,0.0,0.3714917302131653,0.0,10.329644203186035,0.0,141.53317340509966,0.0,1.0,PD,ok,
0.001,0.001,0.001,0.001,0.0001,0.0001,100.0,0.0,False,1,0.6914435625076294,0.0,0.31663715839385986,0.0,0.37480637431144714,0.0,10.328948020935059,0.0,11.020391583442688,0.0,0.6914435625076294,0.0,0.31663715839385986,0.0,0.37480637431144714,0.0,10.328948020935059,0.0,11.020391583442688,0.0,0.6914435625076294,0.0,0.31663715839385986,0.0,0.3714917302131653,0.0,10.328948020935059,0.0,106.06593126663938,0.0,1.0,PD,ok,
0.001,0.0001,0.001,0.01,0.0001,0.0001,100.0,0.0,False,1,0.6914496421813965,0.0,0.3166399896144867,0.0,0.3748096227645874,0.0,10.330493927001953,0.0,11.02194356918335,0.0,0.6914496421813965,0.0,0.3166399896144867,0.0,0.3748096227645874,0.0,10.330493927001953,0.0,11.02194356918335,0.0,0.6914496421813965,0.0,0.3166399896144867,0.0,0.3714917302131653,0.0,10.330493927001953,0.0,141.4962944444269,0.0,1.0,PD,ok,
0.001,0.001,0.001,0.01,0.0001,0.0001,100.0,0.0,False,1,0.6914525032043457,0.0,0.31664103269577026,0.0,0.37481147050857544,0.0,10.329793930053711,0.0,11.021246433258057,0.0,0.6914525032043457,0.0,0.31664103269577026,0.0,0.37481147050857544,0.0,10.329793930053711,0.0,11.021246433258057,0.0,0.6914525032043457,0.0,0.31664103269577026,0.0,0.3714917302131653,0.0,10.329793930053711,0.0,106.4255749322474,0.0,1.0,PD,ok,
0.001,0.01,0.001,0.001,0.0001,0.0001,100.0,0.0,False,1,0.6914743185043335,0.0,0.3166481852531433,0.0,0.3748261630535126,0.0,10.321989059448242,0.0,11.013463377952576,0.0,0.6914743185043335,0.0,0.3166481852531433,0.0,0.3748261630535126,0.0,10.321989059448242,0.0,11.013463377952576,0.0,0.6914743185043335,0.0,0.3166481852531433,0.0,0.3714917302131653,0.0,10.321989059448242,0.0,107.61727294651791,0.0,1.0,PD,ok,
0.001,0.0001,0.01,0.001,0.0001,0.0001,100.0,0.0,False,1,0.6914546489715576,0.0,0.31665149331092834,0.0,0.3748031556606293,0.0,10.329767227172852,0.0,11.02122187614441,0.0,0.6914546489715576,0.0,0.31665149331092834,0.0,0.3748031556606293,0.0,10.329767227172852,0.0,11.02122187614441,0.0,0.6914546489715576,0.0,0.31665149331092834,0.0,0.3714917302131653,0.0,10.329767227172852,0.0,125.42896741162986,0.0,1.0,PD,ok,
0.001,0.01,0.001,0.01,0.0001,0.0001,100.0,0.0,False,1,0.691483199596405,0.0,0.3166520893573761,0.0,0.37483111023902893,0.0,10.322827339172363,0.0,11.014310538768768,0.0,0.691483199596405,0.0,0.3166520893573761,0.0,0.37483111023902893,0.0,10.322827339172363,0.0,11.014310538768768,0.0,0.691483199596405,0.0,0.3166520893573761,0.0,0.3714917302131653,0.0,10.322827339172363,0.0,109.87986209103838,0.0,1.0,PD,ok,
0.001,0.001,0.01,0.001,0.0001,0.0001,100.0,0.0,False,1,0.6914576888084412,0.0,0.3166525959968567,0.0,0.3748050928115845,0.0,10.329075813293457,0.0,11.020533502101898,0.0,0.6914576888084412,0.0,0.3166525959968567,0.0,0.3748050928115845,0.0,10.329075813293457,0.0,11.020533502101898,0.0,0.6914576888084412,0.0,0.3166525959968567,0.0,0.3714917302131653,0.0,10.329075813293457,0.0,107.19241311214864,0.0,1.0,PD,ok,
0.001,0.0001,0.01,0.01,0.0001,0.0001,100.0,0.0,False,1,0.6914634704589844,0.0,0.31665536761283875,0.0,0.37480807304382324,0.0,10.330611228942871,0.0,11.022074699401855,0.0,0.6914634704589844,0.0,0.31665536761283875,0.0,0.37480807304382324,0.0,10.330611228942871,0.0,11.022074699401855,0.0,0.6914634704589844,0.0,0.31665536761283875,0.0,0.3714917302131653,0.0,10.330611228942871,0.0,125.30507538141683,0.0,1.0,PD,ok,
0.001,0.001,0.01,0.01,0.0001,0.0001,100.0,0.0,False,1,0.6914665699005127,0.0,0.3166564404964447,0.0,0.3748100996017456,0.0,10.32992172241211,0.0,11.021388292312622,0.0,0.6914665699005127,0.0,0.3166564404964447,0.0,0.3748100996017456,0.0,10.32992172241211,0.0,11.021388292312622,0.0,0.6914665699005127,0.0,0.3166564404964447,0.0,0.3714917302131653,0.0,10.32992172241211,0.0,109.86124077811837,0.0,1.0,PD,ok,
0.001,0.01,0.01,0.001,0.0001,0.0001,100.0,0.0,False,1,0.6914886236190796,0.0,0.31666362285614014,0.0,0.37482503056526184,0.0,10.322115898132324,0.0,11.013604521751404,0.0,0.6914886236190796,0.0,0.31666362285614014,0.0,0.37482503056526184,0.0,10.322115898132324,0.0,11.013604521751404,0.0,0.6914886236190796,0.0,0.31666362285614014,0.0,0.3714917302131653,0.0,10.322115898132324,0.0,106.97420079959556,0.0,1.0,PD,ok,
0.001,0.01,0.01,0.01,0.0001,0.0001,100.0,0.0,False,1,0.6914973855018616,0.0,0.31666749715805054,0.0,0.37482988834381104,0.0,10.322952270507812,0.0,11.014449656009674,0.0,0.6914973855018616,0.0,0.31666749715805054,0.0,0.37482988834381104,0.0,10.322952270507812,0.0,11.014449656009674,0.0,0.6914973855018616,0.0,0.31666749715805054,0.0,0.3714917302131653,0.0,10.322952270507812,0.0,107.73392643639818,0.0,1.0,PD,ok,
0.001,0.0001,0.001,0.1,0.0001,0.0001,100.0,0.0,False,1,0.6915385127067566,0.0,0.31667882204055786,0.0,0.37485969066619873,0.0,10.338930130004883,0.0,11.03046864271164,0.0,0.6915385127067566,0.0,0.31667882204055786,0.0,0.37485969066619873,0.0,10.338930130004883,0.0,11.03046864271164,0.0,0.6915385127067566,0.0,0.31667882204055786,0.0,0.3714917302131653,0.0,10.338930130004883,0.0,117.99742780206725,0.0,1.0,PD,ok,
0.001,0.001,0.001,0.1,0.0001,0.0001,100.0,0.0,False,1,0.6915416717529297,0.0,0.316679984331131,0.0,0.3748616874217987,0.0,10.338238716125488,0.0,11.029780387878418,0.0,0.6915416717529297,0.0,0.316679984331131,0.0,0.3748616874217987,0.0,10.338238716125488,0.0,11.029780387878418,0.0,0.6915416717529297,0.0,0.316679984331131,0.0,0.3714917302131653,0.0,10.338238716125488,0.0,108.65551158459857,0.0,1.0,PD,ok,
0.001,0.01,0.001,0.1,0.0001,0.0001,100.0,0.0,False,1,0.6915726065635681,0.0,0.31669101119041443,0.0,0.3748815953731537,0.0,10.331277847290039,0.0,11.022850453853607,0.0,0.6915726065635681,0.0,0.31669101119041443,0.0,0.3748815953731537,0.0,10.331277847290039,0.0,11.022850453853607,0.0,0.6915726065635681,0.0,0.31669101119041443,0.0,0.3714917302131653,0.0,10.331277847290039,0.0,109.41044403193519,0.0,1.0,PD,ok,
0.001,0.0001,0.01,0.1,0.0001,0.0001,100.0,0.0,False,1,0.6915522813796997,0.0,0.31669381260871887,0.0,0.37485846877098083,0.0,10.339056015014648,0.0,11.030608296394348,0.0,0.6915522813796997,0.0,0.31669381260871887,0.0,0.37485846877098083,0.0,10.339056015014648,0.0,11.030608296394348,0.0,0.6915522813796997,0.0,0.31669381260871887,0.0,0.3714917302131653,0.0,10.339056015014648,0.0,112.16513130068779,0.0,1.0,PD,ok,
0.001,0.001,0.01,0.1,0.0001,0.0001,100.0,0.0,False,1,0.6915552020072937,0.0,0.31669485569000244,0.0,0.37486034631729126,0.0,10.338353157043457,0.0,11.02990835905075,0.0,0.6915552020072937,0.0,0.31669485569000244,0.0,0.37486034631729126,0.0,10.338353157043457,0.0,11.02990835905075,0.0,0.6915552020072937,0.0,0.31669485569000244,0.0,0.3714917302131653,0.0,10.338353157043457,0.0,109.67419484909624,0.0,1.0,PD,ok,
0.001,0.01,0.01,0.1,0.0001,0.0001,100.0,0.0,False,1,0.6915861964225769,0.0,0.31670594215393066,0.0,0.37488025426864624,0.0,10.331395149230957,0.0,11.022981345653534,0.0,0.6915861964225769,0.0,0.31670594215393066,0.0,0.37488025426864624,0.0,10.331395149230957,0.0,11.022981345653534,0.0,0.6915861964225769,0.0,0.31670594215393066,0.0,0.3714917302131653,0.0,10.331395149230957,0.0,101.11194791411981,0.0,1.0,PD,ok,
0.001,0.1,0.001,0.001,0.0001,0.0001,100.0,0.0,False,1,0.6917831897735596,0.0,0.3167586922645569,0.0,0.3750245273113251,0.0,10.252424240112305,0.0,10.944207429885864,0.0,0.6917831897735596,0.0,0.3167586922645569,0.0,0.3750245273113251,0.0,10.252424240112305,0.0,10.944207429885864,0.0,0.6917831897735596,0.0,0.3167586922645569,0.0,0.3714917302131653,0.0,10.252424240112305,0.0,48.2074903040193,0.0,1.0,PD,ok,
0.001,0.1,0.001,0.01,0.0001,0.0001,100.0,0.0,False,1,0.6917921304702759,0.0,0.3167624771595001,0.0,0.37502965331077576,0.0,10.253276824951172,0.0,10.945068955421448,0.0,0.6917921304702759,0.0,0.3167624771595001,0.0,0.37502965331077576,0.0,10.253276824951172,0.0,10.945068955421448,0.0,0.6917921304702759,0.0,0.3167624771595001,0.0,0.3714917302131653,0.0,10.253276824951172,0.0,48.08509631315246,0.0,1.0,PD,ok,
0.001,0.1,0.01,0.001,0.0001,0.0001,100.0,0.0,False,1,0.6917970776557922,0.0,0.316773921251297,0.0,0.37502315640449524,0.0,10.25255298614502,0.0,10.944350063800812,0.0,0.6917970776557922,0.0,0.316773921251297,0.0,0.37502315640449524,0.0,10.25255298614502,0.0,10.944350063800812,0.0,0.6917970776557922,0.0,0.316773921251297,0.0,0.3714917302131653,0.0,10.25255298614502,0.0,48.20193789014593,0.0,1.0,PD,ok,
0.001,0.1,0.01,0.01,0.0001,0.0001,100.0,0.0,False,1,0.6918060779571533,0.0,0.31677788496017456,0.0,0.37502822279930115,0.0,10.253395080566406,0.0,10.94520115852356,0.0,0.6918060779571533,0.0,0.31677788496017456,0.0,0.37502822279930115,0.0,10.253395080566406,0.0,10.94520115852356,0.0,0.6918060779571533,0.0,0.31677788496017456,0.0,0.3714917302131653,0.0,10.253395080566406,0.0,48.43028931552544,0.0,1.0,PD,ok,
0.001,0.1,0.001,0.1,0.0001,0.0001,100.0,0.0,False,1,0.6918814778327942,0.0,0.316801518201828,0.0,0.3750799596309662,0.0,10.261738777160645,0.0,10.953620254993439,0.0,0.6918814778327942,0.0,0.316801518201828,0.0,0.3750799596309662,0.0,10.261738777160645,0.0,10.953620254993439,0.0,0.6918814778327942,0.0,0.316801518201828,0.0,0.3714917302131653,0.0,10.261738777160645,0.0,48.17439996544272,0.0,1.0,PD,ok,
0.001,0.0001,0.1,0.001,0.0001,0.0001,100.0,0.0,False,1,0.6915948390960693,0.0,0.31680548191070557,0.0,0.37478935718536377,0.0,10.33101749420166,0.0,11.02261233329773,0.0,0.6915948390960693,0.0,0.31680548191070557,0.0,0.37478935718536377,0.0,10.33101749420166,0.0,11.02261233329773,0.0,0.6915948390960693,0.0,0.31680548191070557,0.0,0.3714917302131653,0.0,10.33101749420166,0.0,113.48936648480594,0.0,1.0,PD,ok,
0.001,0.001,0.1,0.001,0.0001,0.0001,100.0,0.0,False,1,0.6915978193283081,0.0,0.3168065547943115,0.0,0.3747912645339966,0.0,10.330320358276367,0.0,11.021918177604675,0.0,0.6915978193283081,0.0,0.3168065547943115,0.0,0.3747912645339966,0.0,10.330320358276367,0.0,11.021918177604675,0.0,0.6915978193283081,0.0,0.3168065547943115,0.0,0.3714917302131653,0.0,10.330320358276367,0.0,107.87333107832819,0.0,1.0,PD,ok,
0.001,0.0001,0.1,0.01,0.0001,0.0001,100.0,0.0,False,1,0.6916033029556274,0.0,0.31680887937545776,0.0,0.37479445338249207,0.0,10.331856727600098,0.0,11.023460030555725,0.0,0.6916033029556274,0.0,0.31680887937545776,0.0,0.37479445338249207,0.0,10.331856727600098,0.0,11.023460030555725,0.0,0.6916033029556274,0.0,0.31680887937545776,0.0,0.3714917302131653,0.0,10.331856727600098,0.0,109.35079236701131,0.0,1.0,PD,ok,
0.001,0.001,0.1,0.01,0.0001,0.0001,100.0,0.0,False,1,0.6916064620018005,0.0,0.3168100118637085,0.0,0.37479645013809204,0.0,10.331155776977539,0.0,11.02276223897934,0.0,0.6916064620018005,0.0,0.3168100118637085,0.0,0.37479645013809204,0.0,10.331155776977539,0.0,11.02276223897934,0.0,0.6916064620018005,0.0,0.3168100118637085,0.0,0.3714917302131653,0.0,10.331155776977539,0.0,110.21903708390892,0.0,1.0,PD,ok,
0.001,0.1,0.01,0.1,0.0001,0.0001,100.0,0.0,False,1,0.6918949484825134,0.0,0.3168163299560547,0.0,0.37507861852645874,0.0,10.261853218078613,0.0,10.953748166561127,0.0,0.6918949484825134,0.0,0.3168163299560547,0.0,0.37507861852645874,0.0,10.261853218078613,0.0,10.953748166561127,0.0,0.6918949484825134,0.0,0.3168163299560547,0.0,0.3714917302131653,0.0,10.261853218078613,0.0,48.23997101094574,0.0,1.0,PD,ok,
0.001,0.01,0.1,0.001,0.0001,0.0001,100.0,0.0,False,1,0.6916286945343018,0.0,0.3168175220489502,0.0,0.37481117248535156,0.0,10.323363304138184,0.0,11.014991998672485,0.0,0.6916286945343018,0.0,0.3168175220489502,0.0,0.37481117248535156,0.0,10.323363304138184,0.0,11.014991998672485,0.0,0.6916286945343018,0.0,0.3168175220489502,0.0,0.3714917302131653,0.0,10.323363304138184,0.0,58.80515414848924,0.0,1.0,PD,ok,
0.001,0.01,0.1,0.01,0.0001,0.0001,100.0,0.0,False,1,0.6916372179985046,0.0,0.31682100892066956,0.0,0.3748162090778351,0.0,10.324197769165039,0.0,11.015834987163544,0.0,0.6916372179985046,0.0,0.31682100892066956,0.0,0.3748162090778351,0.0,10.324197769165039,0.0,11.015834987163544,0.0,0.6916372179985046,0.0,0.31682100892066956,0.0,0.3714917302131653,0.0,10.324197769165039,0.0,48.41369745414704,0.0,1.0,PD,ok,
0.001,0.0001,0.1,0.1,0.0001,0.0001,100.0,0.0,False,1,0.6916879415512085,0.0,0.3168430030345917,0.0,0.3748449385166168,0.0,10.340231895446777,0.0,11.031919836997986,0.0,0.6916879415512085,0.0,0.3168430030345917,0.0,0.3748449385166168,0.0,10.340231895446777,0.0,11.031919836997986,0.0,0.6916879415512085,0.0,0.3168430030345917,0.0,0.3714917302131653,0.0,10.340231895446777,0.0,107.28126362431794,0.0,1.0,PD,ok,
0.001,0.001,0.1,0.1,0.0001,0.0001,100.0,0.0,False,1,0.6916911602020264,0.0,0.31684425473213196,0.0,0.3748469054698944,0.0,10.339537620544434,0.0,11.03122878074646,0.0,0.6916911602020264,0.0,0.31684425473213196,0.0,0.3748469054698944,0.0,10.339537620544434,0.0,11.03122878074646,0.0,0.6916911602020264,0.0,0.31684425473213196,0.0,0.3714917302131653,0.0,10.339537620544434,0.0,110.04967423854396,0.0,1.0,PD,ok,
0.001,0.01,0.1,0.1,0.0001,0.0001,100.0,0.0,False,1,0.6917219161987305,0.0,0.31685519218444824,0.0,0.3748667240142822,0.0,10.332576751708984,0.0,11.024298667907715,0.0,0.6917219161987305,0.0,0.31685519218444824,0.0,0.3748667240142822,0.0,10.332576751708984,0.0,11.024298667907715,0.0,0.6917219161987305,0.0,0.31685519218444824,0.0,0.3714917302131653,0.0,10.332576751708984,0.0,48.29192679747939,0.0,1.0,PD,ok,
0.001,0.1,0.1,0.001,0.0001,0.0001,100.0,0.0,False,1,0.6919369697570801,0.0,0.31692779064178467,0.0,0.3750091791152954,0.0,10.253779411315918,0.0,10.945716381072998,0.0,0.6919369697570801,0.0,0.31692779064178467,0.0,0.3750091791152954,0.0,10.253779411315918,0.0,10.945716381072998,0.0,0.6919369697570801,0.0,0.31692779064178467,0.0,0.3714917302131653,0.0,10.253779411315918,0.0,47.95305306464434,0.0,1.0,PD,ok,
0.001,0.1,0.1,0.01,0.0001,0.0001,100.0,0.0,False,1,0.6919454336166382,0.0,0.31693121790885925,0.0,0.37501418590545654,0.0,10.25461196899414,0.0,10.946557402610779,0.0,0.6919454336166382,0.0,0.31693121790885925,0.0,0.37501418590545654,0.0,10.25461196899414,0.0,10.946557402610779,0.0,0.6919454336166382,0.0,0.31693121790885925,0.0,0.3714917302131653,0.0,10.25461196899414,0.0,48.37326755281538,0.0,1.0,PD,ok,
0.001,0.1,0.1,0.1,0.0001,0.0001,100.0,0.0,False,1,0.6920305490493774,0.0,0.31696557998657227,0.0,0.3750649690628052,0.0,10.263019561767578,0.0,10.955050110816956,0.0,0.6920305490493774,0.0,0.31696557998657227,0.0,0.3750649690628052,0.0,10.263019561767578,0.0,10.955050110816956,0.0,0.6920305490493774,0.0,0.31696557998657227,0.0,0.3714917302131653,0.0,10.263019561767578,0.0,45.82537123374641,0.0,1.0,PD,ok,
0.001,0.0001,0.01,0.01,0.01,0.1,100.0,0.0,False,1,0.5469968318939209,0.0,0.4991248846054077,0.0,0.047871947288513184,0.0,27.905887603759766,0.0,28.452884435653687,0.0,0.5469968318939209,0.0,0.4991248846054077,0.0,0.047871947288513184,0.0,27.905887603759766,0.0,28.452884435653687,0.0,0.5469968318939209,0.0,0.4991248846054077,0.0,0.047871947288513184,0.0,12.646306991577148,0.0,115.4035774115473,0.0,1.0,PD,ok,
